Exportador,Pais_Destino,Tipo_Flor,Volumen_Kg,Precio_FOB_USD,Valor_FOB,Fecha_Despacho,Tiempo_Transito_Dias
Exportador_01,Ucrania,Rosas,1603.4,7.34,11768.96,2023-01-01,7
Exportador_01,Rusia,Rosas,696.2,6.83,4755.05,2023-01-01,7
Exportador_02,Estados Unidos,Rosas,601.0,7.01,4213.01,2023-01-01,2
Exportador_05,Alemania,Rosas,2068.1,7.59,15696.88,2023-01-01,3
Exportador_12,Estados Unidos,Rosas,913.0,6.93,6327.09,2023-01-01,3
Exportador_02,Rusia,Rosas,1459.3,8.16,11907.89,2023-01-02,5
Exportador_02,Italia,Rosas,564.8,7.5,4236.0,2023-01-02,6
Exportador_05,Alemania,Crisantemos,680.6,3.19,2171.11,2023-01-02,5
Exportador_06,México,Rosas,450.7,6.15,2771.81,2023-01-02,2
Exportador_11,Canadá,Rosas,665.2,6.83,4543.32,2023-01-02,3
Exportador_01,México,Rosas,828.9,5.6,4641.84,2023-01-03,4
Exportador_02,Estados Unidos,Rosas,1351.6,6.7,9055.72,2023-01-03,1
Exportador_04,Estados Unidos,Rosas,725.5,6.07,4403.78,2023-01-03,1
Exportador_10,Estados Unidos,Rosas,616.2,6.55,4036.11,2023-01-03,1
Exportador_01,Estados Unidos,Flores de verano,157.4,3.8,598.12,2023-01-04,3
Exportador_04,Estados Unidos,Rosas,1055.0,6.33,6678.15,2023-01-04,1
Exportador_05,Rusia,Rosas,572.1,7.16,4096.24,2023-01-04,6
Exportador_06,Estados Unidos,Rosas,287.7,6.46,1858.54,2023-01-04,3
Exportador_01,Estados Unidos,Hortensias,305.3,6.01,1834.85,2023-01-05,1
Exportador_02,Estados Unidos,Rosas,1086.2,6.34,6886.51,2023-01-05,1
Exportador_03,Estados Unidos,Rosas,474.0,6.6,3128.4,2023-01-05,1
Exportador_04,Países Bajos,Rosas,512.2,6.5,3329.3,2023-01-05,4
Exportador_05,Estados Unidos,Rosas,698.0,6.33,4418.34,2023-01-05,3
Exportador_11,Estados Unidos,Rosas,1169.6,6.87,8035.15,2023-01-05,2
Exportador_11,Estados Unidos,Gypsophila,609.2,4.26,2595.19,2023-01-05,1
Exportador_12,Rusia,Rosas,1563.8,6.98,10915.32,2023-01-05,6
Exportador_14,Rusia,Rosas,1032.3,8.12,8382.28,2023-01-05,4
Exportador_15,Chile,Gypsophila,871.7,4.3,3748.31,2023-01-05,3
Exportador_02,Estados Unidos,Rosas,1988.5,7.01,13939.39,2023-01-06,1
Exportador_06,Estados Unidos,Rosas,663.5,7.03,4664.4,2023-01-06,2
Exportador_01,Estados Unidos,Rosas,1261.8,6.49,8189.08,2023-01-07,3
Exportador_01,Estados Unidos,Rosas,476.7,6.36,3031.81,2023-01-07,3
Exportador_02,Estados Unidos,Rosas,2365.5,6.22,14713.41,2023-01-07,3
Exportador_07,Estados Unidos,Rosas,527.1,6.91,3642.26,2023-01-07,2
Exportador_14,Canadá,Rosas,1080.4,6.16,6655.26,2023-01-07,2
Exportador_14,México,Rosas,1443.5,6.29,9079.61,2023-01-07,2
Exportador_14,Rusia,Rosas,697.3,8.0,5578.4,2023-01-07,4
Exportador_01,Chile,Rosas,1459.4,6.6,9632.04,2023-01-08,4
Exportador_02,Estados Unidos,Rosas,880.1,6.93,6099.09,2023-01-08,3
Exportador_05,Rusia,Rosas,831.6,7.62,6336.79,2023-01-08,7
Exportador_09,Kazajistán,Gypsophila,408.2,5.33,2175.71,2023-01-08,9
Exportador_14,Rusia,Claveles,333.6,4.08,1361.09,2023-01-08,7
Exportador_05,Estados Unidos,Rosas,759.8,6.26,4756.35,2023-01-09,2
Exportador_06,Estados Unidos,Hortensias,155.3,6.32,981.5,2023-01-09,1
Exportador_07,Estados Unidos,Crisantemos,635.0,3.07,1949.45,2023-01-09,3
Exportador_09,Estados Unidos,Rosas,756.7,6.57,4971.52,2023-01-09,3
Exportador_01,Estados Unidos,Rosas,918.2,6.86,6298.85,2023-01-10,3
Exportador_07,Países Bajos,Flores de verano,234.2,4.48,1049.22,2023-01-10,3
Exportador_08,Estados Unidos,Rosas,1393.4,6.77,9433.32,2023-01-11,2
Exportador_08,Rusia,Rosas,887.2,7.19,6378.97,2023-01-11,6
Exportador_11,Estados Unidos,Rosas,329.0,6.45,2122.05,2023-01-11,3
Exportador_13,Estados Unidos,Rosas,780.3,6.05,4720.81,2023-01-11,1
Exportador_01,Estados Unidos,Rosas,519.2,6.08,3156.74,2023-01-12,1
Exportador_01,Kazajistán,Gypsophila,266.7,5.3,1413.51,2023-01-12,7
Exportador_01,Rusia,Rosas,620.8,7.85,4873.28,2023-01-12,4
Exportador_01,Chile,Rosas,1431.9,6.19,8863.46,2023-01-12,2
Exportador_05,Alemania,Rosas,1486.2,6.94,10314.23,2023-01-12,6
Exportador_07,Estados Unidos,Rosas,893.3,6.85,6119.1,2023-01-12,2
Exportador_10,Canadá,Rosas,425.8,6.58,2801.76,2023-01-12,2
Exportador_13,Japón,Rosas,1410.0,7.59,10701.9,2023-01-12,6
Exportador_01,Italia,Rosas,562.6,7.09,3988.83,2023-01-13,3
Exportador_02,Canadá,Rosas,513.5,6.91,3548.28,2023-01-13,4
Exportador_03,Chile,Rosas,586.8,6.31,3702.71,2023-01-13,4
Exportador_09,Japón,Hortensias,1082.9,7.26,7861.85,2023-01-13,5
Exportador_10,Chile,Rosas,1673.7,6.54,10946.0,2023-01-13,2
Exportador_13,Estados Unidos,Rosas,717.0,5.92,4244.64,2023-01-13,1
Exportador_01,Estados Unidos,Rosas,833.9,6.94,5787.27,2023-01-14,1
Exportador_01,Canadá,Rosas,1561.8,6.64,10370.35,2023-01-14,3
Exportador_02,Estados Unidos,Rosas,443.5,7.03,3117.81,2023-01-14,3
Exportador_05,Estados Unidos,Rosas,733.5,7.1,5207.85,2023-01-14,3
Exportador_07,Países Bajos,Rosas,613.7,6.74,4136.34,2023-01-14,4
Exportador_01,Estados Unidos,Hortensias,831.2,6.07,5045.38,2023-01-15,3
Exportador_01,Estados Unidos,Rosas,2278.2,5.89,13418.6,2023-01-15,2
Exportador_01,Estados Unidos,Rosas,731.7,6.55,4792.64,2023-01-15,3
Exportador_12,Italia,Rosas,682.9,7.37,5032.97,2023-01-15,5
Exportador_13,Chile,Rosas,1528.2,5.91,9031.66,2023-01-15,4
Exportador_01,Rusia,Crisantemos,606.9,3.8,2306.22,2023-01-16,6
Exportador_01,Rusia,Rosas,768.2,7.97,6122.55,2023-01-16,4
Exportador_02,Estados Unidos,Rosas,1679.3,6.44,10814.69,2023-01-16,3
Exportador_02,Canadá,Rosas,367.8,7.08,2604.02,2023-01-16,3
Exportador_03,Estados Unidos,Rosas,1096.6,6.24,6842.78,2023-01-16,1
Exportador_03,Rusia,Rosas,1769.5,7.96,14085.22,2023-01-16,7
Exportador_04,Países Bajos,Gypsophila,318.3,4.82,1534.21,2023-01-16,5
Exportador_05,Estados Unidos,Gypsophila,1001.8,4.42,4427.96,2023-01-16,2
Exportador_06,Alemania,Rosas,699.6,7.47,5226.01,2023-01-16,6
Exportador_01,Chile,Gypsophila,661.4,4.28,2830.79,2023-01-17,3
Exportador_02,Chile,Rosas,916.1,6.37,5835.56,2023-01-17,4
Exportador_03,Ucrania,Rosas,958.6,7.7,7381.22,2023-01-17,4
Exportador_03,Italia,Rosas,416.6,6.25,2603.75,2023-01-17,4
Exportador_03,Estados Unidos,Rosas,562.6,7.08,3983.21,2023-01-17,1
Exportador_05,Estados Unidos,Rosas,601.8,7.13,4290.83,2023-01-17,3
Exportador_05,Estados Unidos,Rosas,873.4,6.09,5319.01,2023-01-17,1
Exportador_05,Estados Unidos,Rosas,703.3,6.48,4557.38,2023-01-17,2
Exportador_06,España,Gypsophila,505.0,4.77,2408.85,2023-01-17,4
Exportador_06,España,Rosas,671.3,6.65,4464.14,2023-01-17,5
Exportador_11,Estados Unidos,Rosas,607.3,6.05,3674.16,2023-01-17,3
Exportador_01,Países Bajos,Rosas,1804.1,6.71,12105.51,2023-01-18,6
Exportador_02,Estados Unidos,Rosas,682.0,7.09,4835.38,2023-01-18,1
Exportador_03,Canadá,Rosas,3962.7,7.04,27897.41,2023-01-18,4
Exportador_06,Rusia,Rosas,512.1,7.63,3907.32,2023-01-18,5
Exportador_07,Japón,Rosas,1099.2,8.89,9771.89,2023-01-18,5
Exportador_09,Estados Unidos,Claveles,234.6,3.47,814.06,2023-01-18,3
Exportador_13,Estados Unidos,Rosas,1640.4,7.13,11696.05,2023-01-18,2
Exportador_15,Países Bajos,Hortensias,149.8,6.25,936.25,2023-01-18,3
Exportador_01,Estados Unidos,Rosas,553.1,6.57,3633.87,2023-01-19,1
Exportador_02,Rusia,Crisantemos,614.7,3.94,2421.92,2023-01-19,6
Exportador_03,Japón,Rosas,662.1,8.47,5607.99,2023-01-19,5
Exportador_01,Rusia,Rosas,718.7,8.01,5756.79,2023-01-20,5
Exportador_01,Estados Unidos,Flores de verano,267.5,4.48,1198.4,2023-01-20,2
Exportador_03,Estados Unidos,Rosas,726.0,6.07,4406.82,2023-01-20,1
Exportador_03,Alemania,Gypsophila,344.3,4.53,1559.68,2023-01-20,3
Exportador_03,Japón,Rosas,735.8,8.56,6298.45,2023-01-20,7
Exportador_10,Alemania,Rosas,2410.5,6.45,15547.73,2023-01-20,5
Exportador_01,Países Bajos,Rosas,1156.6,6.86,7934.28,2023-01-21,5
Exportador_01,Canadá,Rosas,391.6,6.16,2412.26,2023-01-21,2
Exportador_07,Estados Unidos,Rosas,416.1,6.97,2900.22,2023-01-21,1
Exportador_01,México,Rosas,1566.6,5.89,9227.27,2023-01-22,2
Exportador_01,Países Bajos,Rosas,1295.1,6.61,8560.61,2023-01-22,3
Exportador_02,Kazajistán,Gypsophila,404.2,5.65,2283.73,2023-01-22,5
Exportador_02,Italia,Crisantemos,214.3,3.63,777.91,2023-01-22,3
Exportador_03,Ucrania,Hortensias,419.2,6.23,2611.62,2023-01-22,6
Exportador_03,Estados Unidos,Rosas,865.1,6.35,5493.39,2023-01-22,1
Exportador_08,Rusia,Rosas,1194.2,7.47,8920.67,2023-01-22,6
Exportador_09,Japón,Rosas,417.8,7.34,3066.65,2023-01-22,5
Exportador_11,Estados Unidos,Rosas,1263.7,6.78,8567.89,2023-01-22,2
Exportador_01,Rusia,Gypsophila,310.9,5.5,1709.95,2023-01-23,7
Exportador_02,Países Bajos,Rosas,1007.6,6.67,6720.69,2023-01-23,4
Exportador_03,Japón,Rosas,430.8,7.46,3213.77,2023-01-23,7
Exportador_04,Países Bajos,Flores de verano,761.8,4.62,3519.52,2023-01-23,5
Exportador_11,Italia,Rosas,529.1,7.21,3814.81,2023-01-23,4
Exportador_01,Ucrania,Rosas,2291.7,7.72,17691.92,2023-01-24,6
Exportador_01,Italia,Rosas,922.1,6.72,6196.51,2023-01-24,6
Exportador_02,Italia,Rosas,1147.9,6.17,7082.54,2023-01-24,4
Exportador_12,Estados Unidos,Rosas,734.0,6.9,5064.6,2023-01-24,3
Exportador_01,Rusia,Rosas,1327.0,9.58,12712.66,2023-01-25,4
Exportador_01,Italia,Gypsophila,257.9,5.76,1485.5,2023-01-25,5
Exportador_01,Ucrania,Rosas,2716.7,9.59,26053.15,2023-01-25,7
Exportador_02,Estados Unidos,Rosas,956.2,8.47,8099.01,2023-01-25,1
Exportador_02,Estados Unidos,Rosas,2937.3,8.04,23615.89,2023-01-25,2
Exportador_02,Ucrania,Crisantemos,765.6,4.79,3667.22,2023-01-25,4
Exportador_02,Países Bajos,Rosas,417.8,9.05,3781.09,2023-01-25,3
Exportador_02,Estados Unidos,Rosas,1292.5,7.39,9551.57,2023-01-25,1
Exportador_02,Estados Unidos,Rosas,695.6,8.0,5564.8,2023-01-25,2
Exportador_02,Estados Unidos,Rosas,833.5,7.94,6617.99,2023-01-25,2
Exportador_03,Rusia,Rosas,941.4,8.46,7964.24,2023-01-25,5
Exportador_04,España,Gypsophila,748.8,5.4,4043.52,2023-01-25,6
Exportador_04,Rusia,Rosas,2511.8,9.33,23435.09,2023-01-25,6
Exportador_05,Rusia,Rosas,1809.7,10.03,18151.29,2023-01-25,7
Exportador_07,Japón,Rosas,869.0,9.2,7994.8,2023-01-25,6
Exportador_08,Alemania,Claveles,344.7,4.57,1575.28,2023-01-25,4
Exportador_10,Alemania,Rosas,1074.6,8.19,8800.97,2023-01-25,3
Exportador_12,Canadá,Rosas,607.3,7.82,4749.09,2023-01-25,3
Exportador_13,Japón,Rosas,722.0,10.96,7913.12,2023-01-25,7
Exportador_13,Chile,Rosas,360.8,7.63,2752.9,2023-01-25,4
Exportador_14,Estados Unidos,Gypsophila,558.1,5.27,2941.19,2023-01-25,3
Exportador_01,Estados Unidos,Rosas,1547.6,8.57,13262.93,2023-01-26,2
Exportador_01,Estados Unidos,Rosas,1364.8,8.4,11464.32,2023-01-26,1
Exportador_01,Estados Unidos,Rosas,1141.3,8.02,9153.23,2023-01-26,2
Exportador_01,Estados Unidos,Rosas,556.1,7.92,4404.31,2023-01-26,1
Exportador_02,Alemania,Rosas,875.2,9.27,8113.1,2023-01-26,5
Exportador_03,Ucrania,Rosas,786.8,9.78,7694.9,2023-01-26,5
Exportador_03,Japón,Claveles,564.5,6.09,3437.8,2023-01-26,8
Exportador_04,Alemania,Rosas,822.9,8.82,7257.98,2023-01-26,5
Exportador_05,Rusia,Rosas,836.4,9.15,7653.06,2023-01-26,7
Exportador_05,Rusia,Crisantemos,505.7,4.33,2189.68,2023-01-26,4
Exportador_05,España,Rosas,859.3,8.21,7054.85,2023-01-26,6
Exportador_05,México,Hortensias,191.0,7.76,1482.16,2023-01-26,2
Exportador_06,Estados Unidos,Rosas,1076.4,7.81,8406.68,2023-01-26,3
Exportador_07,Rusia,Rosas,762.3,10.23,7798.33,2023-01-26,4
Exportador_07,Rusia,Rosas,543.0,9.69,5261.67,2023-01-26,4
Exportador_07,Alemania,Rosas,1133.0,9.02,10219.66,2023-01-26,4
Exportador_07,Chile,Rosas,1783.9,7.39,13183.02,2023-01-26,4
Exportador_09,Estados Unidos,Rosas,504.8,8.86,4472.53,2023-01-26,3
Exportador_01,Kazajistán,Rosas,1058.4,9.3,9843.12,2023-01-27,5
Exportador_01,Kazajistán,Gypsophila,433.5,6.47,2804.74,2023-01-27,5
Exportador_01,Estados Unidos,Rosas,561.8,8.62,4842.72,2023-01-27,2
Exportador_01,Estados Unidos,Gypsophila,369.7,5.84,2159.05,2023-01-27,3
Exportador_01,Kazajistán,Crisantemos,142.1,5.02,713.34,2023-01-27,9
Exportador_01,Estados Unidos,Rosas,1855.1,7.88,14618.19,2023-01-27,3
Exportador_01,Canadá,Rosas,1779.4,8.72,15516.37,2023-01-27,2
Exportador_01,Chile,Gypsophila,554.4,4.92,2727.65,2023-01-27,2
Exportador_02,Países Bajos,Rosas,474.1,8.72,4134.15,2023-01-27,6
Exportador_02,Chile,Rosas,687.8,7.48,5144.74,2023-01-27,4
Exportador_03,Alemania,Rosas,767.7,8.82,6771.11,2023-01-27,4
Exportador_03,Estados Unidos,Rosas,780.9,8.58,6700.12,2023-01-27,1
Exportador_04,Alemania,Rosas,887.3,9.13,8101.05,2023-01-27,5
Exportador_04,Estados Unidos,Rosas,644.6,8.51,5485.55,2023-01-27,1
Exportador_04,México,Rosas,2378.5,8.38,19931.83,2023-01-27,4
Exportador_04,Rusia,Claveles,832.6,5.26,4379.48,2023-01-27,7
Exportador_06,Kazajistán,Rosas,1464.8,9.36,13710.53,2023-01-27,8
Exportador_06,Rusia,Rosas,1711.0,9.34,15980.74,2023-01-27,6
Exportador_08,Estados Unidos,Rosas,528.9,7.56,3998.48,2023-01-27,1
Exportador_09,Canadá,Flores de verano,483.8,5.35,2588.33,2023-01-27,3
Exportador_11,Canadá,Rosas,476.0,7.9,3760.4,2023-01-27,3
Exportador_11,Países Bajos,Gypsophila,287.0,5.94,1704.78,2023-01-27,3
Exportador_11,Estados Unidos,Claveles,2823.2,4.19,11829.21,2023-01-27,1
Exportador_12,Chile,Rosas,1660.0,7.15,11869.0,2023-01-27,2
Exportador_15,Rusia,Rosas,1826.3,9.7,17715.11,2023-01-27,7
Exportador_01,Estados Unidos,Gypsophila,1379.9,5.19,7161.68,2023-01-28,1
Exportador_01,España,Rosas,390.9,8.77,3428.19,2023-01-28,4
Exportador_01,Italia,Rosas,416.9,8.63,3597.85,2023-01-28,4
Exportador_01,Canadá,Rosas,2394.1,8.7,20828.67,2023-01-28,2
Exportador_01,Estados Unidos,Rosas,2030.0,8.87,18006.1,2023-01-28,1
Exportador_01,Japón,Hortensias,388.5,8.56,3325.56,2023-01-28,7
Exportador_02,Países Bajos,Rosas,1114.9,8.43,9398.61,2023-01-28,6
Exportador_02,Italia,Rosas,688.0,8.09,5565.92,2023-01-28,3
Exportador_02,Italia,Rosas,1172.0,7.79,9129.88,2023-01-28,3
Exportador_02,Estados Unidos,Gypsophila,360.4,5.83,2101.13,2023-01-28,1
Exportador_02,Rusia,Rosas,1926.4,9.98,19225.47,2023-01-28,7
Exportador_02,Países Bajos,Rosas,382.3,7.85,3001.05,2023-01-28,3
Exportador_03,Estados Unidos,Rosas,1817.6,8.28,15049.73,2023-01-28,1
Exportador_03,Japón,Rosas,1170.0,11.15,13045.5,2023-01-28,5
Exportador_04,Italia,Rosas,1399.1,8.07,11290.74,2023-01-28,4
Exportador_04,Alemania,Gypsophila,1181.9,5.76,6807.74,2023-01-28,5
Exportador_04,Rusia,Gypsophila,2408.7,6.33,15247.07,2023-01-28,7
Exportador_05,Países Bajos,Gypsophila,427.3,5.67,2422.79,2023-01-28,4
Exportador_06,Estados Unidos,Rosas,685.5,7.95,5449.73,2023-01-28,1
Exportador_07,Ucrania,Gypsophila,1124.2,5.66,6362.97,2023-01-28,5
Exportador_07,Canadá,Rosas,2030.1,9.06,18392.71,2023-01-28,3
Exportador_08,México,Rosas,1400.4,7.76,10867.1,2023-01-28,4
Exportador_11,Rusia,Rosas,548.1,9.54,5228.87,2023-01-28,5
Exportador_12,Ucrania,Rosas,2841.6,9.56,27165.7,2023-01-28,8
Exportador_12,Japón,Rosas,1493.3,9.73,14529.81,2023-01-28,7
Exportador_13,Países Bajos,Rosas,1490.9,8.9,13269.01,2023-01-28,4
Exportador_13,Estados Unidos,Rosas,1179.7,8.14,9602.76,2023-01-28,1
Exportador_14,Japón,Rosas,874.7,9.4,8222.18,2023-01-28,7
Exportador_01,Chile,Flores de verano,572.9,5.19,2973.35,2023-01-29,2
Exportador_01,España,Claveles,780.4,4.7,3667.88,2023-01-29,6
Exportador_04,Alemania,Gypsophila,1081.7,6.32,6836.34,2023-01-29,6
Exportador_05,España,Rosas,1196.3,8.61,10300.14,2023-01-29,4
Exportador_05,México,Rosas,1412.5,7.24,10226.5,2023-01-29,2
Exportador_07,Kazajistán,Flores de verano,360.0,5.96,2145.6,2023-01-29,8
Exportador_07,Alemania,Rosas,997.4,9.45,9425.43,2023-01-29,5
Exportador_08,Rusia,Rosas,2946.6,8.76,25812.22,2023-01-29,4
Exportador_08,Rusia,Rosas,340.0,10.13,3444.2,2023-01-29,6
Exportador_12,Rusia,Rosas,925.1,10.2,9436.02,2023-01-29,5
Exportador_14,Japón,Crisantemos,392.1,5.27,2066.37,2023-01-29,5
Exportador_15,Ucrania,Rosas,1061.6,9.74,10339.98,2023-01-29,6
Exportador_01,Rusia,Rosas,2583.7,8.65,22349.01,2023-01-30,7
Exportador_01,España,Flores de verano,377.4,5.73,2162.5,2023-01-30,5
Exportador_01,Estados Unidos,Rosas,852.5,8.55,7288.88,2023-01-30,2
Exportador_01,Estados Unidos,Rosas,1251.3,7.48,9359.72,2023-01-30,1
Exportador_02,Rusia,Rosas,382.5,8.84,3381.3,2023-01-30,6
Exportador_02,Estados Unidos,Crisantemos,684.8,3.72,2547.46,2023-01-30,3
Exportador_03,Japón,Rosas,1600.6,10.32,16518.19,2023-01-30,7
Exportador_04,México,Rosas,1134.2,7.32,8302.34,2023-01-30,2
Exportador_04,Países Bajos,Rosas,877.8,7.79,6838.06,2023-01-30,4
Exportador_05,Italia,Rosas,1307.0,8.97,11723.79,2023-01-30,4
Exportador_05,Chile,Rosas,913.9,7.12,6506.97,2023-01-30,2
Exportador_05,Canadá,Rosas,915.9,9.0,8243.1,2023-01-30,2
Exportador_10,Rusia,Claveles,365.3,5.25,1917.83,2023-01-30,7
Exportador_12,Ucrania,Rosas,546.5,9.29,5076.98,2023-01-30,7
Exportador_13,Italia,Hortensias,451.3,7.5,3384.75,2023-01-30,3
Exportador_14,Italia,Rosas,823.8,9.28,7644.86,2023-01-30,4
Exportador_15,Estados Unidos,Rosas,1406.6,7.47,10507.3,2023-01-30,2
Exportador_01,Rusia,Rosas,1671.0,10.06,16810.26,2023-01-31,5
Exportador_01,Estados Unidos,Rosas,1458.6,8.27,12062.62,2023-01-31,2
Exportador_01,México,Hortensias,214.6,7.33,1573.02,2023-01-31,4
Exportador_01,España,Claveles,325.2,4.97,1616.24,2023-01-31,3
Exportador_01,Italia,Rosas,779.9,7.77,6059.82,2023-01-31,6
Exportador_01,Alemania,Rosas,604.8,8.19,4953.31,2023-01-31,6
Exportador_02,Kazajistán,Rosas,1590.0,10.05,15979.5,2023-01-31,5
Exportador_03,Rusia,Gypsophila,726.0,6.07,4406.82,2023-01-31,4
Exportador_06,Canadá,Hortensias,185.1,7.26,1343.83,2023-01-31,2
Exportador_06,Rusia,Rosas,1116.1,9.27,10346.25,2023-01-31,7
Exportador_10,Estados Unidos,Rosas,1518.0,8.69,13191.42,2023-01-31,2
Exportador_12,Italia,Rosas,1271.7,9.03,11483.45,2023-01-31,4
Exportador_12,Japón,Rosas,3780.1,10.0,37801.0,2023-01-31,7
Exportador_14,Estados Unidos,Rosas,410.1,8.87,3637.59,2023-01-31,3
Exportador_15,Canadá,Rosas,818.1,8.05,6585.71,2023-01-31,2
Exportador_15,Estados Unidos,Rosas,582.4,8.36,4868.86,2023-01-31,2
Exportador_01,Países Bajos,Rosas,356.5,8.95,3190.67,2023-02-01,6
Exportador_01,España,Hortensias,465.5,7.91,3682.11,2023-02-01,5
Exportador_01,España,Claveles,998.9,4.46,4455.09,2023-02-01,5
Exportador_01,Países Bajos,Rosas,2003.2,8.25,16526.4,2023-02-01,5
Exportador_01,Chile,Rosas,627.9,7.59,4765.76,2023-02-01,3
Exportador_01,Estados Unidos,Gypsophila,677.3,6.06,4104.44,2023-02-01,2
Exportador_01,Alemania,Claveles,434.7,4.9,2130.03,2023-02-01,6
Exportador_01,Chile,Rosas,1675.0,7.97,13349.75,2023-02-01,2
Exportador_01,España,Rosas,655.3,7.71,5052.36,2023-02-01,5
Exportador_02,Chile,Crisantemos,964.8,3.74,3608.35,2023-02-01,2
Exportador_02,México,Rosas,317.2,8.08,2562.98,2023-02-01,2
Exportador_02,Estados Unidos,Gypsophila,633.3,5.21,3299.49,2023-02-01,3
Exportador_04,Japón,Flores de verano,642.3,6.34,4072.18,2023-02-01,8
Exportador_04,México,Rosas,892.3,7.46,6656.56,2023-02-01,4
Exportador_05,Estados Unidos,Rosas,1873.4,8.42,15774.03,2023-02-01,3
Exportador_06,Rusia,Rosas,1247.7,10.12,12626.72,2023-02-01,4
Exportador_06,Estados Unidos,Flores de verano,331.5,5.17,1713.86,2023-02-01,2
Exportador_08,Alemania,Rosas,904.8,8.89,8043.67,2023-02-01,5
Exportador_10,Estados Unidos,Claveles,424.5,4.12,1748.94,2023-02-01,3
Exportador_11,Estados Unidos,Rosas,731.8,7.52,5503.14,2023-02-01,3
Exportador_11,Estados Unidos,Claveles,1185.4,4.53,5369.86,2023-02-01,2
Exportador_01,Rusia,Rosas,365.9,9.13,3340.67,2023-02-02,5
Exportador_01,Estados Unidos,Rosas,1263.2,7.68,9701.38,2023-02-02,2
Exportador_02,Japón,Rosas,807.2,9.74,7862.13,2023-02-02,6
Exportador_02,México,Rosas,735.7,7.67,5642.82,2023-02-02,3
Exportador_03,Italia,Flores de verano,841.1,5.53,4651.28,2023-02-02,3
Exportador_04,Ucrania,Crisantemos,145.0,4.26,617.7,2023-02-02,4
Exportador_04,Estados Unidos,Rosas,249.8,8.02,2003.4,2023-02-02,3
Exportador_04,Estados Unidos,Rosas,889.4,8.11,7213.03,2023-02-02,3
Exportador_06,Rusia,Rosas,1160.9,9.4,10912.46,2023-02-02,6
Exportador_06,Estados Unidos,Rosas,1798.9,8.3,14930.87,2023-02-02,3
Exportador_08,Países Bajos,Rosas,671.5,8.77,5889.05,2023-02-02,5
Exportador_12,Países Bajos,Gypsophila,1838.3,5.85,10754.05,2023-02-02,4
Exportador_12,Japón,Flores de verano,399.3,6.21,2479.65,2023-02-02,7
Exportador_15,Estados Unidos,Flores de verano,501.2,5.1,2556.12,2023-02-02,2
Exportador_01,Países Bajos,Rosas,403.8,7.89,3185.98,2023-02-03,6
Exportador_01,Rusia,Hortensias,330.9,8.99,2974.79,2023-02-03,4
Exportador_01,Países Bajos,Rosas,576.4,9.0,5187.6,2023-02-03,6
Exportador_01,Estados Unidos,Rosas,735.3,7.96,5852.99,2023-02-03,2
Exportador_01,Rusia,Rosas,686.3,8.82,6053.17,2023-02-03,6
Exportador_01,Estados Unidos,Rosas,379.0,7.46,2827.34,2023-02-03,1
Exportador_01,Alemania,Rosas,1319.4,8.06,10634.36,2023-02-03,5
Exportador_01,Japón,Rosas,884.4,9.42,8331.05,2023-02-03,6
Exportador_01,Ucrania,Rosas,523.5,9.17,4800.49,2023-02-03,5
Exportador_01,Estados Unidos,Rosas,951.0,7.89,7503.39,2023-02-03,3
Exportador_01,Países Bajos,Rosas,1384.3,8.44,11683.49,2023-02-03,6
Exportador_03,Rusia,Claveles,1397.7,5.13,7170.2,2023-02-03,5
Exportador_03,Estados Unidos,Claveles,782.1,4.73,3699.33,2023-02-03,2
Exportador_03,Rusia,Rosas,906.8,10.13,9185.88,2023-02-03,5
Exportador_03,Países Bajos,Rosas,603.1,9.0,5427.9,2023-02-03,5
Exportador_03,Estados Unidos,Rosas,980.8,8.03,7875.82,2023-02-03,2
Exportador_04,Chile,Rosas,2286.7,7.83,17904.86,2023-02-03,2
Exportador_05,Kazajistán,Hortensias,457.6,8.35,3820.96,2023-02-03,8
Exportador_05,Estados Unidos,Rosas,929.2,7.5,6969.0,2023-02-03,2
Exportador_06,Canadá,Gypsophila,948.3,5.72,5424.28,2023-02-03,3
Exportador_07,México,Gypsophila,629.6,4.96,3122.82,2023-02-03,4
Exportador_12,Canadá,Rosas,2097.1,8.08,16944.57,2023-02-03,4
Exportador_13,Alemania,Rosas,549.5,8.59,4720.2,2023-02-03,6
Exportador_15,Ucrania,Rosas,1133.0,8.35,9460.55,2023-02-03,8
Exportador_01,Estados Unidos,Claveles,2948.4,4.86,14329.22,2023-02-04,1
Exportador_01,Estados Unidos,Rosas,4758.9,8.12,38642.27,2023-02-04,2
Exportador_02,Alemania,Rosas,869.6,8.71,7574.22,2023-02-04,3
Exportador_02,Estados Unidos,Rosas,1091.2,8.27,9024.22,2023-02-04,1
Exportador_02,Ucrania,Rosas,1000.2,9.56,9561.91,2023-02-04,4
Exportador_05,Rusia,Rosas,1483.4,10.13,15026.84,2023-02-04,5
Exportador_05,Alemania,Flores de verano,493.7,6.03,2977.01,2023-02-04,4
Exportador_06,Estados Unidos,Rosas,1237.3,8.64,10690.27,2023-02-04,3
Exportador_08,Estados Unidos,Rosas,641.5,8.92,5722.18,2023-02-04,1
Exportador_09,México,Gypsophila,857.1,5.42,4645.48,2023-02-04,2
Exportador_09,Estados Unidos,Rosas,601.8,8.59,5169.46,2023-02-04,3
Exportador_09,Estados Unidos,Crisantemos,534.0,3.63,1938.42,2023-02-04,3
Exportador_10,Países Bajos,Gypsophila,558.5,6.1,3406.85,2023-02-04,3
Exportador_11,Estados Unidos,Gypsophila,586.5,5.55,3255.07,2023-02-04,2
Exportador_13,Estados Unidos,Rosas,397.1,8.62,3423.0,2023-02-04,1
Exportador_01,Rusia,Rosas,1024.9,8.88,9101.11,2023-02-05,5
Exportador_01,Canadá,Gypsophila,703.8,5.5,3870.9,2023-02-05,3
Exportador_01,Kazajistán,Rosas,1971.2,9.7,19120.64,2023-02-05,6
Exportador_01,Ucrania,Rosas,1684.7,9.1,15330.77,2023-02-05,4
Exportador_02,Estados Unidos,Rosas,864.2,7.52,6498.78,2023-02-05,1
Exportador_02,Rusia,Gypsophila,742.6,6.12,4544.71,2023-02-05,7
Exportador_02,Japón,Rosas,855.7,10.99,9404.14,2023-02-05,5
Exportador_06,España,Rosas,2945.4,8.58,25271.53,2023-02-05,3
Exportador_09,Alemania,Gypsophila,519.2,5.93,3078.86,2023-02-05,4
Exportador_11,Italia,Crisantemos,561.6,4.08,2291.33,2023-02-05,6
Exportador_13,Italia,Rosas,1299.4,7.87,10226.28,2023-02-05,3
Exportador_14,Estados Unidos,Claveles,741.1,4.9,3631.39,2023-02-05,2
Exportador_14,México,Claveles,430.2,3.9,1677.78,2023-02-05,3
Exportador_01,Rusia,Rosas,750.9,8.71,6540.34,2023-02-06,4
Exportador_01,Japón,Rosas,1441.8,10.24,14764.03,2023-02-06,6
Exportador_01,Estados Unidos,Rosas,1300.3,8.46,11000.54,2023-02-06,2
Exportador_01,Rusia,Rosas,669.6,9.79,6555.38,2023-02-06,7
Exportador_01,Chile,Rosas,856.7,8.3,7110.61,2023-02-06,2
Exportador_03,Estados Unidos,Hortensias,372.1,8.21,3054.94,2023-02-06,2
Exportador_03,Estados Unidos,Rosas,289.5,8.92,2582.34,2023-02-06,2
Exportador_04,Países Bajos,Rosas,1718.4,8.22,14125.25,2023-02-06,5
Exportador_04,Japón,Rosas,890.2,10.55,9391.61,2023-02-06,6
Exportador_04,Japón,Claveles,846.4,6.15,5205.36,2023-02-06,5
Exportador_05,Estados Unidos,Rosas,916.8,7.31,6701.81,2023-02-06,1
Exportador_05,Estados Unidos,Rosas,601.9,8.18,4923.54,2023-02-06,2
Exportador_05,Estados Unidos,Rosas,1097.4,8.75,9602.25,2023-02-06,1
Exportador_05,Kazajistán,Rosas,1600.1,8.84,14144.88,2023-02-06,7
Exportador_06,Rusia,Rosas,1257.7,10.0,12577.0,2023-02-06,5
Exportador_07,Estados Unidos,Rosas,714.0,8.09,5776.26,2023-02-06,3
Exportador_07,Estados Unidos,Rosas,708.6,7.79,5519.99,2023-02-06,2
Exportador_09,Países Bajos,Rosas,1997.1,8.79,17554.51,2023-02-06,4
Exportador_11,Estados Unidos,Rosas,709.5,7.78,5519.91,2023-02-06,2
Exportador_11,Rusia,Rosas,1766.7,8.91,15741.3,2023-02-06,7
Exportador_13,Chile,Gypsophila,659.1,5.46,3598.69,2023-02-06,2
Exportador_14,Estados Unidos,Rosas,1535.4,8.67,13311.92,2023-02-06,3
Exportador_01,Italia,Rosas,1321.9,7.69,10165.41,2023-02-07,6
Exportador_01,México,Rosas,479.3,7.21,3455.75,2023-02-07,2
Exportador_02,Países Bajos,Flores de verano,501.3,5.78,2897.51,2023-02-07,5
Exportador_02,Rusia,Gypsophila,604.0,6.19,3738.76,2023-02-07,4
Exportador_03,Estados Unidos,Rosas,849.4,7.48,6353.51,2023-02-07,1
Exportador_03,Kazajistán,Rosas,1150.3,10.29,11836.59,2023-02-07,6
Exportador_04,México,Gypsophila,551.4,5.82,3209.15,2023-02-07,2
Exportador_04,Kazajistán,Gypsophila,541.1,7.19,3890.51,2023-02-07,7
Exportador_06,Estados Unidos,Claveles,441.0,4.38,1931.58,2023-02-07,2
Exportador_08,Estados Unidos,Rosas,761.1,7.7,5860.47,2023-02-07,3
Exportador_08,Rusia,Rosas,882.9,9.39,8290.43,2023-02-07,6
Exportador_09,Rusia,Claveles,938.7,4.86,4562.08,2023-02-07,6
Exportador_09,Estados Unidos,Claveles,829.1,4.48,3714.37,2023-02-07,2
Exportador_13,Estados Unidos,Claveles,652.1,4.16,2712.74,2023-02-07,3
Exportador_14,Rusia,Gypsophila,146.5,5.84,855.56,2023-02-07,6
Exportador_01,Estados Unidos,Rosas,2226.3,8.49,18901.29,2023-02-08,3
Exportador_01,Estados Unidos,Rosas,1591.9,8.86,14104.23,2023-02-08,1
Exportador_01,Japón,Rosas,1653.3,11.05,18268.97,2023-02-08,5
Exportador_02,España,Flores de verano,334.6,5.73,1917.26,2023-02-08,5
Exportador_02,Estados Unidos,Rosas,1223.5,8.14,9959.29,2023-02-08,1
Exportador_02,Estados Unidos,Rosas,1054.1,8.07,8506.59,2023-02-08,3
Exportador_02,Rusia,Flores de verano,888.2,6.38,5666.72,2023-02-08,6
Exportador_02,Italia,Gypsophila,1396.0,5.92,8264.32,2023-02-08,3
Exportador_04,Alemania,Rosas,1074.3,8.05,8648.11,2023-02-08,4
Exportador_05,Estados Unidos,Claveles,1069.5,4.3,4598.85,2023-02-08,3
Exportador_05,España,Rosas,997.4,8.36,8338.26,2023-02-08,6
Exportador_06,Kazajistán,Rosas,2645.7,10.51,27806.31,2023-02-08,7
Exportador_06,Estados Unidos,Rosas,488.4,8.75,4273.5,2023-02-08,2
Exportador_06,Rusia,Rosas,2287.9,9.54,21826.57,2023-02-08,5
Exportador_09,Países Bajos,Flores de verano,657.0,4.94,3245.58,2023-02-08,4
Exportador_09,Rusia,Rosas,1697.1,8.43,14306.55,2023-02-08,7
Exportador_10,Estados Unidos,Rosas,1044.7,8.59,8973.97,2023-02-08,2
Exportador_13,Países Bajos,Rosas,972.3,8.63,8390.95,2023-02-08,4
Exportador_01,Alemania,Rosas,2927.1,8.68,25407.23,2023-02-09,6
Exportador_01,Países Bajos,Rosas,1505.3,7.81,11756.39,2023-02-09,4
Exportador_01,Rusia,Rosas,396.1,8.86,3509.45,2023-02-09,7
Exportador_01,Rusia,Rosas,695.0,10.15,7054.25,2023-02-09,7
Exportador_01,Italia,Rosas,819.5,9.29,7613.15,2023-02-09,3
Exportador_01,Estados Unidos,Rosas,1463.8,7.6,11124.88,2023-02-09,2
Exportador_01,Estados Unidos,Rosas,2103.0,8.71,18317.13,2023-02-09,3
Exportador_01,Estados Unidos,Gypsophila,1030.5,5.46,5626.53,2023-02-09,1
Exportador_01,Estados Unidos,Hortensias,132.8,7.55,1002.64,2023-02-09,3
Exportador_02,Alemania,Rosas,1218.4,8.63,10514.79,2023-02-09,5
Exportador_02,Alemania,Rosas,518.6,8.32,4314.75,2023-02-09,4
Exportador_03,Canadá,Rosas,3677.4,9.03,33206.92,2023-02-09,4
Exportador_03,España,Rosas,965.5,8.11,7830.2,2023-02-09,3
Exportador_04,España,Crisantemos,249.5,4.49,1120.26,2023-02-09,4
Exportador_04,Italia,Rosas,980.9,7.73,7582.36,2023-02-09,4
Exportador_05,Rusia,Rosas,366.6,8.59,3149.09,2023-02-09,7
Exportador_05,Estados Unidos,Rosas,388.4,8.15,3165.46,2023-02-09,1
Exportador_06,Rusia,Rosas,1616.8,8.86,14324.85,2023-02-09,4
Exportador_06,España,Rosas,492.5,7.73,3807.03,2023-02-09,4
Exportador_07,Estados Unidos,Rosas,1037.5,7.48,7760.5,2023-02-09,1
Exportador_07,Alemania,Rosas,939.2,9.64,9053.89,2023-02-09,4
Exportador_08,Países Bajos,Rosas,813.1,9.35,7602.48,2023-02-09,6
Exportador_12,Rusia,Rosas,2216.8,9.68,21458.62,2023-02-09,4
Exportador_14,Ucrania,Rosas,907.6,9.68,8785.57,2023-02-09,6
Exportador_01,Kazajistán,Flores de verano,679.5,6.23,4233.28,2023-02-10,5
Exportador_01,Rusia,Rosas,1351.8,9.43,12747.47,2023-02-10,5
Exportador_01,Rusia,Rosas,608.6,9.95,6055.57,2023-02-10,4
Exportador_01,Rusia,Rosas,1013.4,9.27,9394.22,2023-02-10,5
Exportador_01,Estados Unidos,Rosas,789.9,8.88,7014.31,2023-02-10,1
Exportador_02,Estados Unidos,Rosas,492.3,8.08,3977.78,2023-02-10,1
Exportador_05,Países Bajos,Rosas,2039.2,7.71,15722.23,2023-02-10,4
Exportador_06,Japón,Rosas,1524.6,10.88,16587.65,2023-02-10,6
Exportador_08,Rusia,Rosas,1772.4,9.35,16571.94,2023-02-10,4
Exportador_12,Estados Unidos,Rosas,3363.4,7.91,26604.49,2023-02-10,1
Exportador_14,Canadá,Rosas,1819.8,9.03,16432.79,2023-02-10,4
Exportador_01,Rusia,Hortensias,496.1,6.55,3249.45,2023-02-11,5
Exportador_01,Rusia,Rosas,1210.7,7.59,9189.21,2023-02-11,4
Exportador_05,Estados Unidos,Rosas,731.8,6.12,4478.62,2023-02-11,3
Exportador_08,Italia,Rosas,1404.1,6.7,9407.47,2023-02-11,4
Exportador_10,Estados Unidos,Hortensias,310.8,6.48,2013.98,2023-02-11,3
Exportador_11,Japón,Flores de verano,473.3,4.95,2342.84,2023-02-11,8
Exportador_12,Kazajistán,Rosas,603.3,7.45,4494.59,2023-02-11,5
Exportador_01,Estados Unidos,Rosas,1447.8,6.12,8860.54,2023-02-12,3
Exportador_02,Estados Unidos,Crisantemos,601.7,3.01,1811.12,2023-02-12,1
Exportador_03,Países Bajos,Crisantemos,277.3,3.16,876.27,2023-02-12,4
Exportador_03,Países Bajos,Rosas,683.6,6.72,4593.79,2023-02-12,6
Exportador_05,Rusia,Rosas,1142.0,6.77,7731.34,2023-02-12,7
Exportador_06,Chile,Rosas,611.4,6.02,3680.63,2023-02-12,2
Exportador_06,Alemania,Rosas,626.3,7.26,4546.94,2023-02-12,4
Exportador_15,Italia,Crisantemos,394.5,3.59,1416.25,2023-02-12,4
Exportador_08,Estados Unidos,Gypsophila,699.8,4.46,3121.11,2023-02-13,1
Exportador_14,Estados Unidos,Flores de verano,271.7,4.12,1119.4,2023-02-13,2
Exportador_15,Chile,Rosas,274.6,6.05,1661.33,2023-02-13,4
Exportador_01,Ucrania,Rosas,2436.8,7.56,18422.21,2023-02-14,8
Exportador_07,Italia,Rosas,747.0,6.2,4631.4,2023-02-14,6
Exportador_01,Rusia,Rosas,2891.8,7.07,20445.03,2023-02-15,7
Exportador_03,Estados Unidos,Rosas,424.2,7.15,3033.03,2023-02-15,1
Exportador_06,Italia,Claveles,251.4,4.05,1018.17,2023-02-15,6
Exportador_09,Rusia,Rosas,373.8,6.77,2530.63,2023-02-15,7
Exportador_02,Kazajistán,Rosas,540.7,8.37,4525.66,2023-02-16,9
Exportador_04,Canadá,Rosas,1004.8,7.45,7485.76,2023-02-16,3
Exportador_13,Estados Unidos,Rosas,738.8,6.28,4639.66,2023-02-16,2
Exportador_01,Rusia,Rosas,525.5,6.95,3652.22,2023-02-17,7
Exportador_02,México,Rosas,570.7,6.31,3601.12,2023-02-17,3
Exportador_03,Rusia,Rosas,211.0,6.92,1460.12,2023-02-17,7
Exportador_03,Países Bajos,Rosas,690.7,6.78,4682.95,2023-02-17,3
Exportador_06,Rusia,Crisantemos,141.3,3.67,518.57,2023-02-17,7
Exportador_06,Chile,Rosas,791.6,6.68,5287.89,2023-02-17,3
Exportador_08,España,Flores de verano,384.9,4.72,1816.73,2023-02-17,4
Exportador_14,Estados Unidos,Rosas,1146.1,7.13,8171.69,2023-02-17,1
Exportador_14,Países Bajos,Rosas,742.7,7.5,5570.25,2023-02-17,6
Exportador_15,Italia,Rosas,804.4,7.13,5735.37,2023-02-17,6
Exportador_01,Estados Unidos,Rosas,1190.2,6.45,7676.79,2023-02-18,1
Exportador_01,Estados Unidos,Rosas,2565.8,6.91,17729.68,2023-02-18,2
Exportador_01,Países Bajos,Flores de verano,288.4,4.45,1283.38,2023-02-18,5
Exportador_14,Países Bajos,Flores de verano,386.8,4.72,1825.7,2023-02-18,3
Exportador_01,Rusia,Rosas,1701.6,8.12,13816.99,2023-02-19,6
Exportador_09,Estados Unidos,Rosas,992.6,6.19,6144.19,2023-02-19,1
Exportador_01,Estados Unidos,Rosas,699.4,6.21,4343.27,2023-02-20,1
Exportador_01,Japón,Rosas,1366.6,7.95,10864.47,2023-02-20,7
Exportador_01,Estados Unidos,Crisantemos,469.1,3.51,1646.54,2023-02-20,3
Exportador_05,México,Rosas,234.8,6.52,1530.9,2023-02-20,3
Exportador_07,Estados Unidos,Rosas,2066.1,6.91,14276.75,2023-02-20,1
Exportador_08,Estados Unidos,Rosas,1543.6,7.05,10882.38,2023-02-20,2
Exportador_09,Kazajistán,Rosas,1059.7,7.76,8223.27,2023-02-20,8
Exportador_12,Estados Unidos,Rosas,524.5,6.42,3367.29,2023-02-20,2
Exportador_01,Italia,Hortensias,305.6,6.88,2102.53,2023-02-21,3
Exportador_03,España,Rosas,569.2,7.32,4166.54,2023-02-21,4
Exportador_04,Estados Unidos,Gypsophila,632.3,4.38,2769.47,2023-02-21,1
Exportador_04,Países Bajos,Rosas,877.0,6.2,5437.4,2023-02-21,4
Exportador_14,Rusia,Hortensias,307.4,6.43,1976.58,2023-02-21,4
Exportador_01,Chile,Rosas,723.3,6.47,4679.75,2023-02-22,4
Exportador_02,Ucrania,Rosas,863.9,9.62,8310.72,2023-02-22,4
Exportador_02,Italia,Rosas,489.2,7.49,3664.11,2023-02-22,4
Exportador_03,Kazajistán,Rosas,253.1,9.42,2384.2,2023-02-22,5
Exportador_04,Rusia,Rosas,700.8,8.66,6068.93,2023-02-22,7
Exportador_05,Rusia,Rosas,1539.4,8.81,13562.11,2023-02-22,6
Exportador_10,Estados Unidos,Rosas,357.3,6.65,2376.05,2023-02-22,2
Exportador_13,Kazajistán,Rosas,366.8,9.2,3374.56,2023-02-22,9
Exportador_01,Estados Unidos,Rosas,965.0,6.87,6629.55,2023-02-23,2
Exportador_01,Japón,Rosas,467.0,8.63,4030.21,2023-02-23,7
Exportador_01,Rusia,Rosas,3134.6,8.63,27051.6,2023-02-23,4
Exportador_01,Canadá,Rosas,1224.4,7.24,8864.66,2023-02-23,2
Exportador_01,Estados Unidos,Rosas,719.6,7.11,5116.36,2023-02-23,3
Exportador_04,Alemania,Flores de verano,659.7,4.44,2929.07,2023-02-23,3
Exportador_05,Estados Unidos,Rosas,2102.8,6.59,13857.45,2023-02-23,3
Exportador_07,Rusia,Rosas,1106.7,10.16,11244.07,2023-02-23,7
Exportador_07,Kazajistán,Rosas,990.1,9.3,9207.93,2023-02-23,8
Exportador_08,Rusia,Rosas,1097.0,9.68,10618.96,2023-02-23,7
Exportador_09,Ucrania,Rosas,1341.9,8.1,10869.39,2023-02-23,7
Exportador_09,Rusia,Rosas,1303.0,9.3,12117.9,2023-02-23,7
Exportador_10,Estados Unidos,Flores de verano,151.0,4.12,622.12,2023-02-23,2
Exportador_12,Rusia,Rosas,912.7,8.95,8168.66,2023-02-23,5
Exportador_12,Rusia,Claveles,906.8,5.66,5132.49,2023-02-23,6
Exportador_01,Rusia,Claveles,392.1,5.51,2160.47,2023-02-24,7
Exportador_02,Rusia,Rosas,1682.2,8.97,15089.33,2023-02-24,7
Exportador_03,Rusia,Rosas,1267.5,10.27,13017.23,2023-02-24,5
Exportador_03,Rusia,Rosas,870.4,10.07,8764.93,2023-02-24,5
Exportador_10,Estados Unidos,Gypsophila,1385.0,4.61,6384.85,2023-02-24,3
Exportador_13,Estados Unidos,Claveles,675.0,3.6,2430.0,2023-02-24,1
Exportador_01,Rusia,Gypsophila,784.6,7.04,5523.58,2023-02-25,5
Exportador_01,Ucrania,Crisantemos,1563.7,4.52,7067.92,2023-02-25,6
Exportador_01,Estados Unidos,Rosas,278.7,6.81,1897.95,2023-02-25,2
Exportador_01,Estados Unidos,Rosas,797.0,6.51,5188.47,2023-02-25,2
Exportador_01,Kazajistán,Rosas,464.2,9.52,4419.18,2023-02-25,7
Exportador_02,Rusia,Flores de verano,550.9,6.05,3332.94,2023-02-25,6
Exportador_02,Rusia,Rosas,989.8,10.07,9967.29,2023-02-25,4
Exportador_03,Rusia,Gypsophila,906.1,6.01,5445.66,2023-02-25,5
Exportador_06,Estados Unidos,Rosas,1999.6,5.92,11837.63,2023-02-25,3
Exportador_08,Rusia,Rosas,585.0,10.11,5914.35,2023-02-25,7
Exportador_10,Estados Unidos,Rosas,1241.4,6.23,7733.92,2023-02-25,3
Exportador_01,Estados Unidos,Gypsophila,905.7,4.15,3758.66,2023-02-26,2
Exportador_01,Kazajistán,Rosas,1830.3,10.57,19346.27,2023-02-26,6
Exportador_01,Rusia,Rosas,755.5,9.49,7169.69,2023-02-26,4
Exportador_01,Estados Unidos,Flores de verano,385.2,4.14,1594.73,2023-02-26,1
Exportador_04,Rusia,Gypsophila,2774.5,6.34,17590.33,2023-02-26,7
Exportador_09,Estados Unidos,Rosas,1201.2,6.63,7963.96,2023-02-26,3
Exportador_09,México,Rosas,377.2,6.59,2485.75,2023-02-26,4
Exportador_05,Ucrania,Rosas,473.0,8.85,4186.05,2023-02-27,5
Exportador_08,Ucrania,Claveles,516.3,5.18,2674.43,2023-02-27,8
Exportador_09,Estados Unidos,Crisantemos,686.5,3.18,2183.07,2023-02-27,3
Exportador_10,Estados Unidos,Gypsophila,595.3,4.19,2494.31,2023-02-27,3
Exportador_01,Alemania,Rosas,613.3,7.58,4648.81,2023-02-28,5
Exportador_01,Canadá,Gypsophila,929.6,4.58,4257.57,2023-02-28,3
Exportador_01,Rusia,Crisantemos,1547.7,4.61,7134.9,2023-02-28,4
Exportador_03,Alemania,Gypsophila,425.7,4.68,1992.28,2023-02-28,6
Exportador_04,Rusia,Rosas,818.3,9.03,7389.25,2023-02-28,5
Exportador_05,Estados Unidos,Rosas,994.5,6.5,6464.25,2023-02-28,1
Exportador_05,Estados Unidos,Rosas,2154.0,6.88,14819.52,2023-02-28,2
Exportador_06,Chile,Hortensias,322.9,5.42,1750.12,2023-02-28,3
Exportador_11,Rusia,Rosas,733.5,10.13,7430.36,2023-02-28,5
Exportador_12,Rusia,Rosas,990.5,9.3,9211.65,2023-02-28,6
Exportador_15,Estados Unidos,Rosas,3050.4,6.92,21108.77,2023-02-28,2
Exportador_01,Países Bajos,Rosas,518.7,6.68,3464.92,2023-03-01,3
Exportador_01,Rusia,Rosas,2870.5,8.87,25461.33,2023-03-01,5
Exportador_01,Países Bajos,Rosas,2629.0,7.07,18587.03,2023-03-01,3
Exportador_02,México,Rosas,2125.4,6.12,13007.45,2023-03-01,3
Exportador_03,Ucrania,Gypsophila,1431.3,6.46,9246.2,2023-03-01,7
Exportador_03,Estados Unidos,Rosas,670.0,6.0,4020.0,2023-03-01,1
Exportador_04,Rusia,Rosas,1708.3,8.41,14366.8,2023-03-01,5
Exportador_05,Rusia,Rosas,3859.4,9.94,38362.44,2023-03-01,4
Exportador_06,Estados Unidos,Gypsophila,474.0,4.24,2009.76,2023-03-01,3
Exportador_07,Estados Unidos,Gypsophila,646.5,4.07,2631.26,2023-03-01,2
Exportador_08,México,Claveles,549.2,3.2,1757.44,2023-03-01,4
Exportador_14,Italia,Rosas,578.1,7.0,4046.7,2023-03-01,4
Exportador_02,Estados Unidos,Gypsophila,436.9,4.72,2062.17,2023-03-02,3
Exportador_02,Estados Unidos,Rosas,431.6,6.37,2749.29,2023-03-02,1
Exportador_02,Estados Unidos,Rosas,718.4,6.61,4748.62,2023-03-02,1
Exportador_02,Kazajistán,Rosas,824.4,10.53,8680.93,2023-03-02,8
Exportador_03,Ucrania,Rosas,1241.8,8.11,10071.0,2023-03-02,4
Exportador_04,Estados Unidos,Crisantemos,377.1,3.19,1202.95,2023-03-02,2
Exportador_05,Estados Unidos,Claveles,878.3,3.36,2951.09,2023-03-02,2
Exportador_08,Estados Unidos,Claveles,318.6,3.35,1067.31,2023-03-02,3
Exportador_01,Alemania,Rosas,1416.9,6.58,9323.2,2023-03-03,4
Exportador_01,Estados Unidos,Rosas,845.3,7.09,5993.18,2023-03-03,3
Exportador_01,Rusia,Rosas,2580.2,9.32,24047.46,2023-03-03,4
Exportador_01,Kazajistán,Rosas,2142.7,9.61,20591.35,2023-03-03,9
Exportador_01,México,Rosas,688.1,5.73,3942.81,2023-03-03,4
Exportador_01,Estados Unidos,Rosas,1784.0,6.37,11364.08,2023-03-03,3
Exportador_01,Rusia,Rosas,1041.1,8.65,9005.51,2023-03-03,5
Exportador_04,Estados Unidos,Rosas,754.5,6.08,4587.36,2023-03-03,1
Exportador_06,Estados Unidos,Rosas,421.8,6.95,2931.51,2023-03-03,2
Exportador_07,Estados Unidos,Rosas,375.6,6.99,2625.44,2023-03-03,3
Exportador_09,Países Bajos,Crisantemos,1045.1,3.04,3177.1,2023-03-03,4
Exportador_11,Países Bajos,Hortensias,238.9,6.53,1560.02,2023-03-03,3
Exportador_11,Estados Unidos,Claveles,664.5,3.75,2491.88,2023-03-03,2
Exportador_15,Rusia,Hortensias,252.9,8.42,2129.42,2023-03-03,6
Exportador_02,Estados Unidos,Rosas,699.2,5.92,4139.26,2023-03-04,3
Exportador_03,Estados Unidos,Flores de verano,634.1,4.35,2758.34,2023-03-04,1
Exportador_03,Estados Unidos,Crisantemos,524.2,3.0,1572.6,2023-03-04,3
Exportador_04,Ucrania,Rosas,1314.9,8.29,10900.52,2023-03-04,6
Exportador_05,Rusia,Rosas,463.1,9.4,4353.14,2023-03-04,7
Exportador_06,Rusia,Rosas,1453.0,9.91,14399.23,2023-03-04,6
Exportador_09,Estados Unidos,Gypsophila,146.7,4.62,677.75,2023-03-04,1
Exportador_10,Alemania,Rosas,827.3,6.69,5534.64,2023-03-04,3
Exportador_11,Rusia,Rosas,1887.9,9.0,16991.1,2023-03-04,5
Exportador_12,Kazajistán,Gypsophila,752.9,6.83,5142.31,2023-03-04,5
Exportador_14,Kazajistán,Rosas,1396.5,10.17,14202.41,2023-03-04,9
Exportador_01,Rusia,Flores de verano,1904.3,5.92,11273.46,2023-03-05,4
Exportador_01,Estados Unidos,Rosas,563.7,6.31,3556.95,2023-03-05,1
Exportador_01,Rusia,Gypsophila,705.3,6.27,4422.23,2023-03-05,7
Exportador_01,Estados Unidos,Rosas,1103.6,7.02,7747.27,2023-03-05,2
Exportador_02,Estados Unidos,Rosas,1875.2,6.13,11494.98,2023-03-05,3
Exportador_05,Kazajistán,Rosas,3269.0,10.18,33278.42,2023-03-05,7
Exportador_06,Rusia,Rosas,638.7,8.9,5684.43,2023-03-05,6
Exportador_07,Estados Unidos,Rosas,794.6,6.02,4783.49,2023-03-05,3
Exportador_07,Países Bajos,Rosas,639.1,6.61,4224.45,2023-03-05,4
Exportador_10,Estados Unidos,Rosas,1159.9,6.48,7516.15,2023-03-05,2
Exportador_11,Rusia,Gypsophila,337.4,6.09,2054.77,2023-03-05,6
Exportador_15,Estados Unidos,Gypsophila,614.7,4.11,2526.42,2023-03-05,3
Exportador_01,Japón,Rosas,961.0,7.74,7438.14,2023-03-06,8
Exportador_02,Estados Unidos,Rosas,1088.6,6.71,7304.51,2023-03-06,3
Exportador_03,Estados Unidos,Rosas,680.2,6.88,4679.78,2023-03-06,3
Exportador_04,Chile,Rosas,1439.7,5.61,8076.72,2023-03-06,4
Exportador_08,Alemania,Rosas,300.6,6.38,1917.83,2023-03-06,6
Exportador_15,México,Claveles,545.3,3.15,1717.69,2023-03-06,2
Exportador_15,Países Bajos,Rosas,472.0,6.55,3091.6,2023-03-06,5
Exportador_03,Países Bajos,Rosas,824.5,6.31,5202.59,2023-03-07,5
Exportador_04,Rusia,Rosas,933.3,7.93,7401.07,2023-03-07,5
Exportador_05,Estados Unidos,Crisantemos,228.2,3.44,785.01,2023-03-07,2
Exportador_05,México,Rosas,1834.9,5.91,10844.26,2023-03-07,2
Exportador_05,Países Bajos,Gypsophila,341.9,5.1,1743.69,2023-03-07,3
Exportador_07,Estados Unidos,Rosas,236.6,6.66,1575.76,2023-03-07,3
Exportador_13,Kazajistán,Claveles,356.0,4.07,1448.92,2023-03-07,8
Exportador_15,Países Bajos,Rosas,1119.7,7.13,7983.46,2023-03-07,3
Exportador_01,Estados Unidos,Rosas,1387.7,6.88,9547.38,2023-03-08,2
Exportador_02,Estados Unidos,Hortensias,158.9,5.4,858.06,2023-03-08,1
Exportador_04,Estados Unidos,Rosas,812.8,6.43,5226.3,2023-03-08,1
Exportador_01,Estados Unidos,Flores de verano,726.8,4.22,3067.1,2023-03-09,2
Exportador_02,Países Bajos,Rosas,977.4,7.2,7037.28,2023-03-09,4
Exportador_02,Estados Unidos,Rosas,549.4,6.53,3587.58,2023-03-09,1
Exportador_02,Estados Unidos,Rosas,829.0,6.84,5670.36,2023-03-09,3
Exportador_03,Ucrania,Hortensias,292.4,7.19,2102.36,2023-03-09,8
Exportador_04,Estados Unidos,Claveles,706.8,3.96,2798.93,2023-03-09,2
Exportador_05,Países Bajos,Rosas,991.9,6.79,6735.0,2023-03-09,4
Exportador_13,Canadá,Rosas,935.1,6.52,6096.85,2023-03-09,2
Exportador_15,Estados Unidos,Rosas,1897.5,7.0,13282.5,2023-03-09,1
Exportador_03,Estados Unidos,Rosas,265.1,6.12,1622.41,2023-03-10,1
Exportador_07,Estados Unidos,Rosas,737.0,6.09,4488.33,2023-03-10,1
Exportador_12,Estados Unidos,Crisantemos,324.8,3.21,1042.61,2023-03-10,1
Exportador_12,Estados Unidos,Rosas,870.6,6.94,6041.96,2023-03-10,3
Exportador_13,Canadá,Claveles,333.7,3.55,1184.63,2023-03-10,3
Exportador_14,Estados Unidos,Rosas,633.6,6.0,3801.6,2023-03-10,3
Exportador_02,Estados Unidos,Rosas,1407.5,6.75,9500.62,2023-03-11,3
Exportador_02,Canadá,Crisantemos,309.3,3.34,1033.06,2023-03-11,3
Exportador_05,Italia,Gypsophila,703.6,5.12,3602.43,2023-03-11,5
Exportador_08,Estados Unidos,Rosas,301.8,6.94,2094.49,2023-03-11,2
Exportador_09,Canadá,Hortensias,301.0,5.78,1739.78,2023-03-11,2
Exportador_10,Estados Unidos,Rosas,769.9,6.2,4773.38,2023-03-11,3
Exportador_10,México,Rosas,1376.4,5.81,7996.88,2023-03-11,2
Exportador_13,España,Gypsophila,507.0,4.36,2210.52,2023-03-11,4
Exportador_01,México,Rosas,1380.1,6.72,9274.27,2023-03-12,3
Exportador_02,Italia,Hortensias,347.1,6.2,2152.02,2023-03-12,3
Exportador_03,Países Bajos,Gypsophila,586.6,4.91,2880.21,2023-03-12,5
Exportador_05,Estados Unidos,Gypsophila,936.8,4.75,4449.8,2023-03-12,2
Exportador_07,Estados Unidos,Rosas,910.2,6.69,6089.24,2023-03-12,1
Exportador_08,Rusia,Rosas,1448.2,6.91,10007.06,2023-03-12,5
Exportador_01,Estados Unidos,Rosas,513.1,7.11,3648.14,2023-03-13,1
Exportador_01,Estados Unidos,Rosas,924.9,6.5,6011.85,2023-03-13,1
Exportador_02,España,Rosas,889.5,6.86,6101.97,2023-03-13,4
Exportador_08,España,Rosas,931.3,6.57,6118.64,2023-03-13,5
Exportador_05,Rusia,Rosas,689.7,7.79,5372.76,2023-03-14,5
Exportador_07,Kazajistán,Gypsophila,376.8,5.29,1993.27,2023-03-14,9
Exportador_07,México,Hortensias,298.6,5.54,1654.24,2023-03-14,2
Exportador_10,Estados Unidos,Rosas,765.4,6.32,4837.33,2023-03-14,3
Exportador_12,Estados Unidos,Rosas,1770.2,6.46,11435.49,2023-03-14,1
Exportador_13,Japón,Rosas,671.4,8.64,5800.9,2023-03-14,8
Exportador_04,Estados Unidos,Rosas,1090.3,6.64,7239.59,2023-03-15,3
Exportador_08,Estados Unidos,Rosas,647.2,6.84,4426.85,2023-03-15,3
Exportador_11,Estados Unidos,Rosas,1965.2,5.99,11771.55,2023-03-15,1
Exportador_01,Estados Unidos,Rosas,1246.5,6.74,8401.41,2023-03-16,2
Exportador_01,Estados Unidos,Rosas,901.7,6.37,5743.83,2023-03-16,3
Exportador_05,Rusia,Rosas,604.2,7.52,4543.58,2023-03-16,5
Exportador_07,Países Bajos,Rosas,812.0,6.65,5399.8,2023-03-16,4
Exportador_07,Estados Unidos,Rosas,1611.1,6.79,10939.37,2023-03-16,2
Exportador_09,Países Bajos,Rosas,1441.6,7.22,10408.35,2023-03-16,4
Exportador_11,Estados Unidos,Rosas,667.3,6.31,4210.66,2023-03-16,3
Exportador_01,Estados Unidos,Rosas,1044.5,6.08,6350.56,2023-03-17,1
Exportador_04,Estados Unidos,Flores de verano,595.3,4.01,2387.15,2023-03-17,3
Exportador_10,Kazajistán,Rosas,933.6,7.19,6712.58,2023-03-17,8
Exportador_01,Canadá,Rosas,1680.2,6.92,11626.98,2023-03-18,2
Exportador_03,Canadá,Rosas,1818.6,6.67,12130.06,2023-03-18,4
Exportador_03,Estados Unidos,Rosas,1250.0,7.08,8850.0,2023-03-18,1
Exportador_02,Kazajistán,Rosas,860.7,7.96,6851.17,2023-03-19,9
Exportador_03,Estados Unidos,Rosas,1059.3,6.45,6832.48,2023-03-19,3
Exportador_04,Estados Unidos,Claveles,410.9,3.27,1343.64,2023-03-19,2
Exportador_04,Países Bajos,Rosas,569.4,6.64,3780.82,2023-03-19,4
Exportador_09,Estados Unidos,Rosas,1437.8,6.7,9633.26,2023-03-19,1
Exportador_02,Estados Unidos,Gypsophila,173.6,4.78,829.81,2023-03-20,1
Exportador_03,Alemania,Rosas,753.4,6.43,4844.36,2023-03-20,6
Exportador_03,Rusia,Rosas,748.8,6.83,5114.3,2023-03-21,5
Exportador_03,Japón,Rosas,427.8,7.4,3165.72,2023-03-21,8
Exportador_05,Kazajistán,Rosas,1238.2,7.76,9608.43,2023-03-21,5
Exportador_11,Kazajistán,Rosas,626.4,7.7,4823.28,2023-03-21,6
Exportador_01,Estados Unidos,Rosas,1599.3,5.86,9371.9,2023-03-22,3
Exportador_01,Chile,Hortensias,554.5,6.0,3327.0,2023-03-22,2
Exportador_01,España,Rosas,423.7,6.84,2898.11,2023-03-22,6
Exportador_01,Países Bajos,Rosas,1265.1,6.74,8526.77,2023-03-22,5
Exportador_04,Estados Unidos,Gypsophila,535.4,4.39,2350.41,2023-03-22,3
Exportador_09,Países Bajos,Rosas,634.9,7.38,4685.56,2023-03-22,4
Exportador_14,Estados Unidos,Rosas,681.4,6.65,4531.31,2023-03-22,3
Exportador_03,Estados Unidos,Rosas,901.8,6.12,5519.02,2023-03-23,1
Exportador_01,Kazajistán,Rosas,1360.1,7.37,10023.94,2023-03-24,6
Exportador_02,Estados Unidos,Gypsophila,745.1,4.3,3203.93,2023-03-24,2
Exportador_08,Estados Unidos,Rosas,1443.3,6.31,9107.22,2023-03-24,3
Exportador_09,Canadá,Rosas,1530.8,6.58,10072.66,2023-03-24,4
Exportador_01,Estados Unidos,Rosas,387.0,6.58,2546.46,2023-03-25,3
Exportador_02,México,Rosas,841.8,6.12,5151.82,2023-03-25,4
Exportador_06,Estados Unidos,Rosas,1512.1,6.37,9632.08,2023-03-25,3
Exportador_08,Japón,Claveles,446.7,4.14,1849.34,2023-03-25,8
Exportador_09,Italia,Rosas,290.3,7.36,2136.61,2023-03-25,4
Exportador_10,Canadá,Rosas,738.5,7.48,5523.98,2023-03-25,4
Exportador_12,Rusia,Gypsophila,415.3,5.66,2350.6,2023-03-25,7
Exportador_01,Estados Unidos,Rosas,361.1,6.72,2426.59,2023-03-26,1
Exportador_02,Canadá,Crisantemos,700.3,3.35,2346.01,2023-03-26,3
Exportador_02,Ucrania,Rosas,412.0,7.5,3090.0,2023-03-26,8
Exportador_07,Chile,Rosas,676.3,5.87,3969.88,2023-03-26,2
Exportador_07,Ucrania,Rosas,811.7,7.02,5698.13,2023-03-26,4
Exportador_13,Estados Unidos,Gypsophila,284.9,4.88,1390.31,2023-03-26,2
Exportador_01,Países Bajos,Crisantemos,217.9,3.32,723.43,2023-03-27,4
Exportador_03,Japón,Rosas,428.1,7.34,3142.25,2023-03-27,7
Exportador_03,Canadá,Gypsophila,715.8,4.38,3135.2,2023-03-27,3
Exportador_03,Estados Unidos,Rosas,229.5,5.92,1358.64,2023-03-27,1
Exportador_04,Estados Unidos,Rosas,647.7,6.35,4112.9,2023-03-27,3
Exportador_04,Estados Unidos,Rosas,265.0,6.99,1852.35,2023-03-27,2
Exportador_05,España,Rosas,868.2,6.97,6051.35,2023-03-27,5
Exportador_05,Canadá,Rosas,1115.7,7.08,7899.16,2023-03-27,2
Exportador_11,Rusia,Gypsophila,740.1,4.93,3648.69,2023-03-27,7
Exportador_02,Estados Unidos,Rosas,676.7,6.77,4581.26,2023-03-28,1
Exportador_02,Kazajistán,Rosas,521.4,7.5,3910.5,2023-03-28,5
Exportador_12,Estados Unidos,Rosas,984.9,6.17,6076.83,2023-03-28,3
Exportador_01,Estados Unidos,Gypsophila,470.4,4.08,1919.23,2023-03-29,1
Exportador_01,Estados Unidos,Rosas,1905.1,6.83,13011.83,2023-03-29,2
Exportador_02,Rusia,Rosas,291.5,6.82,1988.03,2023-03-29,7
Exportador_08,Italia,Rosas,1017.6,7.44,7570.94,2023-03-29,4
Exportador_08,Países Bajos,Crisantemos,407.5,3.66,1491.45,2023-03-29,3
Exportador_09,Estados Unidos,Rosas,530.9,6.78,3599.5,2023-03-29,1
Exportador_13,Rusia,Rosas,1064.8,7.71,8209.61,2023-03-29,6
Exportador_01,Rusia,Rosas,722.8,7.1,5131.88,2023-03-30,7
Exportador_01,Países Bajos,Rosas,358.7,7.41,2657.97,2023-03-30,6
Exportador_02,España,Claveles,198.0,4.05,801.9,2023-03-30,4
Exportador_03,Rusia,Rosas,624.5,6.87,4290.32,2023-03-30,5
Exportador_03,Estados Unidos,Rosas,1226.0,6.89,8447.14,2023-03-30,2
Exportador_03,Alemania,Rosas,1117.7,6.67,7455.06,2023-03-30,4
Exportador_10,Países Bajos,Rosas,370.8,6.86,2543.69,2023-03-30,5
Exportador_12,Japón,Rosas,1280.2,7.89,10100.78,2023-03-30,6
Exportador_01,España,Rosas,897.9,6.5,5836.35,2023-03-31,4
Exportador_01,Países Bajos,Rosas,1849.3,6.9,12760.17,2023-03-31,4
Exportador_04,Estados Unidos,Rosas,514.6,7.11,3658.81,2023-03-31,1
Exportador_04,Canadá,Rosas,287.2,6.21,1783.51,2023-03-31,2
Exportador_08,Ucrania,Rosas,566.8,7.39,4188.65,2023-03-31,6
Exportador_01,Canadá,Rosas,1322.3,7.19,9507.34,2023-04-01,2
Exportador_01,Ucrania,Rosas,758.4,7.67,5816.93,2023-04-01,5
Exportador_02,Ucrania,Gypsophila,794.6,4.52,3591.59,2023-04-01,4
Exportador_03,Estados Unidos,Rosas,1640.1,6.0,9840.6,2023-04-01,3
Exportador_12,Alemania,Rosas,1516.4,6.81,10326.68,2023-04-01,4
Exportador_01,Kazajistán,Crisantemos,401.2,3.88,1556.66,2023-04-02,5
Exportador_01,Estados Unidos,Gypsophila,750.4,4.27,3204.21,2023-04-02,3
Exportador_02,Estados Unidos,Rosas,732.5,7.0,5127.5,2023-04-02,3
Exportador_05,Estados Unidos,Gypsophila,139.7,4.85,677.54,2023-04-02,3
Exportador_06,Alemania,Rosas,707.2,7.71,5452.51,2023-04-02,6
Exportador_06,México,Rosas,527.3,6.41,3379.99,2023-04-02,3
Exportador_09,Italia,Gypsophila,395.5,4.96,1961.68,2023-04-02,6
Exportador_03,España,Rosas,477.5,6.42,3065.55,2023-04-03,5
Exportador_05,Estados Unidos,Rosas,2428.1,6.81,16535.36,2023-04-03,2
Exportador_05,Ucrania,Rosas,1169.6,6.57,7684.27,2023-04-03,5
Exportador_05,Alemania,Gypsophila,592.1,4.59,2717.74,2023-04-03,4
Exportador_06,Estados Unidos,Claveles,479.4,3.39,1625.17,2023-04-03,1
Exportador_08,Estados Unidos,Rosas,2376.3,6.53,15517.24,2023-04-03,1
Exportador_08,Ucrania,Rosas,514.7,6.74,3469.08,2023-04-03,6
Exportador_08,Estados Unidos,Claveles,574.6,3.52,2022.59,2023-04-03,2
Exportador_01,Estados Unidos,Rosas,641.0,6.36,4076.76,2023-04-04,1
Exportador_02,Estados Unidos,Rosas,912.4,6.68,6094.83,2023-04-04,1
Exportador_05,México,Flores de verano,352.4,4.27,1504.75,2023-04-04,4
Exportador_02,Japón,Rosas,525.9,8.31,4370.23,2023-04-05,6
Exportador_04,Estados Unidos,Rosas,847.5,6.88,5830.8,2023-04-05,1
Exportador_04,Rusia,Rosas,524.7,6.76,3546.97,2023-04-05,7
Exportador_08,Países Bajos,Hortensias,276.2,6.24,1723.49,2023-04-05,6
Exportador_09,Estados Unidos,Rosas,771.3,7.11,5483.94,2023-04-05,1
Exportador_11,Países Bajos,Rosas,414.1,6.79,2811.74,2023-04-05,6
Exportador_01,Rusia,Rosas,716.1,8.12,5814.73,2023-04-06,6
Exportador_05,Estados Unidos,Rosas,429.8,7.03,3021.49,2023-04-06,2
Exportador_10,Chile,Gypsophila,412.7,3.96,1634.29,2023-04-06,3
Exportador_01,Estados Unidos,Rosas,3703.8,6.48,24000.62,2023-04-07,2
Exportador_01,Ucrania,Rosas,1335.6,6.72,8975.23,2023-04-07,6
Exportador_01,Estados Unidos,Gypsophila,550.4,4.06,2234.62,2023-04-07,3
Exportador_01,Estados Unidos,Crisantemos,323.0,3.12,1007.76,2023-04-07,3
Exportador_04,España,Hortensias,140.2,6.44,902.89,2023-04-07,6
Exportador_04,Italia,Rosas,644.8,6.76,4358.85,2023-04-07,3
Exportador_05,Rusia,Rosas,652.1,6.89,4492.97,2023-04-07,6
Exportador_14,Países Bajos,Rosas,893.6,6.88,6147.97,2023-04-07,3
Exportador_06,Estados Unidos,Rosas,1572.6,6.11,9608.59,2023-04-08,3
Exportador_07,Estados Unidos,Rosas,573.2,6.93,3972.28,2023-04-08,2
Exportador_07,Chile,Rosas,1130.1,6.19,6995.32,2023-04-08,3
Exportador_08,Kazajistán,Rosas,1921.7,7.44,14297.45,2023-04-08,5
Exportador_09,Estados Unidos,Rosas,963.7,6.6,6360.42,2023-04-08,3
Exportador_14,Japón,Rosas,1060.6,7.66,8124.2,2023-04-08,5
Exportador_01,Países Bajos,Rosas,1340.5,7.39,9906.3,2023-04-09,4
Exportador_01,Estados Unidos,Rosas,531.5,7.13,3789.59,2023-04-09,2
Exportador_02,Estados Unidos,Rosas,998.7,6.71,6701.28,2023-04-09,2
Exportador_02,Rusia,Rosas,586.6,7.79,4569.61,2023-04-09,4
Exportador_03,Estados Unidos,Rosas,956.5,5.95,5691.18,2023-04-09,3
Exportador_03,Estados Unidos,Claveles,552.0,3.26,1799.52,2023-04-09,3
Exportador_09,Kazajistán,Rosas,1033.7,7.52,7773.42,2023-04-09,8
Exportador_01,Chile,Gypsophila,334.9,4.58,1533.84,2023-04-10,4
Exportador_02,Estados Unidos,Rosas,915.0,6.47,5920.05,2023-04-10,2
Exportador_02,Chile,Rosas,777.3,6.73,5231.23,2023-04-10,3
Exportador_03,Canadá,Crisantemos,829.3,3.03,2512.78,2023-04-10,2
Exportador_15,Países Bajos,Gypsophila,753.5,5.19,3910.67,2023-04-10,6
Exportador_01,Japón,Rosas,1281.7,7.78,9971.63,2023-04-11,5
Exportador_02,España,Rosas,1062.6,7.25,7703.85,2023-04-11,5
Exportador_02,Rusia,Rosas,510.9,7.11,3632.5,2023-04-11,7
Exportador_04,Estados Unidos,Claveles,425.6,3.64,1549.18,2023-04-11,2
Exportador_06,Rusia,Rosas,2996.7,7.88,23614.0,2023-04-11,6
Exportador_01,Rusia,Rosas,238.1,8.07,1921.47,2023-04-12,7
Exportador_01,Estados Unidos,Claveles,1123.3,3.96,4448.27,2023-04-12,3
Exportador_02,Estados Unidos,Rosas,2069.6,6.55,13555.88,2023-04-12,3
Exportador_02,México,Gypsophila,983.8,4.45,4377.91,2023-04-12,4
Exportador_03,Japón,Rosas,1148.7,8.45,9706.51,2023-04-12,6
Exportador_03,Estados Unidos,Rosas,815.0,7.04,5737.6,2023-04-12,2
Exportador_04,España,Rosas,570.0,7.23,4121.1,2023-04-12,3
Exportador_07,Japón,Rosas,605.1,8.51,5149.4,2023-04-12,6
Exportador_14,Alemania,Rosas,659.5,7.23,4768.19,2023-04-12,5
Exportador_01,Estados Unidos,Rosas,717.0,6.36,4560.12,2023-04-13,2
Exportador_01,España,Gypsophila,287.0,4.6,1320.2,2023-04-13,4
Exportador_01,Países Bajos,Rosas,955.1,6.85,6542.43,2023-04-13,6
Exportador_01,Rusia,Gypsophila,1235.4,5.65,6980.01,2023-04-13,6
Exportador_02,Estados Unidos,Gypsophila,656.8,4.4,2889.92,2023-04-13,1
Exportador_03,Países Bajos,Gypsophila,658.0,5.01,3296.58,2023-04-13,6
Exportador_06,Estados Unidos,Rosas,314.0,6.26,1965.64,2023-04-13,3
Exportador_15,Alemania,Hortensias,146.6,5.85,857.61,2023-04-13,5
Exportador_01,España,Flores de verano,633.4,3.91,2476.59,2023-04-14,3
Exportador_01,Estados Unidos,Claveles,698.2,3.76,2625.23,2023-04-14,2
Exportador_03,Rusia,Rosas,873.0,6.85,5980.05,2023-04-14,6
Exportador_04,México,Claveles,799.4,3.48,2781.91,2023-04-14,3
Exportador_09,Chile,Rosas,882.1,5.88,5186.75,2023-04-14,3
Exportador_06,Rusia,Rosas,1683.3,7.97,13415.9,2023-04-15,7
Exportador_07,Kazajistán,Rosas,1766.5,7.78,13743.37,2023-04-15,6
Exportador_13,Kazajistán,Rosas,769.3,7.03,5408.18,2023-04-15,6
Exportador_01,Kazajistán,Rosas,763.6,8.05,6146.98,2023-04-16,8
Exportador_01,Canadá,Rosas,444.1,7.29,3237.49,2023-04-16,2
Exportador_01,Países Bajos,Rosas,1524.8,7.04,10734.59,2023-04-16,3
Exportador_02,Estados Unidos,Claveles,444.9,3.36,1494.86,2023-04-16,1
Exportador_04,Estados Unidos,Rosas,776.5,6.76,5249.14,2023-04-16,1
Exportador_10,Chile,Flores de verano,194.9,3.96,771.8,2023-04-16,2
Exportador_03,Rusia,Rosas,749.3,7.08,5305.04,2023-04-17,4
Exportador_04,Canadá,Hortensias,336.6,6.14,2066.72,2023-04-17,3
Exportador_05,Estados Unidos,Rosas,1107.8,6.2,6868.36,2023-04-17,2
Exportador_05,Kazajistán,Rosas,627.9,7.5,4709.25,2023-04-17,5
Exportador_08,Estados Unidos,Hortensias,557.0,6.38,3553.66,2023-04-17,2
Exportador_08,Países Bajos,Rosas,953.1,6.22,5928.28,2023-04-17,6
Exportador_11,España,Rosas,530.7,6.69,3550.38,2023-04-17,3
Exportador_14,Kazajistán,Rosas,1604.7,7.36,11810.59,2023-04-17,6
Exportador_01,Rusia,Rosas,600.5,6.78,4071.39,2023-04-18,7
Exportador_01,Estados Unidos,Rosas,1289.6,6.17,7956.83,2023-04-18,1
Exportador_02,Rusia,Rosas,978.5,7.62,7456.17,2023-04-18,5
Exportador_02,Japón,Flores de verano,402.0,4.85,1949.7,2023-04-18,7
Exportador_03,Alemania,Gypsophila,659.9,4.95,3266.51,2023-04-18,6
Exportador_04,Rusia,Gypsophila,269.6,4.81,1296.78,2023-04-18,5
Exportador_07,Estados Unidos,Rosas,445.2,6.83,3040.72,2023-04-18,1
Exportador_09,Alemania,Rosas,501.2,7.33,3673.8,2023-04-18,6
Exportador_01,Países Bajos,Rosas,1107.5,7.04,7796.8,2023-04-19,5
Exportador_01,Estados Unidos,Rosas,979.7,7.11,6965.67,2023-04-19,3
Exportador_04,Rusia,Rosas,777.8,7.45,5794.61,2023-04-19,6
Exportador_05,Países Bajos,Rosas,1995.4,7.49,14945.55,2023-04-19,4
Exportador_07,Canadá,Rosas,566.2,6.76,3827.51,2023-04-19,4
Exportador_08,Estados Unidos,Crisantemos,307.9,3.28,1009.91,2023-04-19,3
Exportador_01,Estados Unidos,Rosas,983.0,6.33,6222.39,2023-04-20,3
Exportador_03,Estados Unidos,Rosas,907.1,6.69,6068.5,2023-04-20,1
Exportador_05,Canadá,Gypsophila,242.9,4.54,1102.77,2023-04-20,3
Exportador_07,Estados Unidos,Rosas,1727.8,6.96,12025.49,2023-04-20,1
Exportador_07,Rusia,Rosas,608.0,7.38,4487.04,2023-04-20,6
Exportador_10,Estados Unidos,Rosas,442.8,6.45,2856.06,2023-04-20,2
Exportador_15,Estados Unidos,Gypsophila,105.2,4.36,458.67,2023-04-20,1
Exportador_02,España,Rosas,458.0,7.21,3302.18,2023-04-21,6
Exportador_02,Rusia,Rosas,1512.0,7.85,11869.2,2023-04-21,5
Exportador_03,Estados Unidos,Rosas,495.8,7.07,3505.31,2023-04-21,2
Exportador_13,Ucrania,Rosas,1091.9,7.6,8298.44,2023-04-21,4
Exportador_01,España,Rosas,651.5,9.18,5980.77,2023-04-22,6
Exportador_01,Estados Unidos,Rosas,203.2,8.68,1763.78,2023-04-22,1
Exportador_01,Estados Unidos,Rosas,2945.4,7.68,22620.67,2023-04-22,1
Exportador_02,Italia,Rosas,443.0,9.08,4022.44,2023-04-22,6
Exportador_02,Canadá,Rosas,2125.4,8.37,17789.6,2023-04-22,3
Exportador_02,Estados Unidos,Rosas,1707.1,7.41,12649.61,2023-04-22,3
Exportador_02,Ucrania,Rosas,1151.4,7.31,8416.73,2023-04-22,4
Exportador_02,Estados Unidos,Crisantemos,620.3,3.97,2462.59,2023-04-22,3
Exportador_02,Estados Unidos,Crisantemos,410.2,3.9,1599.78,2023-04-22,3
Exportador_02,Estados Unidos,Flores de verano,708.9,5.5,3898.95,2023-04-22,3
Exportador_03,México,Hortensias,878.4,6.51,5718.38,2023-04-22,2
Exportador_03,Alemania,Rosas,453.3,9.26,4197.56,2023-04-22,5
Exportador_04,Canadá,Rosas,3305.6,9.19,30378.46,2023-04-22,3
Exportador_04,Italia,Rosas,358.4,8.44,3024.9,2023-04-22,6
Exportador_05,Países Bajos,Rosas,883.0,6.27,5536.41,2023-04-22,6
Exportador_06,Estados Unidos,Claveles,402.5,4.22,1698.55,2023-04-22,2
Exportador_08,Rusia,Rosas,1100.3,8.04,8846.41,2023-04-22,5
Exportador_08,Rusia,Rosas,388.1,7.72,2996.13,2023-04-22,7
Exportador_08,Kazajistán,Rosas,1266.3,7.87,9965.78,2023-04-22,5
Exportador_09,Italia,Rosas,1799.3,8.99,16175.71,2023-04-22,6
Exportador_10,España,Rosas,766.8,8.24,6318.43,2023-04-22,6
Exportador_10,Estados Unidos,Rosas,751.2,7.81,5866.87,2023-04-22,2
Exportador_11,Estados Unidos,Flores de verano,442.1,4.79,2117.66,2023-04-22,3
Exportador_12,Rusia,Rosas,1220.5,7.56,9226.98,2023-04-22,4
Exportador_13,Japón,Crisantemos,548.0,4.53,2482.44,2023-04-22,7
Exportador_01,Estados Unidos,Hortensias,234.7,8.1,1901.07,2023-04-23,1
Exportador_01,España,Rosas,792.5,8.47,6712.48,2023-04-23,3
Exportador_01,España,Rosas,537.0,8.11,4355.07,2023-04-23,6
Exportador_01,Países Bajos,Rosas,224.6,6.53,1466.64,2023-04-23,5
Exportador_02,Estados Unidos,Crisantemos,711.6,3.98,2832.17,2023-04-23,3
Exportador_02,Chile,Hortensias,414.8,6.44,2671.31,2023-04-23,4
Exportador_02,Estados Unidos,Rosas,1532.9,7.39,11328.13,2023-04-23,1
Exportador_02,Alemania,Rosas,1471.7,8.0,11773.6,2023-04-23,5
Exportador_04,España,Rosas,1254.9,7.9,9913.71,2023-04-23,6
Exportador_05,Canadá,Rosas,2245.0,8.55,19194.75,2023-04-23,2
Exportador_07,México,Hortensias,264.2,7.33,1936.59,2023-04-23,4
Exportador_08,Alemania,Rosas,1583.6,8.73,13824.83,2023-04-23,3
Exportador_08,Estados Unidos,Rosas,1966.2,7.9,15532.98,2023-04-23,2
Exportador_11,Estados Unidos,Claveles,294.1,4.4,1294.04,2023-04-23,2
Exportador_12,Estados Unidos,Rosas,977.7,7.78,7606.51,2023-04-23,1
Exportador_13,Países Bajos,Hortensias,210.7,5.9,1243.13,2023-04-23,6
Exportador_15,Estados Unidos,Rosas,1350.1,8.06,10881.81,2023-04-23,3
Exportador_01,Italia,Crisantemos,723.9,4.29,3105.53,2023-04-24,6
Exportador_01,Italia,Gypsophila,544.8,5.4,2941.92,2023-04-24,6
Exportador_01,Italia,Rosas,1163.1,8.65,10060.82,2023-04-24,4
Exportador_01,Estados Unidos,Gypsophila,225.6,5.65,1274.64,2023-04-24,2
Exportador_01,Estados Unidos,Rosas,1984.5,7.7,15280.65,2023-04-24,2
Exportador_02,Alemania,Rosas,1499.5,8.46,12685.77,2023-04-24,4
Exportador_02,México,Gypsophila,286.1,5.8,1659.38,2023-04-24,2
Exportador_02,Alemania,Gypsophila,1103.8,5.91,6523.46,2023-04-24,3
Exportador_03,Estados Unidos,Gypsophila,486.9,5.92,2882.45,2023-04-24,1
Exportador_06,Italia,Gypsophila,546.9,6.05,3308.74,2023-04-24,3
Exportador_08,Alemania,Flores de verano,673.6,5.18,3489.25,2023-04-24,5
Exportador_13,Estados Unidos,Rosas,609.4,7.67,4674.1,2023-04-24,1
Exportador_01,Estados Unidos,Rosas,733.0,7.37,5402.21,2023-04-25,3
Exportador_01,Alemania,Rosas,1225.1,9.46,11589.45,2023-04-25,3
Exportador_02,Japón,Crisantemos,591.8,4.92,2911.66,2023-04-25,6
Exportador_06,Estados Unidos,Flores de verano,238.7,4.89,1167.24,2023-04-25,1
Exportador_06,Estados Unidos,Gypsophila,321.4,5.59,1796.63,2023-04-25,1
Exportador_07,Estados Unidos,Rosas,1182.0,8.03,9491.46,2023-04-25,2
Exportador_07,Estados Unidos,Rosas,1272.5,7.69,9785.52,2023-04-25,2
Exportador_07,Rusia,Rosas,578.4,7.59,4390.06,2023-04-25,4
Exportador_07,Chile,Gypsophila,260.5,4.93,1284.26,2023-04-25,2
Exportador_10,Estados Unidos,Rosas,1701.1,8.9,15139.79,2023-04-25,1
Exportador_01,Kazajistán,Rosas,398.6,8.16,3252.58,2023-04-26,9
Exportador_01,Kazajistán,Rosas,686.7,8.5,5836.95,2023-04-26,7
Exportador_01,México,Rosas,1138.0,7.24,8239.12,2023-04-26,3
Exportador_02,Canadá,Rosas,638.0,9.05,5773.9,2023-04-26,4
Exportador_02,Estados Unidos,Rosas,2923.2,7.58,22157.86,2023-04-26,2
Exportador_02,España,Rosas,1230.1,8.25,10148.32,2023-04-26,3
Exportador_03,Estados Unidos,Rosas,872.3,8.14,7100.52,2023-04-26,3
Exportador_03,Estados Unidos,Claveles,680.2,4.68,3183.34,2023-04-26,2
Exportador_03,Estados Unidos,Rosas,758.7,7.63,5788.88,2023-04-26,3
Exportador_03,Estados Unidos,Claveles,205.7,4.06,835.14,2023-04-26,1
Exportador_04,Canadá,Rosas,2007.0,9.0,18063.0,2023-04-26,4
Exportador_05,Estados Unidos,Rosas,2791.9,8.25,23033.17,2023-04-26,3
Exportador_05,Estados Unidos,Gypsophila,174.6,5.55,969.03,2023-04-26,1
Exportador_06,Estados Unidos,Rosas,1024.5,8.06,8257.47,2023-04-26,1
Exportador_06,Estados Unidos,Rosas,827.5,8.67,7174.43,2023-04-26,1
Exportador_07,España,Rosas,1662.4,8.96,14895.1,2023-04-26,5
Exportador_11,Alemania,Gypsophila,388.2,6.41,2488.36,2023-04-26,6
Exportador_12,Estados Unidos,Rosas,1473.1,7.63,11239.75,2023-04-26,3
Exportador_01,Estados Unidos,Crisantemos,616.0,3.66,2254.56,2023-04-27,1
Exportador_01,Estados Unidos,Rosas,1634.4,8.81,14399.06,2023-04-27,3
Exportador_01,Estados Unidos,Rosas,804.0,7.48,6013.92,2023-04-27,2
Exportador_01,Canadá,Rosas,1456.5,8.03,11695.69,2023-04-27,4
Exportador_02,España,Crisantemos,407.3,3.83,1559.96,2023-04-27,6
Exportador_02,Canadá,Gypsophila,915.7,5.59,5118.76,2023-04-27,2
Exportador_02,Italia,Rosas,785.0,8.73,6853.05,2023-04-27,5
Exportador_03,Rusia,Rosas,1157.9,7.13,8255.83,2023-04-27,7
Exportador_03,Estados Unidos,Rosas,1397.4,7.48,10452.55,2023-04-27,2
Exportador_06,Estados Unidos,Rosas,939.8,7.97,7490.21,2023-04-27,2
Exportador_09,Estados Unidos,Crisantemos,876.5,4.19,3672.54,2023-04-27,3
Exportador_10,Estados Unidos,Rosas,471.7,7.34,3462.28,2023-04-27,3
Exportador_13,Estados Unidos,Gypsophila,1104.5,5.21,5754.44,2023-04-27,1
Exportador_01,Estados Unidos,Flores de verano,132.1,5.61,741.08,2023-04-28,2
Exportador_01,Ucrania,Claveles,352.6,3.73,1315.2,2023-04-28,5
Exportador_01,Kazajistán,Rosas,659.5,8.46,5579.37,2023-04-28,7
Exportador_01,México,Rosas,1345.9,8.31,11184.43,2023-04-28,3
Exportador_01,Estados Unidos,Rosas,1553.3,8.14,12643.86,2023-04-28,3
Exportador_02,Rusia,Rosas,954.6,6.86,6548.56,2023-04-28,4
Exportador_03,Estados Unidos,Rosas,1354.8,8.61,11664.83,2023-04-28,3
Exportador_03,Chile,Gypsophila,587.8,5.05,2968.39,2023-04-28,3
Exportador_04,Países Bajos,Rosas,1150.3,6.66,7661.0,2023-04-28,5
Exportador_06,Japón,Gypsophila,431.4,6.8,2933.52,2023-04-28,7
Exportador_08,México,Rosas,2543.5,7.87,20017.35,2023-04-28,2
Exportador_09,Estados Unidos,Flores de verano,452.0,5.31,2400.12,2023-04-28,3
Exportador_12,Estados Unidos,Rosas,620.8,7.34,4556.67,2023-04-28,1
Exportador_01,Países Bajos,Rosas,1201.9,6.78,8148.88,2023-04-29,5
Exportador_01,Estados Unidos,Hortensias,257.3,7.4,1904.02,2023-04-29,1
Exportador_03,Estados Unidos,Rosas,1069.6,7.73,8268.01,2023-04-29,1
Exportador_05,España,Claveles,975.1,5.08,4953.51,2023-04-29,5
Exportador_11,Rusia,Rosas,347.4,6.98,2424.85,2023-04-29,5
Exportador_12,Estados Unidos,Rosas,835.8,8.03,6711.47,2023-04-29,3
Exportador_15,Italia,Gypsophila,443.8,5.94,2636.17,2023-04-29,4
Exportador_01,Estados Unidos,Rosas,2127.9,8.03,17087.04,2023-04-30,1
Exportador_01,Países Bajos,Rosas,964.6,7.3,7041.58,2023-04-30,3
Exportador_01,Estados Unidos,Rosas,2237.3,7.57,16936.36,2023-04-30,2
Exportador_02,Estados Unidos,Rosas,4573.9,8.65,39564.24,2023-04-30,2
Exportador_03,México,Rosas,2363.7,7.89,18649.59,2023-04-30,4
Exportador_05,Estados Unidos,Hortensias,278.3,7.88,2193.0,2023-04-30,3
Exportador_09,México,Rosas,1495.1,7.49,11198.3,2023-04-30,4
Exportador_10,Estados Unidos,Rosas,1472.8,8.05,11856.04,2023-04-30,3
Exportador_12,Estados Unidos,Rosas,669.9,7.94,5319.01,2023-04-30,2
Exportador_12,Rusia,Rosas,1147.5,7.86,9019.35,2023-04-30,4
Exportador_01,Estados Unidos,Rosas,958.4,8.12,7782.21,2023-05-01,2
Exportador_01,Japón,Rosas,985.1,10.69,10530.72,2023-05-01,5
Exportador_01,Estados Unidos,Rosas,844.7,7.43,6276.12,2023-05-01,1
Exportador_01,Estados Unidos,Rosas,1253.3,8.31,10414.92,2023-05-01,3
Exportador_01,Rusia,Rosas,312.4,7.27,2271.15,2023-05-01,7
Exportador_01,Alemania,Rosas,1339.2,8.77,11744.78,2023-05-01,6
Exportador_02,México,Rosas,679.1,6.95,4719.74,2023-05-01,3
Exportador_02,Países Bajos,Rosas,348.3,7.31,2546.07,2023-05-01,6
Exportador_02,Estados Unidos,Hortensias,1248.4,8.12,10137.01,2023-05-01,3
Exportador_04,Estados Unidos,Crisantemos,315.5,4.11,1296.71,2023-05-01,2
Exportador_07,Ucrania,Rosas,297.4,7.29,2168.05,2023-05-01,5
Exportador_07,España,Claveles,333.5,4.87,1624.14,2023-05-01,3
Exportador_07,Chile,Gypsophila,1702.4,5.5,9363.2,2023-05-01,2
Exportador_08,Alemania,Rosas,708.1,9.21,6521.6,2023-05-01,3
Exportador_08,Canadá,Rosas,1370.9,8.97,12296.97,2023-05-01,3
Exportador_09,Estados Unidos,Rosas,2153.3,8.75,18841.38,2023-05-01,1
Exportador_09,Estados Unidos,Hortensias,162.1,6.98,1131.46,2023-05-01,1
Exportador_11,Alemania,Rosas,344.2,8.66,2980.77,2023-05-01,4
Exportador_14,Rusia,Rosas,887.4,7.46,6620.0,2023-05-01,4
Exportador_01,Estados Unidos,Rosas,1347.5,7.83,10550.92,2023-05-02,2
Exportador_01,Estados Unidos,Rosas,1229.6,7.82,9615.47,2023-05-02,3
Exportador_01,Estados Unidos,Crisantemos,640.3,3.9,2497.17,2023-05-02,3
Exportador_01,Estados Unidos,Rosas,1760.2,7.58,13342.32,2023-05-02,3
Exportador_01,Chile,Rosas,617.8,8.03,4960.93,2023-05-02,3
Exportador_01,Estados Unidos,Rosas,1402.5,8.78,12313.95,2023-05-02,2
Exportador_02,Alemania,Gypsophila,1039.1,5.88,6109.91,2023-05-02,5
Exportador_03,Italia,Rosas,1325.5,8.31,11014.91,2023-05-02,5
Exportador_04,Chile,Rosas,813.6,6.98,5678.93,2023-05-02,4
Exportador_05,Canadá,Gypsophila,961.6,6.19,5952.3,2023-05-02,3
Exportador_06,España,Rosas,855.6,8.39,7178.48,2023-05-02,4
Exportador_07,Italia,Rosas,2443.5,8.31,20305.49,2023-05-02,6
Exportador_09,Rusia,Rosas,910.8,7.01,6384.71,2023-05-02,5
Exportador_10,Estados Unidos,Rosas,987.2,8.26,8154.27,2023-05-02,2
Exportador_10,Alemania,Rosas,2015.2,8.82,17774.06,2023-05-02,3
Exportador_10,España,Gypsophila,1038.4,6.26,6500.38,2023-05-02,5
Exportador_11,Países Bajos,Rosas,424.6,7.17,3044.38,2023-05-02,3
Exportador_14,Estados Unidos,Rosas,1424.6,8.29,11809.93,2023-05-02,3
Exportador_01,Estados Unidos,Claveles,674.7,4.53,3056.39,2023-05-03,1
Exportador_01,Chile,Gypsophila,878.8,4.86,4270.97,2023-05-03,3
Exportador_02,Japón,Crisantemos,281.5,5.18,1458.17,2023-05-03,6
Exportador_03,Estados Unidos,Rosas,658.4,7.44,4898.5,2023-05-03,2
Exportador_04,Kazajistán,Rosas,1214.9,7.4,8990.26,2023-05-03,7
Exportador_04,Estados Unidos,Rosas,1345.7,8.27,11128.94,2023-05-03,3
Exportador_04,Estados Unidos,Flores de verano,253.7,5.14,1304.02,2023-05-03,1
Exportador_05,Canadá,Crisantemos,1381.6,4.5,6217.2,2023-05-03,3
Exportador_06,Rusia,Rosas,712.8,6.91,4925.45,2023-05-03,5
Exportador_13,Italia,Rosas,1114.5,9.38,10454.01,2023-05-03,5
Exportador_01,España,Crisantemos,909.0,4.43,4026.87,2023-05-04,3
Exportador_01,Estados Unidos,Rosas,2312.8,7.97,18433.02,2023-05-04,1
Exportador_01,Italia,Rosas,514.6,8.82,4538.77,2023-05-04,6
Exportador_01,Estados Unidos,Rosas,2047.7,8.7,17814.99,2023-05-04,2
Exportador_02,Estados Unidos,Rosas,1301.7,8.37,10895.23,2023-05-04,2
Exportador_02,Japón,Rosas,973.6,10.48,10203.33,2023-05-04,5
Exportador_02,Italia,Crisantemos,755.6,4.34,3279.3,2023-05-04,4
Exportador_03,Estados Unidos,Rosas,918.4,8.35,7668.64,2023-05-04,1
Exportador_03,Rusia,Rosas,264.9,7.68,2034.43,2023-05-04,6
Exportador_04,Rusia,Gypsophila,257.3,5.35,1376.56,2023-05-04,4
Exportador_04,Estados Unidos,Gypsophila,461.2,5.24,2416.69,2023-05-04,3
Exportador_05,Canadá,Hortensias,527.8,7.69,4058.78,2023-05-04,3
Exportador_06,Estados Unidos,Crisantemos,408.2,3.99,1628.72,2023-05-04,2
Exportador_08,Estados Unidos,Rosas,544.8,8.25,4494.6,2023-05-04,3
Exportador_10,Estados Unidos,Rosas,952.0,7.85,7473.2,2023-05-04,1
Exportador_10,Estados Unidos,Rosas,2854.2,7.54,21520.67,2023-05-04,1
Exportador_13,Estados Unidos,Rosas,1787.0,7.63,13634.81,2023-05-04,1
Exportador_15,Estados Unidos,Rosas,817.3,7.52,6146.1,2023-05-04,2
Exportador_01,Japón,Flores de verano,465.7,5.88,2738.32,2023-05-05,7
Exportador_01,Italia,Gypsophila,442.6,5.77,2553.8,2023-05-05,3
Exportador_01,Estados Unidos,Gypsophila,745.4,6.08,4532.03,2023-05-05,3
Exportador_02,Estados Unidos,Rosas,647.5,8.58,5555.55,2023-05-05,1
Exportador_03,Japón,Rosas,1055.7,9.37,9891.91,2023-05-05,7
Exportador_03,España,Rosas,816.3,8.23,6718.15,2023-05-05,6
Exportador_03,Estados Unidos,Rosas,1243.2,7.56,9398.59,2023-05-05,1
Exportador_05,Japón,Rosas,400.9,10.11,4053.1,2023-05-05,5
Exportador_05,España,Rosas,817.7,9.28,7588.26,2023-05-05,6
Exportador_06,Estados Unidos,Rosas,1073.5,8.69,9328.72,2023-05-05,1
Exportador_06,Estados Unidos,Rosas,3967.0,8.34,33084.78,2023-05-05,1
Exportador_06,Estados Unidos,Gypsophila,575.5,5.21,2998.36,2023-05-05,3
Exportador_07,Alemania,Gypsophila,417.3,6.27,2616.47,2023-05-05,5
Exportador_09,Estados Unidos,Rosas,1645.4,7.92,13031.57,2023-05-05,3
Exportador_10,Canadá,Rosas,1782.6,9.38,16720.79,2023-05-05,4
Exportador_10,Canadá,Rosas,1193.5,8.23,9822.51,2023-05-05,4
Exportador_11,Chile,Rosas,2117.6,6.96,14738.5,2023-05-05,4
Exportador_13,Estados Unidos,Claveles,838.7,4.35,3648.34,2023-05-05,3
Exportador_01,Ucrania,Rosas,900.2,7.63,6868.53,2023-05-06,6
Exportador_01,Estados Unidos,Rosas,552.9,8.76,4843.4,2023-05-06,2
Exportador_01,Estados Unidos,Crisantemos,334.4,4.35,1454.64,2023-05-06,3
Exportador_01,Estados Unidos,Claveles,698.6,4.33,3024.94,2023-05-06,3
Exportador_01,Estados Unidos,Claveles,469.0,4.61,2162.09,2023-05-06,1
Exportador_02,Chile,Gypsophila,1161.5,5.16,5993.34,2023-05-06,3
Exportador_02,España,Rosas,1215.4,9.29,11291.07,2023-05-06,5
Exportador_03,Estados Unidos,Gypsophila,312.5,6.12,1912.5,2023-05-06,2
Exportador_04,Estados Unidos,Rosas,1600.0,8.7,13920.0,2023-05-06,1
Exportador_05,Estados Unidos,Rosas,2529.0,8.39,21218.31,2023-05-06,1
Exportador_05,México,Rosas,1031.2,7.01,7228.71,2023-05-06,2
Exportador_06,Estados Unidos,Rosas,896.7,7.48,6707.32,2023-05-06,1
Exportador_07,Países Bajos,Gypsophila,427.8,4.64,1984.99,2023-05-06,6
Exportador_07,Estados Unidos,Rosas,714.9,8.5,6076.65,2023-05-06,3
Exportador_08,Canadá,Rosas,1355.0,7.72,10460.6,2023-05-06,2
Exportador_12,Estados Unidos,Hortensias,645.7,7.17,4629.67,2023-05-06,2
Exportador_01,Chile,Rosas,634.6,8.36,5305.26,2023-05-07,3
Exportador_01,Estados Unidos,Crisantemos,270.5,3.94,1065.77,2023-05-07,3
Exportador_02,Chile,Rosas,1288.3,7.05,9082.51,2023-05-07,3
Exportador_03,México,Rosas,649.6,8.36,5430.66,2023-05-07,4
Exportador_05,Estados Unidos,Rosas,694.0,8.72,6051.68,2023-05-07,3
Exportador_06,Italia,Claveles,843.8,4.78,4033.36,2023-05-07,6
Exportador_01,Estados Unidos,Rosas,3112.6,7.72,24029.27,2023-05-08,3
Exportador_01,Alemania,Rosas,1377.2,8.39,11554.71,2023-05-08,3
Exportador_02,Estados Unidos,Rosas,982.9,8.04,7902.52,2023-05-08,2
Exportador_02,México,Rosas,1873.5,8.21,15381.44,2023-05-08,3
Exportador_02,Alemania,Gypsophila,324.9,6.34,2059.87,2023-05-08,4
Exportador_02,Estados Unidos,Rosas,1869.1,7.61,14223.85,2023-05-08,2
Exportador_03,España,Gypsophila,929.9,5.54,5151.65,2023-05-08,5
Exportador_03,Japón,Rosas,1003.9,10.45,10490.75,2023-05-08,7
Exportador_03,Estados Unidos,Gypsophila,643.0,5.24,3369.32,2023-05-08,1
Exportador_04,Alemania,Crisantemos,378.4,4.03,1524.95,2023-05-08,6
Exportador_04,Estados Unidos,Rosas,1264.6,8.15,10306.49,2023-05-08,2
Exportador_04,España,Rosas,2076.5,8.54,17733.31,2023-05-08,4
Exportador_04,Chile,Rosas,1271.3,7.77,9878.0,2023-05-08,3
Exportador_05,Japón,Rosas,729.5,9.64,7032.38,2023-05-08,6
Exportador_06,Japón,Rosas,646.0,10.98,7093.08,2023-05-08,8
Exportador_09,Japón,Rosas,1329.1,10.59,14075.17,2023-05-08,8
Exportador_09,Rusia,Rosas,1082.8,8.02,8684.06,2023-05-08,4
Exportador_01,Rusia,Rosas,1182.8,6.78,8019.38,2023-05-09,7
Exportador_02,Estados Unidos,Flores de verano,457.2,4.01,1833.37,2023-05-09,2
Exportador_02,Italia,Hortensias,125.5,5.87,736.69,2023-05-09,6
Exportador_06,Países Bajos,Rosas,1228.0,6.97,8559.16,2023-05-09,4
Exportador_07,Estados Unidos,Rosas,867.3,6.42,5568.07,2023-05-09,2
Exportador_10,Italia,Flores de verano,178.7,3.9,696.93,2023-05-09,5
Exportador_14,Kazajistán,Rosas,555.1,7.43,4124.39,2023-05-09,7
Exportador_14,Estados Unidos,Rosas,749.9,6.6,4949.34,2023-05-09,2
Exportador_02,Chile,Rosas,1449.5,5.81,8421.59,2023-05-10,4
Exportador_04,Estados Unidos,Rosas,1723.9,6.04,10412.36,2023-05-10,2
Exportador_05,Estados Unidos,Rosas,826.8,7.01,5795.87,2023-05-10,3
Exportador_01,Estados Unidos,Rosas,676.7,6.88,4655.7,2023-05-11,3
Exportador_01,Estados Unidos,Rosas,3111.3,6.91,21499.08,2023-05-11,1
Exportador_03,Japón,Rosas,1164.0,8.67,10091.88,2023-05-11,6
Exportador_10,Estados Unidos,Rosas,1772.7,6.75,11965.73,2023-05-11,1
Exportador_13,Países Bajos,Rosas,1174.5,7.03,8256.74,2023-05-11,4
Exportador_02,Países Bajos,Rosas,707.2,7.47,5282.78,2023-05-12,4
Exportador_05,Estados Unidos,Rosas,835.9,7.07,5909.81,2023-05-12,3
Exportador_06,Estados Unidos,Rosas,267.2,6.32,1688.7,2023-05-12,3
Exportador_01,Estados Unidos,Gypsophila,744.9,4.23,3150.93,2023-05-13,1
Exportador_01,Estados Unidos,Claveles,266.5,3.83,1020.7,2023-05-13,1
Exportador_03,Kazajistán,Crisantemos,634.4,3.86,2448.78,2023-05-13,9
Exportador_05,Estados Unidos,Rosas,2736.4,6.64,18169.7,2023-05-13,3
Exportador_01,México,Rosas,673.1,6.47,4354.96,2023-05-14,3
Exportador_02,Estados Unidos,Rosas,1093.5,7.01,7665.43,2023-05-14,2
Exportador_03,Estados Unidos,Rosas,596.4,6.38,3805.03,2023-05-14,1
Exportador_04,Rusia,Rosas,1014.1,8.21,8325.76,2023-05-14,6
Exportador_12,Países Bajos,Rosas,1064.0,7.34,7809.76,2023-05-14,4
Exportador_15,Estados Unidos,Rosas,1859.4,6.56,12197.66,2023-05-14,2
Exportador_02,Italia,Flores de verano,286.4,4.66,1334.62,2023-05-15,5
Exportador_02,Canadá,Rosas,715.2,6.56,4691.71,2023-05-15,2
Exportador_05,Chile,Rosas,823.0,6.24,5135.52,2023-05-15,2
Exportador_05,Japón,Rosas,783.8,8.03,6293.91,2023-05-15,7
Exportador_06,Ucrania,Rosas,1343.3,7.78,10450.87,2023-05-15,4
Exportador_11,Estados Unidos,Rosas,329.2,6.71,2208.93,2023-05-15,1
Exportador_15,Estados Unidos,Rosas,614.2,6.21,3814.18,2023-05-15,2
Exportador_01,Estados Unidos,Rosas,655.9,6.94,4551.95,2023-05-16,1
Exportador_02,Países Bajos,Rosas,1909.3,6.69,12773.22,2023-05-16,4
Exportador_03,Japón,Rosas,234.7,7.33,1720.35,2023-05-16,6
Exportador_03,Estados Unidos,Rosas,828.4,6.69,5542.0,2023-05-16,2
Exportador_11,España,Rosas,3042.1,7.39,22481.12,2023-05-16,5
Exportador_11,Estados Unidos,Rosas,522.9,6.01,3142.63,2023-05-16,1
Exportador_12,Japón,Rosas,382.2,8.06,3080.53,2023-05-16,5
Exportador_01,Estados Unidos,Rosas,558.9,6.79,3794.93,2023-05-17,3
Exportador_01,Estados Unidos,Rosas,862.9,6.67,5755.54,2023-05-17,1
Exportador_04,Rusia,Claveles,349.4,3.92,1369.65,2023-05-17,7
Exportador_05,Estados Unidos,Rosas,1695.7,6.89,11683.37,2023-05-17,1
Exportador_05,Estados Unidos,Rosas,756.2,6.68,5051.42,2023-05-17,3
Exportador_08,Ucrania,Rosas,1845.3,7.83,14448.7,2023-05-17,6
Exportador_08,Chile,Gypsophila,396.4,4.64,1839.3,2023-05-17,3
Exportador_12,Japón,Rosas,733.0,8.22,6025.26,2023-05-17,8
Exportador_13,Países Bajos,Rosas,1334.3,6.68,8913.12,2023-05-17,5
Exportador_01,Estados Unidos,Rosas,369.0,7.14,2634.66,2023-05-18,1
Exportador_04,Estados Unidos,Rosas,2169.5,5.85,12691.57,2023-05-18,3
Exportador_06,Rusia,Rosas,1588.2,7.26,11530.33,2023-05-18,4
Exportador_07,Italia,Rosas,679.2,7.4,5026.08,2023-05-18,4
Exportador_07,Estados Unidos,Rosas,661.1,6.3,4164.93,2023-05-18,1
Exportador_08,Estados Unidos,Gypsophila,497.7,4.12,2050.52,2023-05-18,3
Exportador_10,Japón,Rosas,1115.3,8.72,9725.42,2023-05-18,5
Exportador_12,Estados Unidos,Rosas,490.3,6.66,3265.4,2023-05-18,3
Exportador_02,España,Rosas,204.2,6.66,1359.97,2023-05-19,3
Exportador_10,Italia,Rosas,1648.7,6.63,10930.88,2023-05-19,5
Exportador_01,Rusia,Rosas,1574.1,6.92,10892.77,2023-05-20,7
Exportador_04,Canadá,Hortensias,218.2,6.46,1409.57,2023-05-20,2
Exportador_05,Alemania,Rosas,430.7,7.3,3144.11,2023-05-20,4
Exportador_13,Canadá,Rosas,796.2,6.53,5199.19,2023-05-20,2
Exportador_14,Países Bajos,Rosas,975.2,6.81,6641.11,2023-05-20,5
Exportador_05,Canadá,Rosas,683.6,6.47,4422.89,2023-05-21,2
Exportador_07,Rusia,Rosas,886.2,7.19,6371.78,2023-05-21,4
Exportador_07,Países Bajos,Gypsophila,777.0,4.65,3613.05,2023-05-21,4
Exportador_08,Ucrania,Rosas,767.8,7.36,5651.01,2023-05-21,8
Exportador_09,Rusia,Rosas,1248.4,7.38,9213.19,2023-05-21,6
Exportador_01,Estados Unidos,Rosas,913.8,6.92,6323.5,2023-05-22,2
Exportador_06,Estados Unidos,Flores de verano,377.5,3.78,1426.95,2023-05-22,3
Exportador_10,Rusia,Rosas,182.0,7.13,1297.66,2023-05-22,7
Exportador_01,Estados Unidos,Claveles,305.3,3.69,1126.56,2023-05-23,3
Exportador_02,Estados Unidos,Rosas,1752.8,5.86,10271.41,2023-05-23,2
Exportador_02,Rusia,Rosas,2049.3,7.65,15677.15,2023-05-23,7
Exportador_04,Estados Unidos,Claveles,389.6,3.63,1414.25,2023-05-23,3
Exportador_07,Japón,Gypsophila,718.1,6.09,4373.23,2023-05-23,8
Exportador_01,Países Bajos,Rosas,600.9,7.49,4500.74,2023-05-24,5
Exportador_02,Alemania,Rosas,543.5,7.18,3902.33,2023-05-24,6
Exportador_02,Estados Unidos,Rosas,636.0,5.96,3790.56,2023-05-24,3
Exportador_04,Italia,Flores de verano,314.9,4.49,1413.9,2023-05-24,3
Exportador_01,Japón,Rosas,409.7,8.24,3375.93,2023-05-25,5
Exportador_02,Estados Unidos,Gypsophila,281.6,4.13,1163.01,2023-05-25,2
Exportador_03,Estados Unidos,Rosas,536.8,6.65,3569.72,2023-05-25,1
Exportador_04,Rusia,Rosas,705.0,7.89,5562.45,2023-05-25,7
Exportador_05,Japón,Rosas,717.1,8.84,6339.16,2023-05-25,5
Exportador_06,Kazajistán,Rosas,1419.5,8.24,11696.68,2023-05-25,5
Exportador_06,Estados Unidos,Rosas,2262.6,6.72,15204.67,2023-05-25,2
Exportador_07,Estados Unidos,Rosas,860.6,5.85,5034.51,2023-05-25,2
Exportador_07,España,Rosas,490.0,7.17,3513.3,2023-05-25,5
Exportador_09,Estados Unidos,Crisantemos,347.2,3.44,1194.37,2023-05-25,2
Exportador_01,México,Rosas,739.3,6.08,4494.94,2023-05-26,3
Exportador_01,Kazajistán,Rosas,1622.3,8.34,13529.98,2023-05-26,8
Exportador_01,Ucrania,Rosas,625.1,7.37,4606.99,2023-05-26,7
Exportador_02,España,Flores de verano,245.0,4.13,1011.85,2023-05-26,4
Exportador_03,México,Rosas,1546.8,5.68,8785.82,2023-05-26,3
Exportador_04,Rusia,Rosas,718.1,7.61,5464.74,2023-05-26,4
Exportador_05,Ucrania,Rosas,1961.3,7.52,14748.98,2023-05-26,4
Exportador_07,Alemania,Gypsophila,599.3,4.74,2840.68,2023-05-26,3
Exportador_08,Chile,Gypsophila,224.5,3.87,868.82,2023-05-26,4
Exportador_09,Rusia,Rosas,588.8,7.55,4445.44,2023-05-26,5
Exportador_10,España,Claveles,501.3,3.79,1899.93,2023-05-26,6
Exportador_13,Estados Unidos,Rosas,1085.5,5.96,6469.58,2023-05-26,2
Exportador_01,Estados Unidos,Rosas,504.5,6.21,3132.95,2023-05-27,1
Exportador_02,Kazajistán,Gypsophila,828.5,5.46,4523.61,2023-05-27,6
Exportador_02,Estados Unidos,Rosas,723.3,6.54,4730.38,2023-05-27,2
Exportador_02,Estados Unidos,Rosas,596.5,6.26,3734.09,2023-05-27,3
Exportador_03,Rusia,Rosas,685.6,7.7,5279.12,2023-05-27,6
Exportador_04,Rusia,Rosas,2810.3,7.31,20543.29,2023-05-27,7
Exportador_04,Estados Unidos,Rosas,985.8,6.91,6811.88,2023-05-27,3
Exportador_06,Países Bajos,Rosas,624.7,7.03,4391.64,2023-05-28,6
Exportador_10,Alemania,Gypsophila,465.0,5.33,2478.45,2023-05-28,6
Exportador_12,Kazajistán,Rosas,427.6,8.25,3527.7,2023-05-28,9
Exportador_12,Chile,Rosas,507.1,6.62,3357.0,2023-05-28,2
Exportador_14,Rusia,Rosas,487.0,8.03,3910.61,2023-05-28,6
Exportador_01,Rusia,Rosas,901.0,7.41,6676.41,2023-05-29,5
Exportador_01,Rusia,Crisantemos,496.3,3.53,1751.94,2023-05-29,5
Exportador_03,Países Bajos,Rosas,1104.2,6.28,6934.38,2023-05-29,4
Exportador_03,Italia,Rosas,1065.1,7.31,7785.88,2023-05-29,3
Exportador_01,España,Rosas,488.9,6.2,3031.18,2023-05-30,3
Exportador_01,Ucrania,Gypsophila,651.5,5.16,3361.74,2023-05-30,6
Exportador_01,Estados Unidos,Gypsophila,437.4,4.78,2090.77,2023-05-30,3
Exportador_04,Países Bajos,Claveles,402.0,4.06,1632.12,2023-05-30,6
Exportador_05,Estados Unidos,Rosas,478.3,5.87,2807.62,2023-05-30,3
Exportador_06,España,Rosas,1313.0,7.49,9834.37,2023-05-30,5
Exportador_06,Rusia,Rosas,1556.9,7.85,12221.67,2023-05-30,7
Exportador_06,México,Rosas,869.6,6.59,5730.66,2023-05-30,2
Exportador_08,Estados Unidos,Rosas,1228.7,6.36,7814.53,2023-05-30,2
Exportador_10,Estados Unidos,Rosas,681.3,5.96,4060.55,2023-05-30,1
Exportador_13,Chile,Rosas,1520.9,5.87,8927.68,2023-05-30,4
Exportador_01,Estados Unidos,Rosas,1163.6,6.57,7644.85,2023-05-31,3
Exportador_02,Japón,Rosas,2296.3,7.5,17222.25,2023-05-31,8
Exportador_04,Rusia,Rosas,670.8,7.19,4823.05,2023-05-31,4
Exportador_06,Japón,Flores de verano,291.3,5.28,1538.06,2023-05-31,6
Exportador_09,México,Rosas,274.1,6.34,1737.79,2023-05-31,4
Exportador_01,España,Rosas,820.4,6.18,5070.07,2023-06-01,4
Exportador_10,Japón,Rosas,269.8,7.47,2015.41,2023-06-01,6
Exportador_02,Canadá,Rosas,239.8,6.48,1553.9,2023-06-02,3
Exportador_03,Rusia,Rosas,2088.6,7.38,15413.87,2023-06-02,6
Exportador_05,Estados Unidos,Gypsophila,242.8,4.23,1027.04,2023-06-02,3
Exportador_08,Estados Unidos,Gypsophila,611.7,4.1,2507.97,2023-06-02,3
Exportador_10,Países Bajos,Rosas,766.7,7.21,5527.91,2023-06-02,6
Exportador_14,Ucrania,Rosas,921.1,7.27,6696.4,2023-06-02,5
Exportador_01,Ucrania,Rosas,813.2,7.2,5855.04,2023-06-03,5
Exportador_13,España,Crisantemos,736.2,3.15,2319.03,2023-06-03,4
Exportador_03,Países Bajos,Rosas,740.2,7.19,5322.04,2023-06-04,3
Exportador_03,Kazajistán,Rosas,1738.2,7.8,13557.96,2023-06-04,9
Exportador_01,Canadá,Crisantemos,590.2,3.48,2053.9,2023-06-05,2
Exportador_02,Estados Unidos,Rosas,739.1,6.68,4937.19,2023-06-05,2
Exportador_09,Estados Unidos,Crisantemos,340.2,3.17,1078.43,2023-06-05,1
Exportador_01,Países Bajos,Flores de verano,322.8,4.14,1336.39,2023-06-06,4
Exportador_01,Estados Unidos,Rosas,664.1,6.96,4622.14,2023-06-06,1
Exportador_04,Estados Unidos,Rosas,1250.8,7.04,8805.63,2023-06-06,3
Exportador_09,Rusia,Rosas,1920.6,7.76,14903.86,2023-06-06,4
Exportador_13,Japón,Rosas,1367.0,8.62,11783.54,2023-06-06,7
Exportador_01,España,Rosas,771.8,6.92,5340.86,2023-06-07,3
Exportador_01,Estados Unidos,Rosas,896.8,6.64,5954.75,2023-06-07,1
Exportador_05,Estados Unidos,Rosas,663.3,6.19,4105.83,2023-06-07,2
Exportador_06,Países Bajos,Rosas,1030.2,6.9,7108.38,2023-06-07,5
Exportador_07,Estados Unidos,Rosas,1177.3,5.99,7052.03,2023-06-07,1
Exportador_08,Estados Unidos,Rosas,366.3,6.47,2369.96,2023-06-07,3
Exportador_11,Rusia,Rosas,601.3,7.42,4461.65,2023-06-07,6
Exportador_01,Estados Unidos,Rosas,911.8,6.18,5634.92,2023-06-08,3
Exportador_02,Estados Unidos,Rosas,1239.6,6.44,7983.02,2023-06-08,3
Exportador_12,México,Flores de verano,122.3,3.6,440.28,2023-06-08,2
Exportador_01,Chile,Flores de verano,259.5,4.08,1058.76,2023-06-09,4
Exportador_01,Estados Unidos,Rosas,4601.2,6.84,31472.21,2023-06-09,2
Exportador_02,Italia,Rosas,1462.4,7.25,10602.4,2023-06-09,3
Exportador_03,Estados Unidos,Rosas,290.7,6.45,1875.01,2023-06-09,3
Exportador_05,México,Rosas,689.8,6.78,4676.84,2023-06-09,4
Exportador_06,Estados Unidos,Flores de verano,579.8,4.44,2574.31,2023-06-09,1
Exportador_01,Rusia,Claveles,404.3,3.87,1564.64,2023-06-10,4
Exportador_01,Rusia,Rosas,1357.1,7.87,10680.38,2023-06-10,5
Exportador_09,Estados Unidos,Gypsophila,1144.5,4.2,4806.9,2023-06-10,1
Exportador_10,Estados Unidos,Rosas,646.6,6.71,4338.69,2023-06-10,1
Exportador_01,España,Rosas,1356.2,6.34,8598.31,2023-06-11,6
Exportador_01,México,Flores de verano,268.2,3.63,973.57,2023-06-11,4
Exportador_01,Rusia,Rosas,1500.3,7.98,11972.39,2023-06-11,6
Exportador_03,Estados Unidos,Rosas,1499.2,6.66,9984.67,2023-06-11,2
Exportador_12,Estados Unidos,Flores de verano,676.6,3.72,2516.95,2023-06-12,2
Exportador_01,Alemania,Hortensias,361.1,7.09,2560.2,2023-06-13,6
Exportador_01,Estados Unidos,Rosas,520.6,6.01,3128.81,2023-06-13,1
Exportador_01,Estados Unidos,Rosas,1261.6,6.05,7632.68,2023-06-13,1
Exportador_01,Estados Unidos,Crisantemos,542.6,3.35,1817.71,2023-06-13,1
Exportador_02,Estados Unidos,Rosas,1239.6,6.2,7685.52,2023-06-13,3
Exportador_03,Países Bajos,Crisantemos,396.2,3.34,1323.31,2023-06-13,6
Exportador_09,Estados Unidos,Rosas,1033.5,6.94,7172.49,2023-06-13,2
Exportador_10,Kazajistán,Rosas,1170.1,8.14,9524.61,2023-06-13,9
Exportador_11,Estados Unidos,Rosas,355.1,6.75,2396.93,2023-06-13,1
Exportador_01,Estados Unidos,Rosas,448.9,6.56,2944.78,2023-06-14,1
Exportador_02,Estados Unidos,Crisantemos,322.2,3.49,1124.48,2023-06-14,2
Exportador_10,Japón,Rosas,1008.1,7.35,7409.53,2023-06-14,8
Exportador_08,Estados Unidos,Rosas,973.1,7.15,6957.67,2023-06-15,1
Exportador_13,Estados Unidos,Hortensias,358.5,5.74,2057.79,2023-06-15,2
Exportador_14,Canadá,Rosas,504.4,6.88,3470.27,2023-06-15,3
Exportador_01,Estados Unidos,Rosas,1039.3,6.17,6412.48,2023-06-16,1
Exportador_01,Estados Unidos,Rosas,1855.5,6.7,12431.85,2023-06-16,2
Exportador_02,Estados Unidos,Hortensias,218.9,6.34,1387.83,2023-06-16,1
Exportador_04,Chile,Flores de verano,323.5,3.8,1229.3,2023-06-16,3
Exportador_03,Países Bajos,Rosas,543.5,6.74,3663.19,2023-06-17,4
Exportador_07,Países Bajos,Rosas,1342.1,6.83,9166.54,2023-06-17,5
Exportador_08,Países Bajos,Rosas,1311.4,7.35,9638.79,2023-06-17,5
Exportador_01,Estados Unidos,Rosas,692.4,6.96,4819.1,2023-06-18,1
Exportador_04,Alemania,Rosas,1097.8,6.62,7267.44,2023-06-18,4
Exportador_01,Estados Unidos,Rosas,1022.6,6.17,6309.44,2023-06-19,2
Exportador_09,México,Rosas,780.3,5.67,4424.3,2023-06-19,2
Exportador_01,Rusia,Rosas,1227.7,8.21,10079.42,2023-06-20,4
Exportador_01,Estados Unidos,Flores de verano,706.0,4.42,3120.52,2023-06-20,3
Exportador_03,Países Bajos,Rosas,1256.5,6.94,8720.11,2023-06-20,4
Exportador_04,Kazajistán,Rosas,1068.4,8.11,8664.72,2023-06-20,8
Exportador_04,Estados Unidos,Gypsophila,1156.4,4.19,4845.32,2023-06-20,3
Exportador_11,Países Bajos,Rosas,408.5,7.33,2994.3,2023-06-20,4
Exportador_12,Estados Unidos,Gypsophila,350.5,4.14,1451.07,2023-06-20,2
Exportador_12,España,Rosas,1251.2,6.71,8395.55,2023-06-20,3
Exportador_01,España,Rosas,2120.1,7.3,15476.73,2023-06-21,5
Exportador_01,Estados Unidos,Rosas,1425.3,6.18,8808.35,2023-06-21,1
Exportador_06,Rusia,Gypsophila,274.1,5.1,1397.91,2023-06-21,7
Exportador_01,Estados Unidos,Rosas,887.2,6.93,6148.3,2023-06-22,1
Exportador_06,Chile,Rosas,951.0,6.26,5953.26,2023-06-22,4
Exportador_07,Canadá,Rosas,1618.8,7.51,12157.19,2023-06-22,4
Exportador_09,Canadá,Rosas,292.7,6.61,1934.75,2023-06-22,2
Exportador_12,Estados Unidos,Gypsophila,1007.5,4.74,4775.55,2023-06-22,3
Exportador_15,Países Bajos,Rosas,481.6,7.15,3443.44,2023-06-22,4
Exportador_01,Estados Unidos,Rosas,811.9,6.26,5082.49,2023-06-23,2
Exportador_03,Rusia,Rosas,884.8,8.22,7273.06,2023-06-23,7
Exportador_01,Estados Unidos,Rosas,899.0,6.06,5447.94,2023-06-24,3
Exportador_07,Japón,Gypsophila,802.8,6.08,4881.02,2023-06-24,5
Exportador_01,Canadá,Rosas,1738.0,7.46,12965.48,2023-06-25,4
Exportador_01,Kazajistán,Gypsophila,1288.7,5.74,7397.14,2023-06-25,8
Exportador_03,Italia,Gypsophila,420.4,5.13,2156.65,2023-06-25,3
Exportador_05,Estados Unidos,Hortensias,251.9,6.52,1642.39,2023-06-25,2
Exportador_02,Estados Unidos,Crisantemos,381.6,3.15,1202.04,2023-06-26,1
Exportador_01,Estados Unidos,Rosas,1429.5,5.86,8376.87,2023-06-27,1
Exportador_01,España,Flores de verano,183.8,4.54,834.45,2023-06-27,6
Exportador_02,Japón,Rosas,734.0,7.35,5394.9,2023-06-27,5
Exportador_02,Canadá,Rosas,1462.2,6.26,9153.37,2023-06-27,3
Exportador_05,Estados Unidos,Rosas,1946.8,6.08,11836.54,2023-06-27,1
Exportador_01,Estados Unidos,Claveles,290.7,3.68,1069.78,2023-06-28,2
Exportador_01,Rusia,Rosas,1290.2,8.07,10411.91,2023-06-28,4
Exportador_01,Estados Unidos,Rosas,488.9,6.47,3163.18,2023-06-28,3
Exportador_01,Estados Unidos,Rosas,639.2,6.07,3879.94,2023-06-28,2
Exportador_01,Kazajistán,Claveles,597.0,4.08,2435.76,2023-06-28,8
Exportador_02,Países Bajos,Crisantemos,510.6,3.21,1639.03,2023-06-28,4
Exportador_11,México,Rosas,659.5,6.32,4168.04,2023-06-28,2
Exportador_13,Italia,Claveles,357.9,4.08,1460.23,2023-06-28,6
Exportador_01,Japón,Rosas,1818.0,8.22,14943.96,2023-06-29,6
Exportador_01,México,Rosas,863.2,5.83,5032.46,2023-06-29,3
Exportador_01,Estados Unidos,Rosas,656.7,6.25,4104.38,2023-06-29,1
Exportador_01,Ucrania,Rosas,749.9,7.48,5609.25,2023-06-29,7
Exportador_02,Chile,Rosas,633.6,6.46,4093.06,2023-06-29,2
Exportador_02,Ucrania,Rosas,882.9,6.49,5730.02,2023-06-29,5
Exportador_06,Estados Unidos,Rosas,772.7,6.72,5192.54,2023-06-29,3
Exportador_07,Japón,Rosas,1478.3,7.38,10909.85,2023-06-29,5
Exportador_01,Estados Unidos,Rosas,712.2,6.72,4785.98,2023-06-30,2
Exportador_01,Estados Unidos,Hortensias,338.3,5.9,1995.97,2023-07-01,3
Exportador_02,Japón,Rosas,1017.9,7.6,7736.04,2023-07-01,8
Exportador_02,Ucrania,Flores de verano,492.0,4.75,2337.0,2023-07-01,8
Exportador_05,Estados Unidos,Gypsophila,561.8,4.48,2516.86,2023-07-01,3
Exportador_03,Estados Unidos,Rosas,1285.3,5.89,7570.42,2023-07-02,1
Exportador_05,Italia,Rosas,1304.8,6.87,8963.98,2023-07-02,4
Exportador_05,Rusia,Rosas,1264.4,7.75,9799.1,2023-07-02,4
Exportador_01,Países Bajos,Rosas,1606.2,6.44,10343.93,2023-07-03,4
Exportador_01,Estados Unidos,Rosas,686.5,6.97,4784.9,2023-07-03,1
Exportador_01,Canadá,Rosas,917.3,6.16,5650.57,2023-07-03,2
Exportador_01,Canadá,Rosas,2949.1,6.53,19257.62,2023-07-03,3
Exportador_04,Estados Unidos,Crisantemos,849.1,2.95,2504.85,2023-07-03,1
Exportador_15,Países Bajos,Rosas,1000.3,6.78,6782.03,2023-07-03,4
Exportador_01,Rusia,Rosas,271.1,6.99,1894.99,2023-07-04,7
Exportador_05,México,Rosas,937.4,6.15,5765.01,2023-07-04,3
Exportador_01,Rusia,Rosas,974.7,6.89,6715.68,2023-07-05,7
Exportador_04,Canadá,Rosas,565.9,7.27,4114.09,2023-07-05,2
Exportador_05,Rusia,Rosas,1028.1,7.41,7618.22,2023-07-05,4
Exportador_09,Chile,Rosas,661.8,6.77,4480.39,2023-07-05,2
Exportador_01,Rusia,Rosas,1490.0,6.76,10072.4,2023-07-06,4
Exportador_03,Estados Unidos,Rosas,1190.9,6.21,7395.49,2023-07-06,3
Exportador_08,Canadá,Rosas,1216.8,6.21,7556.33,2023-07-07,2
Exportador_02,Italia,Gypsophila,354.9,5.03,1785.15,2023-07-08,4
Exportador_01,México,Rosas,937.0,5.79,5425.23,2023-07-09,2
Exportador_05,Kazajistán,Hortensias,273.6,6.63,1813.97,2023-07-09,5
Exportador_09,Estados Unidos,Gypsophila,425.8,4.43,1886.29,2023-07-09,2
Exportador_14,Rusia,Rosas,1013.4,7.48,7580.23,2023-07-09,4
Exportador_01,Japón,Gypsophila,923.3,6.02,5558.27,2023-07-10,7
Exportador_05,Estados Unidos,Rosas,1525.3,6.32,9639.9,2023-07-10,1
Exportador_06,Estados Unidos,Rosas,2647.7,6.7,17739.59,2023-07-10,3
Exportador_01,Estados Unidos,Claveles,205.7,3.8,781.66,2023-07-11,3
Exportador_01,Rusia,Rosas,1285.3,7.48,9614.04,2023-07-11,7
Exportador_03,Estados Unidos,Rosas,1416.2,6.43,9106.17,2023-07-11,3
Exportador_10,Italia,Rosas,1122.4,6.43,7217.03,2023-07-11,6
Exportador_13,Estados Unidos,Flores de verano,1171.1,4.21,4930.33,2023-07-11,1
Exportador_01,Estados Unidos,Rosas,1780.1,6.09,10840.81,2023-07-12,3
Exportador_06,Canadá,Rosas,344.1,7.26,2498.17,2023-07-12,2
Exportador_02,Países Bajos,Rosas,517.9,6.75,3495.82,2023-07-13,3
Exportador_04,Canadá,Hortensias,404.2,6.38,2578.8,2023-07-13,4
Exportador_04,Estados Unidos,Rosas,493.7,6.12,3021.44,2023-07-13,1
Exportador_07,Estados Unidos,Rosas,820.8,6.31,5179.25,2023-07-13,3
Exportador_08,Estados Unidos,Rosas,541.2,6.7,3626.04,2023-07-13,2
Exportador_08,Canadá,Rosas,668.9,6.28,4200.69,2023-07-13,4
Exportador_14,Estados Unidos,Rosas,1487.2,6.48,9637.06,2023-07-13,3
Exportador_02,Estados Unidos,Rosas,1052.5,6.59,6935.97,2023-07-14,3
Exportador_01,Estados Unidos,Rosas,676.4,6.31,4268.08,2023-07-15,1
Exportador_01,Alemania,Rosas,496.6,7.7,3823.82,2023-07-15,6
Exportador_06,Estados Unidos,Rosas,399.3,6.89,2751.18,2023-07-15,3
Exportador_06,España,Rosas,633.7,7.19,4556.3,2023-07-15,3
Exportador_10,México,Crisantemos,557.1,3.02,1682.44,2023-07-15,3
Exportador_11,Estados Unidos,Rosas,1451.6,6.02,8738.63,2023-07-15,2
Exportador_01,Chile,Rosas,756.7,6.38,4827.75,2023-07-16,4
Exportador_01,Chile,Rosas,773.7,5.62,4348.19,2023-07-16,2
Exportador_02,Estados Unidos,Rosas,518.9,6.69,3471.44,2023-07-16,1
Exportador_05,Países Bajos,Rosas,800.9,6.15,4925.53,2023-07-16,6
Exportador_06,Estados Unidos,Rosas,1154.8,6.09,7032.73,2023-07-16,2
Exportador_09,Estados Unidos,Rosas,585.9,7.01,4107.16,2023-07-16,1
Exportador_13,Estados Unidos,Rosas,1297.4,6.05,7849.27,2023-07-16,2
Exportador_01,España,Rosas,3306.5,7.2,23806.8,2023-07-17,5
Exportador_02,Canadá,Rosas,1022.4,6.39,6533.14,2023-07-17,2
Exportador_02,Estados Unidos,Gypsophila,662.4,4.11,2722.46,2023-07-17,2
Exportador_01,Chile,Rosas,844.0,6.35,5359.4,2023-07-18,2
Exportador_02,Rusia,Rosas,1015.3,7.78,7899.03,2023-07-18,7
Exportador_02,Ucrania,Rosas,649.1,7.57,4913.69,2023-07-18,8
Exportador_03,Ucrania,Rosas,516.6,7.28,3760.85,2023-07-18,7
Exportador_10,Estados Unidos,Rosas,955.3,5.97,5703.14,2023-07-18,1
Exportador_01,Estados Unidos,Rosas,2633.1,6.0,15798.6,2023-07-19,3
Exportador_02,Estados Unidos,Rosas,809.8,6.08,4923.58,2023-07-19,1
Exportador_04,Países Bajos,Rosas,2162.6,6.63,14338.04,2023-07-19,4
Exportador_05,Rusia,Rosas,1241.8,7.51,9325.92,2023-07-19,5
Exportador_07,Japón,Hortensias,354.1,7.86,2783.23,2023-07-19,7
Exportador_15,Estados Unidos,Gypsophila,665.1,4.68,3112.67,2023-07-19,1
Exportador_02,Estados Unidos,Gypsophila,408.3,4.54,1853.68,2023-07-20,1
Exportador_04,Estados Unidos,Rosas,1443.4,6.44,9295.5,2023-07-20,3
Exportador_15,Estados Unidos,Gypsophila,365.1,4.07,1485.96,2023-07-20,2
Exportador_01,España,Rosas,1907.4,6.32,12054.77,2023-07-21,5
Exportador_01,Estados Unidos,Rosas,739.2,6.84,5056.13,2023-07-21,3
Exportador_02,España,Rosas,1679.9,6.79,11406.52,2023-07-21,4
Exportador_07,Rusia,Rosas,396.3,6.74,2671.06,2023-07-21,4
Exportador_09,Estados Unidos,Rosas,1182.4,6.78,8016.67,2023-07-21,3
Exportador_04,Canadá,Rosas,472.7,6.63,3134.0,2023-07-22,4
Exportador_08,Chile,Rosas,907.6,5.65,5127.94,2023-07-22,4
Exportador_04,México,Rosas,2528.1,6.2,15674.22,2023-07-23,2
Exportador_06,Ucrania,Gypsophila,455.2,4.78,2175.86,2023-07-23,4
Exportador_01,Kazajistán,Rosas,597.6,7.76,4637.38,2023-07-24,6
Exportador_02,Kazajistán,Rosas,1458.3,7.14,10412.26,2023-07-24,8
Exportador_03,Países Bajos,Claveles,346.7,3.46,1199.58,2023-07-24,3
Exportador_13,Rusia,Gypsophila,506.0,5.23,2646.38,2023-07-24,6
Exportador_01,Rusia,Rosas,1077.0,8.21,8842.17,2023-07-25,6
Exportador_03,Rusia,Flores de verano,199.9,4.79,957.52,2023-07-25,7
Exportador_05,Estados Unidos,Rosas,214.0,6.96,1489.44,2023-07-25,3
Exportador_10,Estados Unidos,Rosas,578.6,6.79,3928.69,2023-07-25,1
Exportador_14,Estados Unidos,Rosas,1024.0,5.89,6031.36,2023-07-25,3
Exportador_11,Kazajistán,Rosas,655.2,8.29,5431.61,2023-07-26,7
Exportador_01,México,Hortensias,376.5,5.71,2149.82,2023-07-27,3
Exportador_01,Alemania,Rosas,1242.8,6.92,8600.18,2023-07-27,5
Exportador_02,Estados Unidos,Rosas,1113.0,6.87,7646.31,2023-07-27,1
Exportador_04,España,Rosas,762.5,6.17,4704.62,2023-07-27,6
Exportador_11,Estados Unidos,Rosas,752.9,7.01,5277.83,2023-07-27,3
Exportador_12,Kazajistán,Rosas,2133.6,7.56,16130.02,2023-07-27,7
Exportador_01,Estados Unidos,Rosas,631.4,6.48,4091.47,2023-07-28,1
Exportador_01,España,Rosas,813.4,7.13,5799.54,2023-07-28,4
Exportador_03,Estados Unidos,Rosas,1179.2,6.28,7405.38,2023-07-28,3
Exportador_05,Alemania,Rosas,1012.0,7.42,7509.04,2023-07-28,4
Exportador_06,Estados Unidos,Gypsophila,377.2,4.87,1836.96,2023-07-28,3
Exportador_06,Rusia,Rosas,539.0,7.42,3999.38,2023-07-28,6
Exportador_10,Kazajistán,Rosas,1205.9,7.19,8670.42,2023-07-28,9
Exportador_02,Chile,Rosas,972.4,6.25,6077.5,2023-07-29,2
Exportador_03,Rusia,Rosas,1666.4,6.89,11481.5,2023-07-29,6
Exportador_06,España,Crisantemos,549.8,3.2,1759.36,2023-07-29,4
Exportador_06,España,Rosas,1040.6,7.04,7325.82,2023-07-29,5
Exportador_01,Alemania,Rosas,1540.4,6.72,10351.49,2023-07-30,5
Exportador_01,Países Bajos,Rosas,849.0,6.39,5425.11,2023-07-30,4
Exportador_02,Kazajistán,Rosas,1254.2,8.56,10735.95,2023-07-30,8
Exportador_09,Estados Unidos,Hortensias,491.8,6.41,3152.44,2023-07-30,3
Exportador_12,Ucrania,Rosas,722.3,6.5,4694.95,2023-07-30,4
Exportador_01,España,Gypsophila,184.6,5.04,930.38,2023-07-31,6
Exportador_02,Rusia,Rosas,274.0,7.9,2164.6,2023-07-31,7
Exportador_02,Kazajistán,Rosas,753.2,7.95,5987.94,2023-07-31,7
Exportador_09,España,Gypsophila,1605.3,4.76,7641.23,2023-07-31,4
Exportador_11,Rusia,Gypsophila,327.1,4.69,1534.1,2023-07-31,6
Exportador_12,Países Bajos,Flores de verano,347.8,3.88,1349.46,2023-07-31,3
Exportador_14,Estados Unidos,Rosas,1255.2,5.93,7443.34,2023-07-31,2
Exportador_02,Rusia,Rosas,444.5,7.52,3342.64,2023-08-01,6
Exportador_04,Estados Unidos,Rosas,1230.8,6.79,8357.13,2023-08-01,2
Exportador_08,Estados Unidos,Claveles,719.4,3.85,2769.69,2023-08-01,3
Exportador_09,Kazajistán,Gypsophila,672.8,5.21,3505.29,2023-08-01,7
Exportador_13,Chile,Claveles,130.2,3.67,477.83,2023-08-01,2
Exportador_13,Rusia,Rosas,1013.1,6.91,7000.52,2023-08-01,5
Exportador_15,Estados Unidos,Rosas,1646.5,6.01,9895.47,2023-08-01,2
Exportador_01,Rusia,Rosas,867.6,7.37,6394.21,2023-08-02,6
Exportador_02,México,Rosas,2009.7,6.46,12982.66,2023-08-02,3
Exportador_03,Estados Unidos,Rosas,845.6,5.88,4972.13,2023-08-02,2
Exportador_04,Estados Unidos,Rosas,290.6,7.02,2040.01,2023-08-02,1
Exportador_07,Kazajistán,Rosas,2523.4,8.08,20389.07,2023-08-02,8
Exportador_01,Rusia,Rosas,456.9,8.01,3659.77,2023-08-03,4
Exportador_03,Estados Unidos,Rosas,995.2,6.48,6448.9,2023-08-03,2
Exportador_15,Japón,Flores de verano,282.4,5.15,1454.36,2023-08-03,8
Exportador_01,Estados Unidos,Rosas,3022.9,6.13,18530.38,2023-08-04,2
Exportador_03,Países Bajos,Hortensias,500.8,6.12,3064.9,2023-08-04,6
Exportador_08,Estados Unidos,Claveles,436.0,3.83,1669.88,2023-08-04,2
Exportador_11,Italia,Rosas,1767.2,6.45,11398.44,2023-08-04,4
Exportador_14,Canadá,Flores de verano,150.6,4.33,652.1,2023-08-04,4
Exportador_01,Países Bajos,Hortensias,339.4,6.45,2189.13,2023-08-05,4
Exportador_01,Canadá,Rosas,1334.1,6.4,8538.24,2023-08-05,4
Exportador_03,Kazajistán,Flores de verano,345.9,4.79,1656.86,2023-08-05,7
Exportador_06,Estados Unidos,Flores de verano,624.8,4.34,2711.63,2023-08-05,3
Exportador_12,Rusia,Gypsophila,362.7,5.06,1835.26,2023-08-05,6
Exportador_01,Estados Unidos,Rosas,1378.6,6.83,9415.84,2023-08-06,1
Exportador_01,Alemania,Rosas,956.4,7.15,6838.26,2023-08-06,4
Exportador_02,Italia,Rosas,443.3,7.16,3174.03,2023-08-06,6
Exportador_03,Estados Unidos,Gypsophila,437.7,4.66,2039.68,2023-08-06,2
Exportador_03,Estados Unidos,Rosas,637.3,6.42,4091.47,2023-08-06,1
Exportador_12,Estados Unidos,Rosas,1099.0,6.95,7638.05,2023-08-06,2
Exportador_14,México,Rosas,618.1,5.91,3652.97,2023-08-06,2
Exportador_02,Estados Unidos,Rosas,508.7,6.79,3454.07,2023-08-07,3
Exportador_09,Estados Unidos,Rosas,387.1,7.09,2744.54,2023-08-07,1
Exportador_10,Kazajistán,Rosas,535.6,7.61,4075.92,2023-08-07,6
Exportador_13,Canadá,Rosas,1770.5,6.77,11986.28,2023-08-07,4
Exportador_01,Estados Unidos,Rosas,947.0,6.3,5966.1,2023-08-08,1
Exportador_04,Rusia,Hortensias,793.7,7.0,5555.9,2023-08-08,4
Exportador_08,Estados Unidos,Rosas,883.3,6.05,5343.96,2023-08-08,2
Exportador_01,Estados Unidos,Gypsophila,708.3,4.34,3074.02,2023-08-09,1
Exportador_03,Estados Unidos,Rosas,901.4,5.9,5318.26,2023-08-09,1
Exportador_04,Estados Unidos,Rosas,1344.2,6.45,8670.09,2023-08-09,2
Exportador_06,Países Bajos,Rosas,1166.5,7.08,8258.82,2023-08-09,3
Exportador_07,México,Hortensias,277.5,5.38,1492.95,2023-08-09,3
Exportador_08,Canadá,Gypsophila,378.7,4.49,1700.36,2023-08-09,3
Exportador_08,España,Claveles,578.4,3.72,2151.65,2023-08-09,6
Exportador_15,Rusia,Crisantemos,274.9,3.33,915.42,2023-08-09,5
Exportador_01,Italia,Rosas,2224.9,7.18,15974.78,2023-08-10,5
Exportador_04,Estados Unidos,Rosas,902.8,5.96,5380.69,2023-08-10,2
Exportador_04,Rusia,Crisantemos,305.2,3.62,1104.82,2023-08-10,5
Exportador_05,México,Rosas,1377.3,5.6,7712.88,2023-08-10,3
Exportador_01,Italia,Hortensias,284.5,5.75,1635.88,2023-08-11,4
Exportador_01,Países Bajos,Rosas,758.3,6.53,4951.7,2023-08-11,3
Exportador_01,Estados Unidos,Rosas,2201.7,6.28,13826.68,2023-08-11,3
Exportador_02,Estados Unidos,Rosas,699.6,6.31,4414.48,2023-08-11,1
Exportador_04,Estados Unidos,Rosas,648.2,6.12,3966.98,2023-08-11,3
Exportador_06,Estados Unidos,Rosas,1068.3,7.07,7552.88,2023-08-11,2
Exportador_11,España,Hortensias,302.0,6.8,2053.6,2023-08-11,4
Exportador_02,Ucrania,Rosas,628.6,7.23,4544.78,2023-08-12,6
Exportador_03,Kazajistán,Rosas,1001.6,7.64,7652.22,2023-08-13,6
Exportador_01,Rusia,Claveles,1338.4,3.79,5072.54,2023-08-14,7
Exportador_01,España,Rosas,565.7,7.47,4225.78,2023-08-14,3
Exportador_01,Ucrania,Gypsophila,561.3,4.68,2626.88,2023-08-14,5
Exportador_02,España,Gypsophila,1440.2,5.08,7316.22,2023-08-14,4
Exportador_02,Japón,Crisantemos,903.3,4.28,3866.12,2023-08-14,8
Exportador_07,México,Rosas,332.1,6.63,2201.82,2023-08-14,2
Exportador_09,México,Rosas,1170.0,6.62,7745.4,2023-08-14,3
Exportador_14,Alemania,Rosas,1098.6,6.37,6998.08,2023-08-14,6
Exportador_01,Estados Unidos,Rosas,539.8,5.98,3228.0,2023-08-15,3
Exportador_02,Países Bajos,Hortensias,249.7,6.53,1630.54,2023-08-15,4
Exportador_01,Países Bajos,Crisantemos,341.4,3.18,1085.65,2023-08-16,6
Exportador_03,Estados Unidos,Rosas,985.3,6.95,6847.84,2023-08-16,1
Exportador_07,Canadá,Rosas,840.9,6.87,5776.98,2023-08-16,2
Exportador_12,Alemania,Flores de verano,296.7,4.55,1349.98,2023-08-16,3
Exportador_01,Canadá,Rosas,2473.3,6.2,15334.46,2023-08-17,2
Exportador_01,México,Rosas,575.5,5.79,3332.14,2023-08-17,4
Exportador_01,Países Bajos,Rosas,718.1,7.4,5313.94,2023-08-17,3
Exportador_02,Ucrania,Rosas,686.6,6.89,4730.67,2023-08-17,4
Exportador_04,Estados Unidos,Rosas,1231.5,5.97,7352.05,2023-08-17,1
Exportador_06,Rusia,Rosas,591.5,7.84,4637.36,2023-08-17,7
Exportador_07,Países Bajos,Rosas,545.3,6.4,3489.92,2023-08-17,6
Exportador_08,Rusia,Rosas,971.4,7.87,7644.92,2023-08-17,6
Exportador_09,Italia,Rosas,970.6,6.7,6503.02,2023-08-17,5
Exportador_14,Rusia,Rosas,1095.0,7.81,8551.95,2023-08-17,5
Exportador_01,Estados Unidos,Rosas,1577.4,6.92,10915.61,2023-08-18,2
Exportador_01,Estados Unidos,Rosas,1177.4,7.12,8383.09,2023-08-18,3
Exportador_01,Países Bajos,Rosas,2672.9,6.47,17293.66,2023-08-18,3
Exportador_02,Países Bajos,Rosas,1753.9,6.52,11435.43,2023-08-18,3
Exportador_03,Estados Unidos,Rosas,410.6,6.01,2467.71,2023-08-18,2
Exportador_03,Estados Unidos,Flores de verano,157.7,4.3,678.11,2023-08-18,3
Exportador_09,México,Crisantemos,438.1,3.08,1349.35,2023-08-18,2
Exportador_09,Italia,Rosas,164.0,6.88,1128.32,2023-08-18,5
Exportador_01,España,Rosas,981.8,6.96,6833.33,2023-08-19,4
Exportador_02,Ucrania,Rosas,1960.7,7.38,14469.97,2023-08-19,5
Exportador_06,Rusia,Flores de verano,1070.1,5.07,5425.41,2023-08-19,5
Exportador_03,Italia,Rosas,450.9,6.47,2917.32,2023-08-20,3
Exportador_03,Rusia,Rosas,492.6,9.5,4679.7,2023-08-20,6
Exportador_04,Países Bajos,Rosas,1252.8,6.67,8356.18,2023-08-20,5
Exportador_06,Rusia,Rosas,2330.8,9.54,22235.83,2023-08-20,6
Exportador_11,Kazajistán,Rosas,1517.3,9.37,14217.1,2023-08-20,7
Exportador_13,México,Rosas,1258.6,6.71,8445.21,2023-08-20,2
Exportador_01,Rusia,Rosas,917.2,9.51,8722.57,2023-08-21,6
Exportador_02,Estados Unidos,Rosas,459.9,7.04,3237.7,2023-08-21,1
Exportador_02,Países Bajos,Flores de verano,153.4,3.97,609.0,2023-08-21,5
Exportador_04,Canadá,Rosas,633.0,6.23,3943.59,2023-08-21,4
Exportador_07,Rusia,Claveles,571.3,4.88,2787.94,2023-08-21,6
Exportador_07,España,Rosas,1914.7,7.3,13977.31,2023-08-21,3
Exportador_10,Rusia,Rosas,1579.9,9.42,14882.66,2023-08-21,4
Exportador_10,México,Rosas,727.8,6.52,4745.26,2023-08-21,2
Exportador_13,Ucrania,Rosas,1802.3,9.25,16671.27,2023-08-21,7
Exportador_01,Estados Unidos,Rosas,1412.0,7.0,9884.0,2023-08-22,2
Exportador_03,Canadá,Rosas,1313.1,6.95,9126.05,2023-08-22,3
Exportador_06,Alemania,Rosas,581.9,7.18,4178.04,2023-08-22,5
Exportador_11,Rusia,Rosas,1609.0,8.48,13644.32,2023-08-22,7
Exportador_12,Rusia,Hortensias,722.0,8.62,6223.64,2023-08-22,7
Exportador_13,Rusia,Rosas,507.0,8.76,4441.32,2023-08-22,7
Exportador_01,Canadá,Claveles,461.3,3.48,1605.32,2023-08-23,2
Exportador_01,Rusia,Rosas,426.7,9.63,4109.12,2023-08-23,5
Exportador_01,Estados Unidos,Rosas,831.9,6.44,5357.44,2023-08-23,3
Exportador_01,Ucrania,Gypsophila,102.3,6.07,620.96,2023-08-23,7
Exportador_01,Estados Unidos,Rosas,493.6,6.77,3341.67,2023-08-23,3
Exportador_03,Rusia,Rosas,3243.6,8.94,28997.78,2023-08-23,4
Exportador_03,Alemania,Gypsophila,354.3,5.22,1849.45,2023-08-23,3
Exportador_08,Estados Unidos,Gypsophila,705.7,4.92,3472.04,2023-08-23,1
Exportador_10,Canadá,Crisantemos,241.6,3.09,746.54,2023-08-23,2
Exportador_13,Rusia,Rosas,690.1,9.85,6797.48,2023-08-23,6
Exportador_02,Ucrania,Rosas,1643.9,8.85,14548.51,2023-08-24,6
Exportador_02,Estados Unidos,Crisantemos,374.1,3.22,1204.6,2023-08-24,1
Exportador_03,Estados Unidos,Rosas,2153.8,6.31,13590.48,2023-08-24,1
Exportador_04,Estados Unidos,Rosas,865.2,6.17,5338.28,2023-08-24,2
Exportador_05,Estados Unidos,Rosas,1671.0,7.02,11730.42,2023-08-24,1
Exportador_05,Estados Unidos,Rosas,811.1,6.65,5393.82,2023-08-24,1
Exportador_10,Estados Unidos,Flores de verano,219.5,4.46,978.97,2023-08-24,3
Exportador_01,Italia,Rosas,873.7,6.46,5644.1,2023-08-25,5
Exportador_01,Italia,Rosas,874.8,6.23,5450.0,2023-08-25,5
Exportador_01,Kazajistán,Gypsophila,577.0,7.13,4114.01,2023-08-25,8
Exportador_02,Canadá,Rosas,708.1,7.35,5204.53,2023-08-25,4
Exportador_02,Ucrania,Crisantemos,607.1,4.68,2841.23,2023-08-25,8
Exportador_05,Rusia,Claveles,495.6,5.62,2785.27,2023-08-25,5
Exportador_09,Rusia,Rosas,676.4,8.85,5986.14,2023-08-25,6
Exportador_10,Kazajistán,Claveles,422.2,5.59,2360.1,2023-08-25,5
Exportador_15,España,Rosas,1089.2,6.42,6992.66,2023-08-25,4
Exportador_01,Estados Unidos,Rosas,1198.6,5.91,7083.73,2023-08-26,2
Exportador_01,Países Bajos,Rosas,585.0,7.17,4194.45,2023-08-26,3
Exportador_01,Rusia,Gypsophila,587.9,6.78,3985.96,2023-08-26,6
Exportador_04,Ucrania,Rosas,753.5,8.25,6216.38,2023-08-26,6
Exportador_07,Estados Unidos,Rosas,2228.7,6.42,14308.25,2023-08-26,2
Exportador_07,Estados Unidos,Gypsophila,949.8,4.45,4226.61,2023-08-26,1
Exportador_10,España,Rosas,802.2,7.44,5968.37,2023-08-26,5
Exportador_12,Ucrania,Rosas,529.2,9.42,4985.06,2023-08-26,6
Exportador_13,Estados Unidos,Gypsophila,318.9,4.57,1457.37,2023-08-26,2
Exportador_13,Rusia,Rosas,3614.4,9.9,35782.56,2023-08-26,7
Exportador_01,Estados Unidos,Rosas,925.9,6.97,6453.52,2023-08-27,3
Exportador_01,Estados Unidos,Rosas,1152.8,6.78,7815.98,2023-08-27,1
Exportador_01,Estados Unidos,Rosas,1144.0,7.12,8145.28,2023-08-27,2
Exportador_01,Rusia,Rosas,642.6,8.95,5751.27,2023-08-27,7
Exportador_02,Chile,Rosas,220.1,6.7,1474.67,2023-08-27,3
Exportador_03,Kazajistán,Rosas,2024.1,9.74,19714.73,2023-08-27,5
Exportador_01,Chile,Gypsophila,379.5,4.42,1677.39,2023-08-28,3
Exportador_01,España,Gypsophila,381.3,4.3,1639.59,2023-08-28,5
Exportador_01,Rusia,Rosas,795.1,9.33,7418.28,2023-08-28,7
Exportador_04,Estados Unidos,Gypsophila,467.2,4.55,2125.76,2023-08-28,1
Exportador_05,Chile,Rosas,604.9,6.46,3907.65,2023-08-28,2
Exportador_06,Países Bajos,Gypsophila,338.3,5.08,1718.56,2023-08-28,4
Exportador_09,Países Bajos,Rosas,2550.8,7.32,18671.86,2023-08-28,4
Exportador_10,Rusia,Rosas,834.8,9.61,8022.43,2023-08-28,4
Exportador_01,Alemania,Rosas,3942.7,7.08,27914.32,2023-08-29,3
Exportador_01,Japón,Rosas,1282.4,8.6,11028.64,2023-08-29,7
Exportador_01,Kazajistán,Rosas,939.8,9.19,8636.76,2023-08-29,5
Exportador_01,Estados Unidos,Rosas,849.9,6.83,5804.82,2023-08-29,2
Exportador_01,España,Rosas,1268.7,6.81,8639.85,2023-08-29,5
Exportador_01,Canadá,Rosas,542.4,7.03,3813.07,2023-08-29,3
Exportador_01,Canadá,Rosas,272.1,7.24,1970.0,2023-08-29,2
Exportador_03,Chile,Rosas,1539.7,6.53,10054.24,2023-08-29,4
Exportador_03,Estados Unidos,Rosas,276.7,6.0,1660.2,2023-08-29,2
Exportador_05,Estados Unidos,Rosas,1581.8,6.75,10677.15,2023-08-29,3
Exportador_07,Chile,Rosas,496.3,6.04,2997.65,2023-08-29,2
Exportador_09,Rusia,Rosas,2589.9,9.78,25329.22,2023-08-29,6
Exportador_01,Chile,Rosas,462.1,6.53,3017.51,2023-08-30,2
Exportador_02,Países Bajos,Gypsophila,607.8,4.98,3026.84,2023-08-30,4
Exportador_04,Rusia,Rosas,905.5,8.46,7660.53,2023-08-30,6
Exportador_09,Estados Unidos,Rosas,428.7,6.81,2919.45,2023-08-30,1
Exportador_15,Rusia,Rosas,801.6,9.41,7543.06,2023-08-30,4
Exportador_02,Países Bajos,Rosas,1077.9,6.85,7383.62,2023-08-31,5
Exportador_03,España,Rosas,335.6,6.68,2241.81,2023-08-31,6
Exportador_07,Kazajistán,Crisantemos,463.2,4.44,2056.61,2023-08-31,6
Exportador_14,España,Rosas,1756.5,6.92,12154.98,2023-08-31,4
Exportador_01,Italia,Rosas,2705.2,7.27,19666.8,2023-09-01,4
Exportador_02,Estados Unidos,Rosas,427.3,6.7,2862.91,2023-09-01,1
Exportador_09,Estados Unidos,Rosas,763.6,7.05,5383.38,2023-09-01,1
Exportador_01,España,Rosas,2095.7,7.07,14816.6,2023-09-02,6
Exportador_03,Estados Unidos,Rosas,964.0,6.01,5793.64,2023-09-02,2
Exportador_09,Rusia,Rosas,1057.9,7.8,8251.62,2023-09-02,5
Exportador_13,Estados Unidos,Rosas,891.4,6.76,6025.86,2023-09-02,1
Exportador_01,Rusia,Flores de verano,531.2,4.91,2608.19,2023-09-03,4
Exportador_01,Estados Unidos,Rosas,995.8,6.84,6811.27,2023-09-03,3
Exportador_01,Rusia,Rosas,432.0,7.37,3183.84,2023-09-03,7
Exportador_02,Japón,Rosas,2052.5,8.37,17179.42,2023-09-03,5
Exportador_03,Japón,Rosas,1328.5,8.81,11704.09,2023-09-03,7
Exportador_06,Estados Unidos,Rosas,203.7,6.53,1330.16,2023-09-03,3
Exportador_07,Estados Unidos,Claveles,125.8,3.92,493.14,2023-09-03,2
Exportador_11,Rusia,Rosas,478.2,7.03,3361.75,2023-09-03,6
Exportador_13,Países Bajos,Flores de verano,527.1,4.55,2398.3,2023-09-03,3
Exportador_15,Estados Unidos,Rosas,789.4,5.98,4720.61,2023-09-03,3
Exportador_15,Estados Unidos,Rosas,576.0,6.74,3882.24,2023-09-03,3
Exportador_02,Rusia,Rosas,608.9,6.84,4164.88,2023-09-04,7
Exportador_06,Alemania,Rosas,1257.9,7.6,9560.04,2023-09-04,5
Exportador_06,Chile,Rosas,486.5,6.32,3074.68,2023-09-04,4
Exportador_11,Estados Unidos,Rosas,1380.9,7.09,9790.58,2023-09-04,2
Exportador_02,Alemania,Rosas,1777.4,7.68,13650.43,2023-09-05,3
Exportador_06,Estados Unidos,Rosas,653.4,6.5,4247.1,2023-09-05,2
Exportador_10,Kazajistán,Rosas,706.5,8.2,5793.3,2023-09-05,8
Exportador_15,Estados Unidos,Rosas,462.0,6.16,2845.92,2023-09-05,3
Exportador_01,España,Rosas,1861.2,7.26,13512.31,2023-09-06,3
Exportador_01,Kazajistán,Rosas,925.9,7.36,6814.62,2023-09-06,6
Exportador_05,México,Rosas,545.5,5.77,3147.53,2023-09-06,2
Exportador_05,Estados Unidos,Rosas,987.1,7.12,7028.15,2023-09-06,2
Exportador_05,Kazajistán,Rosas,391.3,8.01,3134.31,2023-09-06,6
Exportador_09,Estados Unidos,Rosas,613.5,6.69,4104.32,2023-09-06,3
Exportador_12,Estados Unidos,Rosas,376.9,6.27,2363.16,2023-09-06,3
Exportador_12,Países Bajos,Rosas,1729.7,6.41,11087.38,2023-09-06,3
Exportador_13,Rusia,Hortensias,220.9,6.93,1530.84,2023-09-06,5
Exportador_02,Rusia,Gypsophila,346.4,5.13,1777.03,2023-09-07,4
Exportador_03,Estados Unidos,Rosas,486.7,6.33,3080.81,2023-09-07,1
Exportador_03,Estados Unidos,Claveles,573.8,3.49,2002.56,2023-09-07,1
Exportador_04,España,Rosas,681.4,6.68,4551.75,2023-09-07,5
Exportador_05,Ucrania,Rosas,597.0,6.92,4131.24,2023-09-07,8
Exportador_07,Estados Unidos,Rosas,1082.4,7.11,7695.86,2023-09-07,3
Exportador_10,Estados Unidos,Rosas,2198.4,7.14,15696.58,2023-09-07,1
Exportador_04,Alemania,Rosas,768.1,6.39,4908.16,2023-09-08,6
Exportador_01,Rusia,Rosas,625.8,8.15,5100.27,2023-09-09,6
Exportador_02,Canadá,Rosas,1792.4,6.22,11148.73,2023-09-09,4
Exportador_03,Estados Unidos,Rosas,1364.4,6.66,9086.9,2023-09-09,3
Exportador_09,Rusia,Rosas,958.7,7.34,7036.86,2023-09-09,5
Exportador_01,Estados Unidos,Claveles,488.1,3.35,1635.14,2023-09-10,3
Exportador_02,Países Bajos,Hortensias,434.7,5.74,2495.18,2023-09-10,4
Exportador_02,Italia,Gypsophila,681.8,5.11,3484.0,2023-09-10,6
Exportador_02,Italia,Rosas,631.7,7.4,4674.58,2023-09-10,5
Exportador_04,Canadá,Rosas,1898.5,6.4,12150.4,2023-09-10,4
Exportador_11,Alemania,Rosas,769.7,7.62,5865.11,2023-09-10,3
Exportador_11,España,Gypsophila,413.6,4.81,1989.42,2023-09-10,4
Exportador_01,Rusia,Rosas,621.6,6.94,4313.9,2023-09-11,7
Exportador_02,Canadá,Claveles,971.7,3.75,3643.88,2023-09-11,4
Exportador_04,Canadá,Rosas,580.7,7.3,4239.11,2023-09-11,2
Exportador_06,Ucrania,Rosas,1255.0,7.11,8923.05,2023-09-11,4
Exportador_07,Estados Unidos,Rosas,1386.6,6.19,8583.05,2023-09-11,3
Exportador_07,Rusia,Rosas,862.3,8.06,6950.14,2023-09-11,4
Exportador_12,Estados Unidos,Rosas,1446.6,5.96,8621.74,2023-09-11,3
Exportador_13,España,Rosas,899.6,7.39,6648.04,2023-09-11,6
Exportador_01,Estados Unidos,Rosas,1132.9,6.75,7647.08,2023-09-12,3
Exportador_01,Países Bajos,Rosas,1107.7,7.47,8274.52,2023-09-12,4
Exportador_07,Estados Unidos,Rosas,911.2,6.4,5831.68,2023-09-12,2
Exportador_15,Canadá,Rosas,1220.0,7.13,8698.6,2023-09-12,3
Exportador_15,Estados Unidos,Rosas,811.0,6.22,5044.42,2023-09-12,1
Exportador_01,Rusia,Crisantemos,291.3,3.95,1150.63,2023-09-13,6
Exportador_02,Rusia,Claveles,543.6,4.17,2266.81,2023-09-13,6
Exportador_05,Rusia,Rosas,928.3,7.94,7370.7,2023-09-13,4
Exportador_05,Estados Unidos,Rosas,1273.4,6.81,8671.85,2023-09-13,1
Exportador_08,Rusia,Hortensias,290.4,7.0,2032.8,2023-09-13,7
Exportador_14,Estados Unidos,Rosas,1291.5,6.45,8330.18,2023-09-13,1
Exportador_01,Estados Unidos,Hortensias,389.8,6.05,2358.29,2023-09-14,2
Exportador_01,Estados Unidos,Rosas,1592.2,7.0,11145.4,2023-09-14,1
Exportador_03,Rusia,Rosas,1867.7,7.85,14661.44,2023-09-14,6
Exportador_03,Ucrania,Rosas,546.0,6.46,3527.16,2023-09-14,8
Exportador_06,Países Bajos,Rosas,1216.1,6.69,8135.71,2023-09-14,4
Exportador_06,Países Bajos,Flores de verano,518.7,4.15,2152.61,2023-09-14,5
Exportador_06,Estados Unidos,Rosas,625.4,6.33,3958.78,2023-09-14,1
Exportador_04,Ucrania,Gypsophila,756.9,4.83,3655.83,2023-09-15,4
Exportador_06,Canadá,Rosas,638.0,7.01,4472.38,2023-09-15,4
Exportador_06,Estados Unidos,Gypsophila,279.9,4.59,1284.74,2023-09-15,3
Exportador_13,Rusia,Rosas,1608.6,8.06,12965.32,2023-09-15,6
Exportador_14,Chile,Rosas,618.5,6.15,3803.78,2023-09-15,3
Exportador_01,Rusia,Hortensias,116.0,6.32,733.12,2023-09-16,6
Exportador_01,Estados Unidos,Rosas,1016.6,6.54,6648.56,2023-09-16,3
Exportador_04,Kazajistán,Crisantemos,703.1,4.18,2938.96,2023-09-16,7
Exportador_04,Kazajistán,Rosas,1413.6,7.83,11068.49,2023-09-16,6
Exportador_06,Rusia,Rosas,541.5,7.42,4017.93,2023-09-16,4
Exportador_09,Estados Unidos,Rosas,692.7,6.97,4828.12,2023-09-16,3
Exportador_09,Japón,Claveles,602.4,4.54,2734.9,2023-09-16,6
Exportador_11,Ucrania,Rosas,495.1,7.08,3505.31,2023-09-16,8
Exportador_13,Alemania,Rosas,997.7,6.63,6614.75,2023-09-16,4
Exportador_03,Estados Unidos,Rosas,386.9,5.93,2294.32,2023-09-17,2
Exportador_04,Países Bajos,Hortensias,277.8,6.04,1677.91,2023-09-17,4
Exportador_06,Rusia,Crisantemos,164.5,3.98,654.71,2023-09-17,7
Exportador_08,Kazajistán,Rosas,395.9,7.08,2802.97,2023-09-17,6
Exportador_01,Estados Unidos,Rosas,649.8,7.08,4600.58,2023-09-18,2
Exportador_04,Canadá,Gypsophila,855.7,4.76,4073.13,2023-09-18,2
Exportador_07,Estados Unidos,Rosas,930.1,5.99,5571.3,2023-09-18,2
Exportador_01,Estados Unidos,Rosas,1613.1,6.59,10630.33,2023-09-19,3
Exportador_01,Países Bajos,Rosas,1241.9,6.84,8494.6,2023-09-19,4
Exportador_01,Canadá,Rosas,541.7,6.7,3629.39,2023-09-19,3
Exportador_02,Chile,Gypsophila,720.9,3.86,2782.67,2023-09-19,2
Exportador_03,Alemania,Rosas,890.8,7.03,6262.32,2023-09-19,6
Exportador_01,Estados Unidos,Rosas,2100.3,6.48,13609.94,2023-09-20,1
Exportador_01,Estados Unidos,Rosas,518.8,6.54,3392.95,2023-09-20,1
Exportador_01,Estados Unidos,Flores de verano,488.9,3.77,1843.15,2023-09-20,2
Exportador_03,Estados Unidos,Crisantemos,583.4,3.09,1802.71,2023-09-20,2
Exportador_03,Estados Unidos,Rosas,1439.3,6.9,9931.17,2023-09-20,1
Exportador_03,Chile,Rosas,2466.5,6.52,16081.58,2023-09-20,2
Exportador_05,Italia,Rosas,317.4,7.49,2377.33,2023-09-20,5
Exportador_06,Estados Unidos,Rosas,685.6,6.83,4682.65,2023-09-20,2
Exportador_07,Estados Unidos,Hortensias,515.5,6.05,3118.78,2023-09-20,3
Exportador_01,Países Bajos,Hortensias,238.6,6.3,1503.18,2023-09-21,6
Exportador_02,México,Rosas,978.1,6.08,5946.85,2023-09-21,2
Exportador_03,Rusia,Rosas,271.5,7.34,1992.81,2023-09-21,4
Exportador_07,Países Bajos,Rosas,907.1,6.96,6313.42,2023-09-21,4
Exportador_14,Países Bajos,Crisantemos,227.6,3.16,719.22,2023-09-21,6
Exportador_01,Italia,Rosas,664.1,6.48,4303.37,2023-09-22,6
Exportador_03,Alemania,Rosas,1016.8,6.52,6629.54,2023-09-22,4
Exportador_03,Chile,Rosas,1506.8,5.62,8468.22,2023-09-22,3
Exportador_04,Estados Unidos,Rosas,509.7,6.43,3277.37,2023-09-22,1
Exportador_11,España,Gypsophila,377.6,4.46,1684.1,2023-09-22,5
Exportador_12,Rusia,Rosas,1397.4,6.94,9697.96,2023-09-22,6
Exportador_01,Rusia,Rosas,1444.4,7.82,11295.21,2023-09-23,5
Exportador_01,Estados Unidos,Rosas,1415.4,6.1,8633.94,2023-09-23,1
Exportador_04,Países Bajos,Rosas,1875.6,6.73,12622.79,2023-09-23,6
Exportador_01,Estados Unidos,Claveles,711.8,3.75,2669.25,2023-09-24,1
Exportador_01,Estados Unidos,Rosas,414.9,7.01,2908.45,2023-09-24,1
Exportador_02,Rusia,Rosas,1654.1,6.82,11280.96,2023-09-24,5
Exportador_02,Países Bajos,Rosas,336.4,6.55,2203.42,2023-09-24,4
Exportador_02,Ucrania,Rosas,415.6,7.4,3075.44,2023-09-25,7
Exportador_02,Estados Unidos,Rosas,1487.1,6.51,9681.02,2023-09-25,1
Exportador_01,Países Bajos,Rosas,410.8,7.41,3044.03,2023-09-26,4
Exportador_01,Países Bajos,Flores de verano,425.6,4.3,1830.08,2023-09-26,5
Exportador_02,Alemania,Rosas,3145.1,7.37,23179.39,2023-09-26,5
Exportador_04,Rusia,Rosas,765.5,7.51,5748.9,2023-09-26,7
Exportador_06,Italia,Hortensias,190.8,6.62,1263.1,2023-09-26,4
Exportador_09,Canadá,Gypsophila,1096.0,4.5,4932.0,2023-09-26,2
Exportador_12,Estados Unidos,Rosas,463.6,6.24,2892.86,2023-09-26,3
Exportador_14,Canadá,Rosas,1649.5,7.33,12090.84,2023-09-26,2
Exportador_01,Estados Unidos,Rosas,726.0,6.34,4602.84,2023-09-27,1
Exportador_01,Rusia,Rosas,945.8,7.68,7263.74,2023-09-27,6
Exportador_01,Japón,Rosas,721.1,7.98,5754.38,2023-09-27,7
Exportador_03,Estados Unidos,Claveles,209.3,3.37,705.34,2023-09-27,1
Exportador_03,México,Crisantemos,650.4,3.31,2152.82,2023-09-27,3
Exportador_05,Alemania,Gypsophila,536.3,5.29,2837.03,2023-09-27,3
Exportador_06,Estados Unidos,Claveles,379.7,3.58,1359.33,2023-09-27,1
Exportador_08,Estados Unidos,Rosas,961.8,6.18,5943.92,2023-09-27,3
Exportador_13,Estados Unidos,Rosas,754.2,6.33,4774.09,2023-09-27,2
Exportador_14,Kazajistán,Flores de verano,443.7,5.23,2320.55,2023-09-27,9
Exportador_01,Italia,Rosas,897.2,7.16,6423.95,2023-09-28,4
Exportador_01,Países Bajos,Rosas,665.6,6.3,4193.28,2023-09-28,4
Exportador_01,Chile,Rosas,743.3,6.48,4816.58,2023-09-28,2
Exportador_05,Estados Unidos,Flores de verano,496.6,3.9,1936.74,2023-09-28,2
Exportador_01,Estados Unidos,Rosas,768.7,5.86,4504.58,2023-09-29,3
Exportador_02,Países Bajos,Rosas,774.6,6.87,5321.5,2023-09-29,6
Exportador_04,Rusia,Crisantemos,339.4,3.9,1323.66,2023-09-29,5
Exportador_04,Estados Unidos,Rosas,518.5,6.5,3370.25,2023-09-29,1
Exportador_08,Estados Unidos,Rosas,764.8,6.52,4986.5,2023-09-29,2
Exportador_10,Países Bajos,Rosas,399.2,6.29,2510.97,2023-09-29,4
Exportador_10,Japón,Claveles,382.3,4.49,1716.53,2023-09-29,7
Exportador_12,Estados Unidos,Rosas,647.6,6.58,4261.21,2023-09-29,1
Exportador_14,Rusia,Crisantemos,1256.2,3.48,4371.58,2023-09-29,5
Exportador_01,Chile,Rosas,289.7,5.74,1662.88,2023-09-30,4
Exportador_02,Estados Unidos,Rosas,1274.6,6.16,7851.54,2023-09-30,3
Exportador_02,Italia,Rosas,1064.3,7.38,7854.53,2023-09-30,4
Exportador_03,Países Bajos,Rosas,732.5,7.19,5266.68,2023-09-30,3
Exportador_09,Estados Unidos,Rosas,743.7,6.73,5005.1,2023-09-30,3
Exportador_02,Países Bajos,Crisantemos,497.6,3.04,1512.7,2023-10-01,6
Exportador_02,México,Rosas,999.0,6.01,6003.99,2023-10-01,3
Exportador_04,Canadá,Rosas,522.1,6.44,3362.32,2023-10-01,4
Exportador_06,Estados Unidos,Rosas,1309.0,6.25,8181.25,2023-10-01,2
Exportador_11,México,Rosas,732.2,6.42,4700.72,2023-10-01,4
Exportador_12,Japón,Rosas,1208.9,8.13,9828.36,2023-10-01,5
Exportador_14,Rusia,Rosas,1730.8,7.27,12582.92,2023-10-01,4
Exportador_02,Estados Unidos,Rosas,1125.1,6.28,7065.63,2023-10-02,3
Exportador_03,Estados Unidos,Rosas,790.2,6.88,5436.58,2023-10-02,3
Exportador_03,Estados Unidos,Flores de verano,298.8,3.94,1177.27,2023-10-02,2
Exportador_13,España,Gypsophila,231.5,4.78,1106.57,2023-10-02,6
Exportador_01,Estados Unidos,Gypsophila,333.3,4.33,1443.19,2023-10-03,3
Exportador_04,Japón,Rosas,1597.8,8.77,14012.71,2023-10-03,8
Exportador_04,Países Bajos,Flores de verano,193.6,3.92,758.91,2023-10-03,5
Exportador_05,Chile,Rosas,881.7,6.69,5898.57,2023-10-03,3
Exportador_14,Rusia,Rosas,624.0,7.17,4474.08,2023-10-03,6
Exportador_01,España,Rosas,1374.4,6.54,8988.58,2023-10-04,3
Exportador_01,Rusia,Rosas,1232.3,6.8,8379.64,2023-10-04,4
Exportador_01,España,Rosas,1319.2,7.1,9366.32,2023-10-05,6
Exportador_01,España,Rosas,1017.9,7.11,7237.27,2023-10-05,3
Exportador_01,Rusia,Rosas,901.3,7.11,6408.24,2023-10-05,7
Exportador_03,Estados Unidos,Rosas,1204.9,6.88,8289.71,2023-10-05,3
Exportador_04,Estados Unidos,Rosas,972.4,6.59,6408.12,2023-10-05,3
Exportador_07,Rusia,Rosas,3498.0,6.8,23786.4,2023-10-05,6
Exportador_08,Kazajistán,Rosas,1552.5,7.99,12404.48,2023-10-05,9
Exportador_10,Estados Unidos,Rosas,602.8,6.23,3755.44,2023-10-05,2
Exportador_12,Italia,Rosas,626.0,6.22,3893.72,2023-10-05,4
Exportador_01,Estados Unidos,Crisantemos,1178.8,3.22,3795.74,2023-10-06,3
Exportador_02,Países Bajos,Rosas,707.1,7.07,4999.2,2023-10-06,6
Exportador_04,Estados Unidos,Rosas,1069.6,6.44,6888.22,2023-10-06,3
Exportador_01,Italia,Rosas,1515.6,7.03,10654.67,2023-10-07,3
Exportador_02,España,Rosas,619.2,7.37,4563.5,2023-10-08,5
Exportador_04,Estados Unidos,Gypsophila,316.9,4.59,1454.57,2023-10-08,3
Exportador_07,Kazajistán,Rosas,1567.2,8.19,12835.37,2023-10-08,7
Exportador_07,México,Gypsophila,1008.5,4.42,4457.57,2023-10-08,4
Exportador_09,Rusia,Rosas,938.1,7.62,7148.32,2023-10-08,6
Exportador_15,Rusia,Rosas,924.1,7.3,6745.93,2023-10-08,6
Exportador_01,Países Bajos,Hortensias,567.9,5.93,3367.65,2023-10-09,3
Exportador_01,España,Rosas,2524.1,6.75,17037.67,2023-10-09,5
Exportador_01,Estados Unidos,Flores de verano,262.1,4.19,1098.2,2023-10-09,2
Exportador_02,Estados Unidos,Rosas,1446.0,6.13,8863.98,2023-10-10,2
Exportador_03,Estados Unidos,Rosas,1671.8,6.48,10833.26,2023-10-10,2
Exportador_04,Rusia,Hortensias,288.1,7.31,2106.01,2023-10-10,7
Exportador_01,Países Bajos,Rosas,1106.5,7.02,7767.63,2023-10-11,5
Exportador_12,Estados Unidos,Rosas,921.4,7.07,6514.3,2023-10-11,1
Exportador_01,Kazajistán,Flores de verano,219.8,5.04,1107.79,2023-10-12,8
Exportador_01,Estados Unidos,Rosas,572.9,6.8,3895.72,2023-10-12,1
Exportador_05,Rusia,Rosas,519.2,7.86,4080.91,2023-10-12,5
Exportador_10,Ucrania,Rosas,398.3,7.8,3106.74,2023-10-12,5
Exportador_10,Países Bajos,Rosas,640.5,6.69,4284.95,2023-10-12,4
Exportador_14,Países Bajos,Rosas,1733.4,6.74,11683.12,2023-10-12,6
Exportador_01,Canadá,Gypsophila,547.7,4.54,2486.56,2023-10-13,4
Exportador_06,Kazajistán,Rosas,2712.7,7.59,20589.39,2023-10-13,9
Exportador_01,Chile,Rosas,970.7,6.3,6115.41,2023-10-14,4
Exportador_01,Estados Unidos,Rosas,957.3,6.07,5810.81,2023-10-14,3
Exportador_02,Canadá,Rosas,915.2,7.35,6726.72,2023-10-14,3
Exportador_02,Canadá,Rosas,472.1,7.31,3451.05,2023-10-14,2
Exportador_02,Chile,Rosas,1044.6,5.78,6037.79,2023-10-14,3
Exportador_02,Chile,Rosas,848.1,6.52,5529.61,2023-10-14,2
Exportador_03,Rusia,Rosas,1178.7,7.22,8510.21,2023-10-14,6
Exportador_05,Alemania,Flores de verano,540.7,4.55,2460.18,2023-10-14,4
Exportador_09,Estados Unidos,Rosas,391.8,6.45,2527.11,2023-10-14,2
Exportador_01,Chile,Rosas,463.9,6.55,3038.54,2023-10-15,4
Exportador_01,Kazajistán,Rosas,318.1,7.62,2423.92,2023-10-15,8
Exportador_01,Estados Unidos,Rosas,586.6,6.68,3918.49,2023-10-15,3
Exportador_02,España,Rosas,1221.3,7.39,9025.41,2023-10-15,4
Exportador_03,Ucrania,Hortensias,356.0,7.18,2556.08,2023-10-15,6
Exportador_11,Japón,Rosas,1340.5,8.31,11139.56,2023-10-15,8
Exportador_01,Rusia,Rosas,898.0,7.33,6582.34,2023-10-16,6
Exportador_09,Países Bajos,Rosas,1162.7,6.38,7418.03,2023-10-16,4
Exportador_15,España,Rosas,910.1,7.21,6561.82,2023-10-16,4
Exportador_01,Rusia,Rosas,824.9,7.81,6442.47,2023-10-17,4
Exportador_01,Estados Unidos,Rosas,788.1,6.05,4768.01,2023-10-17,3
Exportador_02,Canadá,Rosas,604.4,7.23,4369.81,2023-10-17,4
Exportador_04,Estados Unidos,Rosas,827.8,6.88,5695.26,2023-10-17,3
Exportador_06,Estados Unidos,Rosas,336.6,6.91,2325.91,2023-10-17,1
Exportador_07,Estados Unidos,Gypsophila,420.6,4.56,1917.94,2023-10-17,1
Exportador_14,Países Bajos,Rosas,425.2,6.19,2631.99,2023-10-17,5
Exportador_01,Estados Unidos,Rosas,863.1,6.69,5774.14,2023-10-18,3
Exportador_03,Chile,Rosas,877.3,6.1,5351.53,2023-10-18,2
Exportador_04,Estados Unidos,Gypsophila,326.7,4.9,1600.83,2023-10-18,2
Exportador_07,Estados Unidos,Rosas,1700.1,5.88,9996.59,2023-10-18,1
Exportador_08,Kazajistán,Rosas,252.6,8.5,2147.1,2023-10-18,9
Exportador_09,Países Bajos,Flores de verano,308.1,4.49,1383.37,2023-10-18,6
Exportador_01,Estados Unidos,Claveles,285.4,3.78,1078.81,2023-10-19,3
Exportador_02,Rusia,Claveles,555.0,4.1,2275.5,2023-10-19,4
Exportador_03,Canadá,Rosas,1075.1,6.41,6891.39,2023-10-19,2
Exportador_03,Estados Unidos,Rosas,264.1,6.98,1843.42,2023-10-19,1
Exportador_04,Japón,Rosas,1727.4,8.5,14682.9,2023-10-19,5
Exportador_06,Ucrania,Rosas,495.8,6.82,3381.36,2023-10-19,7
Exportador_14,Canadá,Rosas,479.4,7.04,3374.98,2023-10-19,3
Exportador_15,Alemania,Gypsophila,440.8,4.71,2076.17,2023-10-19,4
Exportador_01,Rusia,Rosas,990.8,6.97,6905.88,2023-10-20,6
Exportador_01,Rusia,Crisantemos,384.2,3.9,1498.38,2023-10-20,6
Exportador_01,Kazajistán,Gypsophila,623.7,5.81,3623.7,2023-10-20,5
Exportador_04,Italia,Rosas,446.7,7.45,3327.91,2023-10-20,3
Exportador_05,Alemania,Rosas,1202.4,6.55,7875.72,2023-10-20,3
Exportador_01,Rusia,Rosas,1677.1,7.09,11890.64,2023-10-21,4
Exportador_02,Estados Unidos,Rosas,555.6,6.32,3511.39,2023-10-21,2
Exportador_02,Ucrania,Rosas,502.5,7.17,3602.93,2023-10-21,5
Exportador_05,Estados Unidos,Rosas,858.7,6.19,5315.35,2023-10-21,1
Exportador_05,Rusia,Rosas,944.3,7.0,6610.1,2023-10-21,4
Exportador_11,Italia,Rosas,1456.9,6.24,9091.06,2023-10-21,3
Exportador_02,Estados Unidos,Rosas,861.2,6.21,5348.05,2023-10-22,1
Exportador_04,Estados Unidos,Rosas,1258.2,6.67,8392.19,2023-10-22,2
Exportador_07,Rusia,Rosas,994.7,6.74,6704.28,2023-10-22,4
Exportador_07,Estados Unidos,Rosas,906.5,6.93,6282.05,2023-10-22,2
Exportador_13,Estados Unidos,Rosas,1828.0,6.31,11534.68,2023-10-22,1
Exportador_01,España,Rosas,822.6,7.22,5939.17,2023-10-23,6
Exportador_01,Chile,Crisantemos,458.4,2.88,1320.19,2023-10-23,4
Exportador_07,Rusia,Rosas,1628.6,7.93,12914.8,2023-10-23,6
Exportador_09,Estados Unidos,Flores de verano,290.0,3.7,1073.0,2023-10-23,1
Exportador_15,España,Gypsophila,446.5,4.42,1973.53,2023-10-23,5
Exportador_01,Rusia,Rosas,1133.8,8.18,9274.48,2023-10-24,7
Exportador_08,Estados Unidos,Rosas,581.6,6.9,4013.04,2023-10-24,2
Exportador_09,Estados Unidos,Crisantemos,416.6,3.43,1428.94,2023-10-24,2
Exportador_09,Rusia,Rosas,553.7,7.84,4341.01,2023-10-24,7
Exportador_13,Estados Unidos,Claveles,363.2,3.61,1311.15,2023-10-24,3
Exportador_01,Alemania,Rosas,602.7,7.24,4363.55,2023-10-25,3
Exportador_04,Estados Unidos,Rosas,556.1,7.11,3953.87,2023-10-25,1
Exportador_05,Rusia,Rosas,794.8,7.08,5627.18,2023-10-25,5
Exportador_10,México,Claveles,258.1,3.36,867.22,2023-10-25,2
Exportador_12,Italia,Rosas,493.4,6.85,3379.79,2023-10-25,3
Exportador_12,Estados Unidos,Rosas,1469.7,5.92,8700.62,2023-10-25,3
Exportador_02,Estados Unidos,Rosas,1786.1,6.52,11645.37,2023-10-26,1
Exportador_04,Estados Unidos,Rosas,331.5,6.15,2038.73,2023-10-26,3
Exportador_07,Rusia,Rosas,679.9,7.46,5072.05,2023-10-26,5
Exportador_09,Estados Unidos,Rosas,764.2,6.48,4952.02,2023-10-26,1
Exportador_06,México,Gypsophila,929.1,4.4,4088.04,2023-10-27,2
Exportador_08,Rusia,Rosas,488.5,7.75,3785.88,2023-10-27,7
Exportador_02,Estados Unidos,Rosas,614.2,6.53,4010.73,2023-10-28,2
Exportador_03,Estados Unidos,Rosas,1302.1,6.3,8203.23,2023-10-28,3
Exportador_04,México,Rosas,929.3,6.3,5854.59,2023-10-28,3
Exportador_07,México,Gypsophila,884.7,4.29,3795.36,2023-10-28,3
Exportador_09,México,Rosas,431.4,6.59,2842.93,2023-10-28,3
Exportador_09,Países Bajos,Rosas,1821.7,6.7,12205.39,2023-10-28,3
Exportador_09,Estados Unidos,Rosas,1191.7,6.08,7245.54,2023-10-28,2
Exportador_09,Italia,Rosas,314.8,6.34,1995.83,2023-10-28,6
Exportador_09,España,Rosas,1593.9,6.17,9834.36,2023-10-28,4
Exportador_15,España,Rosas,847.9,7.07,5994.65,2023-10-28,5
Exportador_01,Chile,Rosas,1585.5,6.45,10226.48,2023-10-29,4
Exportador_01,Rusia,Rosas,822.4,7.38,6069.31,2023-10-29,5
Exportador_04,Estados Unidos,Rosas,1448.2,6.9,9992.58,2023-10-29,3
Exportador_04,Estados Unidos,Rosas,1531.0,6.67,10211.77,2023-10-29,2
Exportador_06,Alemania,Rosas,537.3,7.51,4035.12,2023-10-29,3
Exportador_06,Estados Unidos,Rosas,2386.8,6.79,16206.37,2023-10-29,2
Exportador_09,Ucrania,Hortensias,255.4,6.56,1675.42,2023-10-29,5
Exportador_12,Rusia,Rosas,1156.1,7.52,8693.87,2023-10-29,5
Exportador_14,Estados Unidos,Rosas,1065.6,7.05,7512.48,2023-10-29,2
Exportador_01,Estados Unidos,Rosas,793.2,6.39,5068.55,2023-10-30,1
Exportador_01,Rusia,Rosas,393.5,7.53,2963.06,2023-10-30,5
Exportador_02,Japón,Gypsophila,382.7,5.23,2001.52,2023-10-30,5
Exportador_03,Países Bajos,Gypsophila,671.1,4.75,3187.72,2023-10-30,5
Exportador_10,México,Gypsophila,839.7,4.68,3929.8,2023-10-30,3
Exportador_11,Estados Unidos,Rosas,342.1,6.73,2302.33,2023-10-30,1
Exportador_02,Alemania,Rosas,733.1,7.02,5146.36,2023-10-31,4
Exportador_02,Estados Unidos,Rosas,1232.0,5.9,7268.8,2023-10-31,3
Exportador_05,Estados Unidos,Flores de verano,301.6,3.93,1185.29,2023-10-31,2
Exportador_07,Rusia,Rosas,1822.5,7.32,13340.7,2023-10-31,4
Exportador_02,Estados Unidos,Hortensias,421.1,5.42,2282.36,2023-11-01,3
Exportador_02,Rusia,Rosas,1604.1,7.54,12094.91,2023-11-01,4
Exportador_03,Estados Unidos,Rosas,1261.6,6.29,7935.46,2023-11-01,2
Exportador_06,Estados Unidos,Claveles,372.7,3.88,1446.08,2023-11-01,1
Exportador_06,Países Bajos,Rosas,2875.5,7.25,20847.38,2023-11-01,6
Exportador_06,Estados Unidos,Hortensias,190.0,6.19,1176.1,2023-11-01,3
Exportador_07,Estados Unidos,Rosas,1771.2,6.44,11406.53,2023-11-01,1
Exportador_08,México,Rosas,725.5,5.65,4099.07,2023-11-01,3
Exportador_11,Países Bajos,Rosas,356.2,6.7,2386.54,2023-11-01,4
Exportador_13,Estados Unidos,Gypsophila,592.1,4.8,2842.08,2023-11-01,3
Exportador_01,Estados Unidos,Rosas,791.0,6.64,5252.24,2023-11-02,1
Exportador_02,Kazajistán,Rosas,881.0,8.44,7435.64,2023-11-02,8
Exportador_03,Países Bajos,Rosas,576.4,6.82,3931.05,2023-11-02,5
Exportador_04,Estados Unidos,Rosas,414.4,6.46,2677.02,2023-11-02,2
Exportador_05,Alemania,Rosas,541.6,6.88,3726.21,2023-11-02,6
Exportador_07,España,Hortensias,174.4,6.59,1149.3,2023-11-02,3
Exportador_09,Italia,Rosas,1905.9,6.88,13112.59,2023-11-02,3
Exportador_14,Estados Unidos,Flores de verano,226.6,4.34,983.44,2023-11-02,3
Exportador_02,Rusia,Crisantemos,460.7,3.75,1727.62,2023-11-03,6
Exportador_03,México,Rosas,970.9,5.77,5602.09,2023-11-03,4
Exportador_06,Rusia,Claveles,570.6,4.42,2522.05,2023-11-03,7
Exportador_02,Rusia,Flores de verano,180.9,4.69,848.42,2023-11-04,7
Exportador_03,Países Bajos,Crisantemos,244.3,3.18,776.87,2023-11-04,4
Exportador_04,Rusia,Rosas,551.6,7.15,3943.94,2023-11-04,6
Exportador_09,Estados Unidos,Rosas,2146.3,7.13,15303.12,2023-11-04,2
Exportador_01,Kazajistán,Rosas,536.4,8.25,4425.3,2023-11-05,8
Exportador_03,Estados Unidos,Rosas,587.6,6.81,4001.56,2023-11-05,3
Exportador_04,España,Rosas,653.1,6.44,4205.96,2023-11-05,5
Exportador_05,Rusia,Rosas,742.9,8.19,6084.35,2023-11-05,6
Exportador_05,Canadá,Claveles,535.1,3.97,2124.35,2023-11-05,3
Exportador_08,Chile,Gypsophila,417.9,4.03,1684.14,2023-11-05,2
Exportador_10,Estados Unidos,Rosas,380.9,6.38,2430.14,2023-11-05,2
Exportador_13,Chile,Hortensias,188.4,6.08,1145.47,2023-11-05,2
Exportador_01,Kazajistán,Claveles,301.5,4.36,1314.54,2023-11-06,5
Exportador_01,Estados Unidos,Rosas,3051.9,6.48,19776.31,2023-11-06,3
Exportador_01,Estados Unidos,Rosas,2034.3,6.04,12287.17,2023-11-06,3
Exportador_02,Estados Unidos,Claveles,463.0,3.88,1796.44,2023-11-06,1
Exportador_05,Rusia,Rosas,938.9,7.03,6600.47,2023-11-06,7
Exportador_01,Estados Unidos,Rosas,716.1,6.71,4805.03,2023-11-07,1
Exportador_01,Rusia,Rosas,2631.0,7.16,18837.96,2023-11-07,6
Exportador_01,Estados Unidos,Rosas,833.9,6.91,5762.25,2023-11-07,3
Exportador_02,Kazajistán,Rosas,554.8,7.47,4144.36,2023-11-07,8
Exportador_02,Estados Unidos,Rosas,1080.5,6.44,6958.42,2023-11-07,2
Exportador_05,Estados Unidos,Crisantemos,558.6,2.99,1670.21,2023-11-07,2
Exportador_02,Estados Unidos,Rosas,1039.1,6.04,6276.16,2023-11-08,1
Exportador_14,Canadá,Rosas,1103.7,7.41,8178.42,2023-11-08,3
Exportador_01,Estados Unidos,Rosas,437.3,6.23,2724.38,2023-11-09,1
Exportador_01,Rusia,Rosas,428.7,6.76,2898.01,2023-11-09,4
Exportador_02,Rusia,Gypsophila,409.9,5.3,2172.47,2023-11-09,4
Exportador_07,Estados Unidos,Rosas,714.2,6.65,4749.43,2023-11-09,1
Exportador_07,Estados Unidos,Rosas,605.4,5.87,3553.7,2023-11-09,3
Exportador_09,Alemania,Rosas,871.1,7.31,6367.74,2023-11-09,6
Exportador_13,Kazajistán,Crisantemos,427.4,3.54,1513.0,2023-11-10,5
Exportador_01,Estados Unidos,Gypsophila,261.8,4.28,1120.5,2023-11-11,3
Exportador_02,Alemania,Rosas,777.4,6.76,5255.22,2023-11-11,5
Exportador_02,Estados Unidos,Rosas,507.9,6.96,3534.98,2023-11-11,1
Exportador_02,Estados Unidos,Rosas,362.2,6.38,2310.84,2023-11-11,2
Exportador_11,Canadá,Gypsophila,618.5,4.32,2671.92,2023-11-11,2
Exportador_12,Kazajistán,Rosas,343.6,7.21,2477.36,2023-11-11,5
Exportador_14,Estados Unidos,Gypsophila,507.8,4.44,2254.63,2023-11-11,1
Exportador_03,Rusia,Rosas,520.4,7.41,3856.16,2023-11-12,6
Exportador_06,Rusia,Rosas,1311.0,8.09,10605.99,2023-11-12,6
Exportador_08,Alemania,Rosas,546.2,6.47,3533.91,2023-11-12,4
Exportador_09,Rusia,Rosas,1130.5,7.27,8218.73,2023-11-12,7
Exportador_12,Italia,Rosas,463.7,6.93,3213.44,2023-11-12,6
Exportador_01,Estados Unidos,Rosas,960.6,6.19,5946.11,2023-11-13,3
Exportador_02,Italia,Rosas,907.3,6.58,5970.03,2023-11-13,6
Exportador_03,Estados Unidos,Rosas,1266.5,7.11,9004.82,2023-11-13,1
Exportador_04,Rusia,Rosas,628.9,8.06,5068.93,2023-11-13,5
Exportador_06,Ucrania,Gypsophila,673.7,4.9,3301.13,2023-11-13,4
Exportador_10,Canadá,Rosas,721.7,7.15,5160.16,2023-11-13,4
Exportador_01,Países Bajos,Rosas,1230.9,6.69,8234.72,2023-11-14,3
Exportador_01,Estados Unidos,Rosas,1183.8,6.5,7694.7,2023-11-14,2
Exportador_02,España,Rosas,1091.5,7.04,7684.16,2023-11-14,4
Exportador_02,Rusia,Rosas,470.5,8.21,3862.81,2023-11-14,7
Exportador_02,México,Gypsophila,382.9,4.61,1765.17,2023-11-14,3
Exportador_14,Países Bajos,Rosas,459.9,6.75,3104.32,2023-11-14,4
Exportador_01,Estados Unidos,Rosas,496.3,7.13,3538.62,2023-11-15,3
Exportador_02,Estados Unidos,Rosas,1054.1,6.55,6904.35,2023-11-15,2
Exportador_02,Japón,Rosas,1429.5,8.03,11478.88,2023-11-15,7
Exportador_06,Estados Unidos,Rosas,390.1,6.98,2722.9,2023-11-15,1
Exportador_10,Ucrania,Rosas,1812.6,6.97,12633.82,2023-11-15,6
Exportador_01,Estados Unidos,Crisantemos,879.5,3.25,2858.38,2023-11-16,1
Exportador_01,Estados Unidos,Rosas,1586.6,6.21,9852.79,2023-11-16,2
Exportador_02,España,Rosas,273.5,7.14,1952.79,2023-11-16,4
Exportador_02,Canadá,Gypsophila,300.5,4.56,1370.28,2023-11-16,2
Exportador_03,Países Bajos,Claveles,337.9,3.73,1260.37,2023-11-16,4
Exportador_04,España,Gypsophila,311.4,4.25,1323.45,2023-11-16,6
Exportador_08,Estados Unidos,Rosas,726.0,6.07,4406.82,2023-11-16,1
Exportador_13,España,Rosas,757.9,6.36,4820.24,2023-11-16,4
Exportador_07,Países Bajos,Rosas,742.1,6.87,5098.23,2023-11-17,3
Exportador_07,Países Bajos,Rosas,681.9,7.2,4909.68,2023-11-17,3
Exportador_08,Alemania,Rosas,301.7,7.34,2214.48,2023-11-17,4
Exportador_13,Países Bajos,Gypsophila,505.5,5.19,2623.55,2023-11-17,3
Exportador_15,Estados Unidos,Flores de verano,236.0,4.12,972.32,2023-11-17,2
Exportador_01,Estados Unidos,Rosas,352.1,5.94,2091.47,2023-11-18,3
Exportador_02,Estados Unidos,Rosas,859.5,7.13,6128.23,2023-11-18,3
Exportador_06,Rusia,Rosas,453.1,7.17,3248.73,2023-11-18,6
Exportador_01,Estados Unidos,Rosas,918.0,6.75,6196.5,2023-11-19,1
Exportador_04,Kazajistán,Rosas,776.4,7.83,6079.21,2023-11-19,8
Exportador_08,Rusia,Hortensias,430.6,6.34,2730.0,2023-11-19,7
Exportador_01,Estados Unidos,Crisantemos,79.9,3.09,246.89,2023-11-20,1
Exportador_02,Estados Unidos,Rosas,1638.0,6.06,9926.28,2023-11-20,1
Exportador_02,Ucrania,Rosas,1635.9,7.03,11500.38,2023-11-20,7
Exportador_04,Países Bajos,Rosas,565.5,6.6,3732.3,2023-11-20,5
Exportador_08,Estados Unidos,Rosas,592.4,6.44,3815.06,2023-11-20,2
Exportador_10,Estados Unidos,Crisantemos,216.5,3.42,740.43,2023-11-20,2
Exportador_11,Estados Unidos,Crisantemos,254.6,3.41,868.19,2023-11-20,2
Exportador_13,Países Bajos,Rosas,2356.0,6.68,15738.08,2023-11-20,6
Exportador_01,Chile,Rosas,870.1,6.66,5794.87,2023-11-21,2
Exportador_01,Estados Unidos,Rosas,804.1,6.12,4921.09,2023-11-21,2
Exportador_02,Alemania,Rosas,364.1,7.28,2650.65,2023-11-21,3
Exportador_02,España,Rosas,1164.0,6.62,7705.68,2023-11-21,3
Exportador_02,Estados Unidos,Hortensias,171.9,6.33,1088.13,2023-11-21,2
Exportador_06,España,Rosas,887.9,6.37,5655.92,2023-11-21,4
Exportador_10,Italia,Claveles,611.7,3.86,2361.16,2023-11-21,5
Exportador_11,Estados Unidos,Flores de verano,445.1,3.8,1691.38,2023-11-21,3
Exportador_12,Estados Unidos,Rosas,1241.7,6.15,7636.46,2023-11-21,2
Exportador_13,Estados Unidos,Rosas,1757.3,5.86,10297.78,2023-11-21,3
Exportador_15,Canadá,Rosas,413.1,7.45,3077.6,2023-11-21,3
Exportador_01,México,Rosas,1599.1,5.88,9402.71,2023-11-22,2
Exportador_02,Chile,Rosas,1184.0,6.52,7719.68,2023-11-22,4
Exportador_07,Japón,Rosas,613.7,8.24,5056.89,2023-11-22,8
Exportador_11,Japón,Rosas,358.7,8.32,2984.38,2023-11-22,6
Exportador_12,Japón,Rosas,1280.7,8.14,10424.9,2023-11-22,7
Exportador_13,Estados Unidos,Rosas,802.3,6.68,5359.36,2023-11-22,1
Exportador_01,Estados Unidos,Rosas,1176.9,6.03,7096.71,2023-11-23,1
Exportador_03,Italia,Rosas,875.7,6.49,5683.29,2023-11-23,6
Exportador_04,Italia,Claveles,494.5,3.78,1869.21,2023-11-23,6
Exportador_06,Estados Unidos,Rosas,249.6,7.03,1754.69,2023-11-23,1
Exportador_07,Estados Unidos,Rosas,1108.1,6.13,6792.65,2023-11-23,3
Exportador_12,Estados Unidos,Claveles,952.7,3.65,3477.36,2023-11-23,2
Exportador_13,Países Bajos,Rosas,1426.0,7.5,10695.0,2023-11-23,5
Exportador_14,Países Bajos,Claveles,316.6,4.14,1310.72,2023-11-23,5
Exportador_15,Rusia,Gypsophila,611.8,5.5,3364.9,2023-11-23,4
Exportador_01,Estados Unidos,Rosas,1024.4,6.76,6924.94,2023-11-24,2
Exportador_01,Estados Unidos,Rosas,379.9,5.97,2268.0,2023-11-24,2
Exportador_01,Rusia,Crisantemos,772.2,3.69,2849.42,2023-11-24,6
Exportador_02,Estados Unidos,Rosas,1243.8,7.03,8743.91,2023-11-24,2
Exportador_02,Japón,Rosas,2085.3,8.4,17516.52,2023-11-24,7
Exportador_05,Italia,Rosas,992.8,7.24,7187.87,2023-11-24,6
Exportador_08,México,Rosas,738.0,6.23,4597.74,2023-11-24,4
Exportador_10,Estados Unidos,Claveles,508.3,3.65,1855.3,2023-11-24,1
Exportador_03,Kazajistán,Rosas,1198.4,7.27,8712.37,2023-11-25,5
Exportador_06,Rusia,Claveles,652.4,4.41,2877.08,2023-11-25,5
Exportador_06,Países Bajos,Rosas,813.8,7.18,5843.08,2023-11-25,6
Exportador_10,Estados Unidos,Rosas,738.6,7.1,5244.06,2023-11-25,1
Exportador_02,Ucrania,Rosas,1464.2,7.55,11054.71,2023-11-26,4
Exportador_05,Japón,Rosas,270.1,8.88,2398.49,2023-11-26,5
Exportador_11,Estados Unidos,Rosas,2257.8,7.12,16075.54,2023-11-26,3
Exportador_12,Países Bajos,Rosas,596.8,6.42,3831.46,2023-11-26,5
Exportador_14,Estados Unidos,Rosas,856.9,6.21,5321.35,2023-11-26,1
Exportador_01,Rusia,Rosas,819.0,7.35,6019.65,2023-11-27,4
Exportador_01,Estados Unidos,Hortensias,715.3,6.43,4599.38,2023-11-27,3
Exportador_01,Estados Unidos,Rosas,337.6,6.67,2251.79,2023-11-27,3
Exportador_03,Estados Unidos,Rosas,838.8,6.64,5569.63,2023-11-27,1
Exportador_15,Países Bajos,Rosas,827.2,6.54,5409.89,2023-11-27,6
Exportador_01,Estados Unidos,Gypsophila,555.0,4.9,2719.5,2023-11-28,3
Exportador_01,Kazajistán,Rosas,747.7,8.35,6243.3,2023-11-28,7
Exportador_02,Alemania,Rosas,479.6,6.34,3040.66,2023-11-28,6
Exportador_04,Estados Unidos,Gypsophila,546.1,4.23,2310.0,2023-11-28,1
Exportador_09,Estados Unidos,Gypsophila,224.0,4.53,1014.72,2023-11-28,1
Exportador_11,Alemania,Hortensias,466.7,5.94,2772.2,2023-11-28,3
Exportador_15,Estados Unidos,Gypsophila,301.4,4.94,1488.92,2023-11-28,3
Exportador_06,Ucrania,Hortensias,737.7,6.48,4780.3,2023-11-29,5
Exportador_06,Kazajistán,Rosas,1315.0,8.52,11203.8,2023-11-29,8
Exportador_08,Estados Unidos,Rosas,781.0,5.96,4654.76,2023-11-29,1
Exportador_09,Rusia,Rosas,1102.0,7.5,8265.0,2023-11-29,5
Exportador_10,Chile,Rosas,1280.0,6.19,7923.2,2023-11-29,3
Exportador_01,Rusia,Rosas,934.1,7.68,7173.89,2023-11-30,4
Exportador_01,Países Bajos,Gypsophila,410.7,4.85,1991.89,2023-11-30,6
Exportador_02,Estados Unidos,Rosas,559.3,6.09,3406.14,2023-11-30,3
Exportador_02,Kazajistán,Rosas,1042.4,7.47,7786.73,2023-11-30,7
Exportador_07,Estados Unidos,Hortensias,212.1,5.68,1204.73,2023-11-30,3
Exportador_07,España,Gypsophila,718.7,4.73,3399.45,2023-11-30,6
Exportador_15,Estados Unidos,Hortensias,303.6,5.51,1672.84,2023-11-30,3
Exportador_01,Rusia,Rosas,1263.4,6.9,8717.46,2023-12-01,5
Exportador_01,México,Claveles,513.2,3.46,1775.67,2023-12-01,3
Exportador_01,Estados Unidos,Gypsophila,1033.8,4.49,4641.76,2023-12-01,1
Exportador_02,Rusia,Rosas,1238.8,7.33,9080.4,2023-12-01,4
Exportador_03,Rusia,Rosas,1135.5,7.69,8732.0,2023-12-01,7
Exportador_04,Estados Unidos,Hortensias,227.4,5.51,1252.97,2023-12-01,3
Exportador_06,Estados Unidos,Gypsophila,372.9,4.82,1797.38,2023-12-01,3
Exportador_08,México,Rosas,961.9,6.29,6050.35,2023-12-01,4
Exportador_01,Chile,Gypsophila,386.0,4.03,1555.58,2023-12-02,2
Exportador_01,Rusia,Hortensias,183.0,6.72,1229.76,2023-12-02,4
Exportador_01,Estados Unidos,Rosas,1438.3,6.4,9205.12,2023-12-02,1
Exportador_01,Italia,Rosas,633.5,6.36,4029.06,2023-12-02,3
Exportador_02,Rusia,Gypsophila,254.8,4.81,1225.59,2023-12-02,5
Exportador_10,Rusia,Rosas,1079.5,7.84,8463.28,2023-12-02,5
Exportador_01,Kazajistán,Rosas,671.7,8.4,5642.28,2023-12-03,7
Exportador_02,Estados Unidos,Gypsophila,499.2,4.37,2181.5,2023-12-03,2
Exportador_14,Rusia,Flores de verano,178.8,4.3,768.84,2023-12-03,6
Exportador_14,Estados Unidos,Rosas,836.0,6.46,5400.56,2023-12-03,1
Exportador_01,Alemania,Rosas,674.7,7.31,4932.06,2023-12-04,5
Exportador_02,México,Rosas,1627.2,5.62,9144.86,2023-12-04,3
Exportador_05,Estados Unidos,Flores de verano,584.9,3.73,2181.68,2023-12-04,3
Exportador_06,Rusia,Crisantemos,655.0,4.03,2639.65,2023-12-04,7
Exportador_01,Estados Unidos,Rosas,1327.1,6.68,8865.03,2023-12-05,2
Exportador_07,Rusia,Rosas,389.4,8.13,3165.82,2023-12-05,6
Exportador_07,Estados Unidos,Rosas,903.5,6.6,5963.1,2023-12-05,3
Exportador_08,Estados Unidos,Gypsophila,546.8,4.09,2236.41,2023-12-05,1
Exportador_10,España,Rosas,354.6,6.88,2439.65,2023-12-05,6
Exportador_15,México,Claveles,645.0,3.22,2076.9,2023-12-05,4
Exportador_01,Japón,Rosas,1054.9,8.7,9177.63,2023-12-06,6
Exportador_02,Rusia,Rosas,533.3,6.91,3685.1,2023-12-06,7
Exportador_04,México,Claveles,478.7,3.43,1641.94,2023-12-06,4
Exportador_04,Alemania,Gypsophila,288.7,4.71,1359.78,2023-12-06,4
Exportador_12,Estados Unidos,Rosas,617.9,6.0,3707.4,2023-12-06,3
Exportador_02,Rusia,Rosas,338.7,6.86,2323.48,2023-12-07,4
Exportador_04,Alemania,Rosas,643.7,7.41,4769.82,2023-12-07,6
Exportador_10,México,Rosas,913.5,6.67,6093.05,2023-12-07,4
Exportador_01,Rusia,Hortensias,226.2,7.01,1585.66,2023-12-08,4
Exportador_02,Chile,Rosas,634.4,6.42,4072.85,2023-12-08,2
Exportador_04,Estados Unidos,Rosas,595.7,6.43,3830.35,2023-12-08,2
Exportador_06,España,Rosas,277.7,6.87,1907.8,2023-12-08,5
Exportador_11,Rusia,Rosas,489.5,8.02,3925.79,2023-12-08,5
Exportador_12,México,Rosas,587.3,6.21,3647.13,2023-12-08,4
Exportador_13,Países Bajos,Rosas,715.7,6.81,4873.92,2023-12-08,4
Exportador_14,España,Rosas,1007.7,6.95,7003.52,2023-12-08,4
Exportador_02,Canadá,Rosas,3195.1,7.48,23899.35,2023-12-09,4
Exportador_04,Estados Unidos,Rosas,1920.3,5.98,11483.39,2023-12-09,3
Exportador_04,Canadá,Rosas,1420.4,6.75,9587.7,2023-12-09,4
Exportador_07,Estados Unidos,Flores de verano,771.1,4.18,3223.2,2023-12-09,3
Exportador_10,Estados Unidos,Rosas,906.2,6.27,5681.87,2023-12-09,3
Exportador_13,España,Rosas,584.7,7.32,4280.0,2023-12-09,5
Exportador_14,Canadá,Rosas,2083.5,7.0,14584.5,2023-12-09,2
Exportador_01,Japón,Rosas,336.1,8.65,2907.27,2023-12-10,7
Exportador_01,Países Bajos,Rosas,1641.4,6.19,10160.27,2023-12-10,3
Exportador_01,Estados Unidos,Rosas,701.6,6.48,4546.37,2023-12-10,3
Exportador_02,México,Claveles,290.9,3.67,1067.6,2023-12-10,4
Exportador_01,Estados Unidos,Rosas,821.5,5.98,4912.57,2023-12-11,3
Exportador_01,Rusia,Crisantemos,687.3,3.58,2460.53,2023-12-11,5
Exportador_02,Ucrania,Hortensias,274.0,7.05,1931.7,2023-12-11,5
Exportador_08,Estados Unidos,Crisantemos,522.8,3.0,1568.4,2023-12-11,2
Exportador_09,Rusia,Rosas,2729.4,7.83,21371.2,2023-12-11,4
Exportador_10,España,Rosas,824.1,6.81,5612.12,2023-12-11,4
Exportador_01,México,Rosas,1674.4,6.29,10531.98,2023-12-12,3
Exportador_01,Estados Unidos,Claveles,594.6,3.35,1991.91,2023-12-12,2
Exportador_02,Canadá,Gypsophila,165.1,4.5,742.95,2023-12-12,3
Exportador_04,Italia,Rosas,991.6,7.38,7318.01,2023-12-12,4
Exportador_04,Estados Unidos,Claveles,439.2,3.59,1576.73,2023-12-12,1
Exportador_06,Alemania,Rosas,692.7,7.67,5313.01,2023-12-12,3
Exportador_08,Estados Unidos,Crisantemos,273.7,3.28,897.74,2023-12-12,2
Exportador_09,Rusia,Rosas,931.5,7.06,6576.39,2023-12-12,4
Exportador_12,Estados Unidos,Rosas,1053.5,6.26,6594.91,2023-12-12,2
Exportador_01,Canadá,Rosas,1845.4,6.85,12640.99,2023-12-13,3
Exportador_02,Kazajistán,Rosas,800.8,7.17,5741.74,2023-12-13,6
Exportador_02,Estados Unidos,Rosas,459.9,6.16,2832.98,2023-12-13,3
Exportador_04,Rusia,Hortensias,358.5,6.87,2462.89,2023-12-13,4
Exportador_08,Rusia,Gypsophila,444.3,5.69,2528.07,2023-12-13,5
Exportador_01,Estados Unidos,Rosas,733.9,6.49,4763.01,2023-12-14,3
Exportador_01,Países Bajos,Rosas,928.5,6.34,5886.69,2023-12-14,6
Exportador_02,España,Gypsophila,656.8,4.62,3034.42,2023-12-14,6
Exportador_03,Países Bajos,Rosas,933.8,6.8,6349.84,2023-12-14,3
Exportador_09,Estados Unidos,Rosas,867.3,6.14,5325.22,2023-12-14,3
Exportador_01,Países Bajos,Flores de verano,455.4,4.4,2003.76,2023-12-15,3
Exportador_02,Estados Unidos,Rosas,1047.3,6.23,6524.68,2023-12-15,2
Exportador_02,Estados Unidos,Rosas,810.1,6.1,4941.61,2023-12-15,3
Exportador_02,Canadá,Rosas,855.0,7.44,6361.2,2023-12-15,3
Exportador_10,Estados Unidos,Rosas,545.7,6.22,3394.25,2023-12-15,1
Exportador_01,Estados Unidos,Rosas,2566.8,6.27,16093.84,2023-12-16,2
Exportador_01,España,Claveles,752.5,3.81,2867.03,2023-12-16,4
Exportador_01,Países Bajos,Rosas,507.0,6.8,3447.6,2023-12-16,4
Exportador_01,España,Rosas,1482.3,6.28,9308.84,2023-12-16,5
Exportador_05,Kazajistán,Rosas,1338.4,8.44,11296.1,2023-12-16,6
Exportador_01,Estados Unidos,Claveles,1126.5,3.48,3920.22,2023-12-17,1
Exportador_01,Estados Unidos,Rosas,999.1,6.43,6424.21,2023-12-17,1
Exportador_01,Italia,Rosas,739.7,7.37,5451.59,2023-12-17,6
Exportador_01,Rusia,Flores de verano,784.7,4.36,3421.29,2023-12-17,7
Exportador_01,Estados Unidos,Rosas,531.6,6.76,3593.62,2023-12-17,1
Exportador_02,Países Bajos,Hortensias,145.5,6.16,896.28,2023-12-17,4
Exportador_04,Alemania,Rosas,587.1,7.29,4279.96,2023-12-17,4
Exportador_06,Estados Unidos,Rosas,1109.4,6.82,7566.11,2023-12-17,3
Exportador_08,Kazajistán,Rosas,1698.9,8.44,14338.72,2023-12-17,9
Exportador_10,Estados Unidos,Rosas,908.5,6.38,5796.23,2023-12-17,2
Exportador_01,Alemania,Rosas,491.7,6.86,3373.06,2023-12-18,4
Exportador_02,Canadá,Rosas,746.4,6.19,4620.22,2023-12-18,2
Exportador_04,Kazajistán,Rosas,966.2,7.88,7613.66,2023-12-18,8
Exportador_05,Estados Unidos,Claveles,863.2,3.39,2926.25,2023-12-18,3
Exportador_12,Ucrania,Rosas,735.5,7.74,5692.77,2023-12-18,4
Exportador_13,Italia,Rosas,350.0,6.8,2380.0,2023-12-18,6
Exportador_01,Países Bajos,Hortensias,220.8,6.68,1474.94,2023-12-19,3
Exportador_01,Kazajistán,Gypsophila,1150.5,4.87,5602.94,2023-12-19,5
Exportador_01,Estados Unidos,Flores de verano,220.8,4.43,978.14,2023-12-19,1
Exportador_01,Países Bajos,Rosas,900.4,7.16,6446.86,2023-12-19,3
Exportador_02,Canadá,Rosas,1048.0,7.25,7598.0,2023-12-19,3
Exportador_02,Países Bajos,Rosas,860.6,6.31,5430.39,2023-12-19,4
Exportador_02,Estados Unidos,Rosas,939.6,6.56,6163.78,2023-12-19,2
Exportador_02,Estados Unidos,Rosas,751.3,6.96,5229.05,2023-12-19,3
Exportador_04,Rusia,Rosas,1005.9,7.64,7685.08,2023-12-19,5
Exportador_09,Rusia,Flores de verano,471.4,5.06,2385.28,2023-12-19,4
Exportador_15,Estados Unidos,Rosas,670.6,7.05,4727.73,2023-12-19,3
Exportador_01,México,Gypsophila,530.0,4.16,2204.8,2023-12-20,3
Exportador_01,Alemania,Gypsophila,447.2,5.1,2280.72,2023-12-20,5
Exportador_01,Canadá,Rosas,730.0,7.26,5299.8,2023-12-20,2
Exportador_01,Estados Unidos,Rosas,1076.7,6.49,6987.78,2023-12-20,1
Exportador_14,Chile,Gypsophila,530.3,4.27,2264.38,2023-12-20,4
Exportador_01,Japón,Rosas,1840.6,7.35,13528.41,2023-12-21,5
Exportador_02,Chile,Rosas,642.7,6.66,4280.38,2023-12-21,2
Exportador_04,Estados Unidos,Rosas,944.2,6.74,6363.91,2023-12-21,3
Exportador_05,Ucrania,Rosas,855.8,7.58,6486.96,2023-12-21,7
Exportador_06,Estados Unidos,Rosas,1975.0,6.44,12719.0,2023-12-21,2
Exportador_08,Estados Unidos,Rosas,1026.1,6.7,6874.87,2023-12-21,3
Exportador_10,Rusia,Rosas,600.0,7.93,4758.0,2023-12-21,7
Exportador_11,Países Bajos,Rosas,2074.4,6.98,14479.31,2023-12-21,3
Exportador_02,Kazajistán,Hortensias,402.7,6.88,2770.58,2023-12-22,7
Exportador_03,Estados Unidos,Rosas,901.6,6.8,6130.88,2023-12-22,3
Exportador_05,Alemania,Rosas,1744.7,6.66,11619.7,2023-12-22,6
Exportador_06,Chile,Flores de verano,354.8,3.95,1401.46,2023-12-22,2
Exportador_01,Estados Unidos,Claveles,381.7,3.78,1442.83,2023-12-23,1
Exportador_02,Estados Unidos,Hortensias,561.4,6.54,3671.56,2023-12-23,2
Exportador_02,Estados Unidos,Rosas,1070.6,6.96,7451.38,2023-12-23,1
Exportador_03,Canadá,Rosas,938.5,6.69,6278.57,2023-12-23,3
Exportador_07,Estados Unidos,Rosas,1060.8,6.15,6523.92,2023-12-23,2
Exportador_09,Estados Unidos,Gypsophila,738.4,4.6,3396.64,2023-12-23,2
Exportador_12,Estados Unidos,Gypsophila,630.0,4.72,2973.6,2023-12-23,3
Exportador_01,Ucrania,Rosas,2872.9,7.82,22466.08,2023-12-24,4
Exportador_01,Chile,Rosas,495.0,5.63,2786.85,2023-12-24,3
Exportador_04,Rusia,Rosas,542.7,7.49,4064.82,2023-12-24,4
Exportador_10,España,Rosas,2326.2,6.21,14445.7,2023-12-24,5
Exportador_13,Estados Unidos,Rosas,1727.9,6.26,10816.65,2023-12-24,1
Exportador_02,Estados Unidos,Rosas,766.6,5.92,4538.27,2023-12-25,1
Exportador_02,México,Rosas,402.8,6.31,2541.67,2023-12-25,4
Exportador_03,España,Rosas,1059.6,6.52,6908.59,2023-12-25,6
Exportador_04,Estados Unidos,Rosas,508.0,6.24,3169.92,2023-12-25,1
Exportador_05,Italia,Rosas,581.5,6.47,3762.3,2023-12-25,6
Exportador_06,Canadá,Rosas,1642.1,7.44,12217.22,2023-12-25,3
Exportador_06,Estados Unidos,Rosas,967.2,6.48,6267.46,2023-12-25,1
Exportador_07,Rusia,Gypsophila,609.7,5.55,3383.84,2023-12-25,7
Exportador_07,Italia,Rosas,1007.8,6.41,6460.0,2023-12-25,4
Exportador_08,Alemania,Rosas,1060.9,7.68,8147.71,2023-12-25,3
Exportador_10,Estados Unidos,Rosas,1020.3,6.49,6621.75,2023-12-25,2
Exportador_03,Estados Unidos,Rosas,1094.7,6.03,6601.04,2023-12-26,3
Exportador_06,Estados Unidos,Claveles,265.0,3.87,1025.55,2023-12-26,3
Exportador_07,Países Bajos,Gypsophila,369.4,4.91,1813.75,2023-12-26,4
Exportador_07,Italia,Rosas,1487.9,6.9,10266.51,2023-12-26,5
Exportador_08,Estados Unidos,Rosas,462.8,6.44,2980.43,2023-12-26,3
Exportador_13,México,Rosas,1011.4,6.72,6796.61,2023-12-26,4
Exportador_14,Kazajistán,Hortensias,141.6,7.22,1022.35,2023-12-26,5
Exportador_01,Países Bajos,Rosas,914.2,6.76,6179.99,2023-12-27,3
Exportador_01,Chile,Gypsophila,393.9,4.36,1717.4,2023-12-27,4
Exportador_01,Rusia,Rosas,501.7,7.81,3918.28,2023-12-27,6
Exportador_02,Estados Unidos,Rosas,1596.3,6.53,10423.84,2023-12-27,3
Exportador_02,Estados Unidos,Rosas,1045.4,7.04,7359.62,2023-12-27,2
Exportador_07,Estados Unidos,Gypsophila,437.4,4.66,2038.28,2023-12-27,1
Exportador_08,Kazajistán,Gypsophila,550.7,5.74,3161.02,2023-12-27,5
Exportador_11,Países Bajos,Rosas,876.3,7.41,6493.38,2023-12-28,6
Exportador_14,Estados Unidos,Rosas,1473.4,7.0,10313.8,2023-12-28,1
Exportador_02,Rusia,Rosas,289.7,6.88,1993.14,2023-12-29,5
Exportador_07,Estados Unidos,Rosas,508.9,6.48,3297.67,2023-12-29,1
Exportador_09,Japón,Rosas,696.4,8.65,6023.86,2023-12-29,6
Exportador_13,Estados Unidos,Rosas,1308.6,7.03,9199.46,2023-12-29,3
Exportador_14,Países Bajos,Rosas,698.5,6.93,4840.6,2023-12-29,5
Exportador_15,Japón,Gypsophila,1012.7,5.96,6035.69,2023-12-29,6
Exportador_15,Chile,Rosas,1176.1,6.06,7127.17,2023-12-29,3
Exportador_01,Estados Unidos,Rosas,685.3,6.74,4618.92,2023-12-30,2
Exportador_01,México,Rosas,552.3,6.33,3496.06,2023-12-30,3
Exportador_02,Estados Unidos,Rosas,782.0,6.98,5458.36,2023-12-30,1
Exportador_03,Rusia,Rosas,707.8,7.03,4975.83,2023-12-30,6
Exportador_04,Estados Unidos,Gypsophila,855.4,4.14,3541.36,2023-12-30,1
Exportador_05,Rusia,Rosas,370.2,7.79,2883.86,2023-12-30,7
Exportador_06,Países Bajos,Rosas,571.6,6.72,3841.15,2023-12-30,4
Exportador_01,Estados Unidos,Rosas,677.7,6.17,4181.41,2023-12-31,3
Exportador_01,Japón,Rosas,1625.5,8.89,14450.7,2023-12-31,5
Exportador_02,Estados Unidos,Hortensias,578.8,6.04,3495.95,2023-12-31,2
Exportador_03,Italia,Rosas,979.0,6.76,6618.04,2023-12-31,4
Exportador_03,Estados Unidos,Rosas,972.2,6.1,5930.42,2023-12-31,2
Exportador_04,Chile,Rosas,835.4,6.25,5221.25,2023-12-31,2
Exportador_06,Japón,Rosas,575.1,8.7,5003.37,2023-12-31,5
Exportador_11,Estados Unidos,Rosas,2805.8,6.11,17143.44,2023-12-31,2
Exportador_01,Estados Unidos,Rosas,1295.7,7.15,9264.26,2024-01-01,3
Exportador_03,Estados Unidos,Rosas,434.9,6.92,3009.51,2024-01-01,2
Exportador_03,Japón,Rosas,651.6,7.75,5049.9,2024-01-01,5
Exportador_03,Rusia,Rosas,700.3,7.12,4986.14,2024-01-01,7
Exportador_03,Estados Unidos,Gypsophila,678.5,4.84,3283.94,2024-01-01,2
Exportador_05,Países Bajos,Rosas,554.6,7.34,4070.76,2024-01-01,3
Exportador_09,Japón,Hortensias,210.2,8.04,1690.01,2024-01-01,5
Exportador_09,Rusia,Rosas,724.8,7.9,5725.92,2024-01-01,7
Exportador_11,Estados Unidos,Rosas,938.9,6.76,6346.96,2024-01-01,3
Exportador_01,España,Rosas,1783.0,6.15,10965.45,2024-01-02,5
Exportador_02,Rusia,Rosas,552.5,6.82,3768.05,2024-01-02,6
Exportador_03,Estados Unidos,Rosas,709.0,6.65,4714.85,2024-01-02,2
Exportador_05,Kazajistán,Rosas,577.2,7.36,4248.19,2024-01-02,6
Exportador_02,Estados Unidos,Rosas,1263.6,6.78,8567.21,2024-01-03,2
Exportador_04,Rusia,Gypsophila,542.5,5.65,3065.12,2024-01-03,5
Exportador_12,Canadá,Rosas,238.3,6.2,1477.46,2024-01-03,3
Exportador_01,Kazajistán,Rosas,552.5,8.56,4729.4,2024-01-04,5
Exportador_01,Kazajistán,Rosas,1786.6,8.06,14400.0,2024-01-04,8
Exportador_01,Rusia,Rosas,902.3,6.93,6252.94,2024-01-04,6
Exportador_08,Rusia,Rosas,1238.8,7.63,9452.04,2024-01-04,5
Exportador_12,Rusia,Rosas,713.8,7.12,5082.26,2024-01-04,4
Exportador_01,Estados Unidos,Rosas,1632.2,6.65,10854.13,2024-01-05,2
Exportador_05,Estados Unidos,Rosas,560.6,5.95,3335.57,2024-01-05,2
Exportador_14,Estados Unidos,Rosas,1084.3,6.71,7275.65,2024-01-05,2
Exportador_15,Alemania,Rosas,752.2,7.02,5280.44,2024-01-05,3
Exportador_01,Países Bajos,Rosas,1210.4,6.77,8194.41,2024-01-06,6
Exportador_01,Estados Unidos,Claveles,589.5,3.75,2210.62,2024-01-06,2
Exportador_01,Japón,Rosas,2779.8,7.39,20542.72,2024-01-06,7
Exportador_02,Estados Unidos,Gypsophila,2100.6,4.28,8990.57,2024-01-06,3
Exportador_03,Rusia,Gypsophila,558.4,5.07,2831.09,2024-01-06,7
Exportador_04,Países Bajos,Crisantemos,382.7,3.22,1232.29,2024-01-06,5
Exportador_04,Chile,Rosas,720.1,6.48,4666.25,2024-01-06,2
Exportador_06,Estados Unidos,Rosas,527.9,7.03,3711.14,2024-01-06,3
Exportador_10,Estados Unidos,Crisantemos,564.6,3.14,1772.84,2024-01-06,2
Exportador_10,Estados Unidos,Rosas,947.3,6.8,6441.64,2024-01-06,1
Exportador_10,Rusia,Rosas,1132.2,7.92,8967.02,2024-01-06,5
Exportador_11,Estados Unidos,Gypsophila,695.7,4.25,2956.73,2024-01-06,3
Exportador_11,Italia,Rosas,764.9,6.22,4757.68,2024-01-06,3
Exportador_12,Rusia,Gypsophila,548.2,5.39,2954.8,2024-01-06,5
Exportador_02,Canadá,Rosas,610.2,6.75,4118.85,2024-01-07,4
Exportador_04,Países Bajos,Gypsophila,882.5,4.29,3785.93,2024-01-07,4
Exportador_01,Kazajistán,Gypsophila,384.4,5.04,1937.38,2024-01-08,8
Exportador_02,Rusia,Rosas,199.0,7.06,1404.94,2024-01-08,6
Exportador_03,Estados Unidos,Rosas,508.0,7.03,3571.24,2024-01-08,1
Exportador_06,Rusia,Rosas,868.4,6.91,6000.64,2024-01-08,6
Exportador_08,Kazajistán,Gypsophila,318.0,5.92,1882.56,2024-01-08,6
Exportador_04,Canadá,Rosas,248.7,6.38,1586.71,2024-01-09,3
Exportador_04,Estados Unidos,Rosas,2185.0,6.21,13568.85,2024-01-09,2
Exportador_08,Japón,Gypsophila,1298.9,5.64,7325.8,2024-01-09,5
Exportador_10,Rusia,Rosas,887.5,6.77,6008.38,2024-01-09,5
Exportador_11,Estados Unidos,Rosas,610.7,6.58,4018.41,2024-01-09,3
Exportador_01,Países Bajos,Rosas,417.5,6.75,2818.12,2024-01-10,5
Exportador_01,Estados Unidos,Crisantemos,213.9,3.5,748.65,2024-01-10,3
Exportador_01,Estados Unidos,Rosas,598.5,6.67,3991.99,2024-01-10,1
Exportador_04,Canadá,Rosas,725.7,6.85,4971.05,2024-01-10,4
Exportador_10,Chile,Gypsophila,635.1,4.47,2838.9,2024-01-10,4
Exportador_01,Italia,Flores de verano,581.3,4.45,2586.78,2024-01-11,4
Exportador_12,Estados Unidos,Rosas,1175.5,6.79,7981.65,2024-01-11,2
Exportador_01,Estados Unidos,Rosas,847.7,6.58,5577.87,2024-01-12,1
Exportador_01,Chile,Gypsophila,724.3,4.0,2897.2,2024-01-12,2
Exportador_02,Estados Unidos,Rosas,700.7,6.33,4435.43,2024-01-12,1
Exportador_02,México,Claveles,1688.2,3.58,6043.76,2024-01-12,3
Exportador_02,Canadá,Gypsophila,727.3,5.18,3767.41,2024-01-12,4
Exportador_03,Chile,Gypsophila,428.3,4.69,2008.73,2024-01-12,2
Exportador_03,Japón,Rosas,921.9,8.18,7541.14,2024-01-12,7
Exportador_03,Estados Unidos,Claveles,812.6,3.4,2762.84,2024-01-12,2
Exportador_08,Estados Unidos,Claveles,798.3,3.96,3161.27,2024-01-12,2
Exportador_14,Chile,Rosas,1536.0,5.87,9016.32,2024-01-12,4
Exportador_01,Países Bajos,Rosas,506.1,7.39,3740.08,2024-01-13,6
Exportador_11,Estados Unidos,Rosas,1033.9,6.42,6637.64,2024-01-13,2
Exportador_13,Ucrania,Rosas,761.6,6.81,5186.5,2024-01-13,5
Exportador_14,Estados Unidos,Rosas,739.6,6.15,4548.54,2024-01-13,1
Exportador_01,Rusia,Rosas,2365.0,7.54,17832.1,2024-01-14,6
Exportador_03,Japón,Rosas,948.4,8.51,8070.88,2024-01-14,8
Exportador_04,Estados Unidos,Rosas,746.3,6.44,4806.17,2024-01-14,3
Exportador_11,España,Gypsophila,646.6,4.82,3116.61,2024-01-14,4
Exportador_01,Estados Unidos,Rosas,660.1,6.09,4020.01,2024-01-15,3
Exportador_01,Italia,Rosas,634.5,6.48,4111.56,2024-01-15,3
Exportador_01,Rusia,Rosas,339.8,6.8,2310.64,2024-01-15,7
Exportador_07,Rusia,Rosas,957.8,7.05,6752.49,2024-01-15,5
Exportador_07,Países Bajos,Rosas,443.5,7.46,3308.51,2024-01-15,4
Exportador_07,Rusia,Rosas,3282.8,7.7,25277.56,2024-01-15,7
Exportador_08,Kazajistán,Rosas,1318.6,7.21,9507.11,2024-01-15,7
Exportador_08,Alemania,Flores de verano,556.0,4.86,2702.16,2024-01-15,6
Exportador_12,Países Bajos,Rosas,707.1,6.18,4369.88,2024-01-15,4
Exportador_13,Rusia,Gypsophila,415.5,5.65,2347.58,2024-01-15,6
Exportador_14,Estados Unidos,Rosas,1999.1,6.19,12374.43,2024-01-15,2
Exportador_01,Estados Unidos,Flores de verano,73.9,4.16,307.42,2024-01-16,3
Exportador_01,Estados Unidos,Hortensias,113.6,5.49,623.66,2024-01-16,2
Exportador_15,Estados Unidos,Rosas,358.3,6.82,2443.61,2024-01-16,2
Exportador_02,Estados Unidos,Gypsophila,402.1,4.66,1873.79,2024-01-17,1
Exportador_02,Rusia,Rosas,986.7,7.81,7706.13,2024-01-17,4
Exportador_02,México,Rosas,556.6,6.03,3356.3,2024-01-17,2
Exportador_03,Estados Unidos,Rosas,2315.8,6.47,14983.23,2024-01-17,3
Exportador_09,Chile,Rosas,2139.8,6.43,13758.91,2024-01-17,2
Exportador_01,Estados Unidos,Rosas,3190.5,6.23,19876.82,2024-01-18,2
Exportador_04,Rusia,Rosas,1884.2,7.08,13340.14,2024-01-18,6
Exportador_04,Canadá,Rosas,898.7,6.34,5697.76,2024-01-18,3
Exportador_07,Estados Unidos,Gypsophila,336.3,4.52,1520.08,2024-01-18,1
Exportador_01,Kazajistán,Crisantemos,475.9,3.99,1898.84,2024-01-19,5
Exportador_01,Rusia,Claveles,456.1,4.38,1997.72,2024-01-19,6
Exportador_01,Chile,Rosas,577.8,6.46,3732.59,2024-01-19,3
Exportador_02,Países Bajos,Rosas,296.6,6.67,1978.32,2024-01-19,6
Exportador_04,Kazajistán,Rosas,799.8,7.98,6382.4,2024-01-19,7
Exportador_05,Japón,Gypsophila,292.7,5.7,1668.39,2024-01-19,6
Exportador_07,Estados Unidos,Rosas,574.7,6.8,3907.96,2024-01-19,2
Exportador_14,Canadá,Flores de verano,667.4,4.63,3090.06,2024-01-19,2
Exportador_02,Canadá,Rosas,1249.9,6.74,8424.33,2024-01-20,2
Exportador_05,Italia,Claveles,348.5,4.11,1432.34,2024-01-20,3
Exportador_05,Alemania,Rosas,812.8,7.05,5730.24,2024-01-20,6
Exportador_15,Kazajistán,Claveles,361.9,4.12,1491.03,2024-01-20,8
Exportador_07,Kazajistán,Rosas,573.4,7.88,4518.39,2024-01-21,6
Exportador_10,España,Claveles,216.0,4.0,864.0,2024-01-21,4
Exportador_12,Países Bajos,Rosas,529.1,7.09,3751.32,2024-01-21,4
Exportador_01,Canadá,Rosas,564.1,7.08,3993.83,2024-01-22,2
Exportador_06,Estados Unidos,Gypsophila,750.0,4.3,3225.0,2024-01-22,3
Exportador_07,Chile,Rosas,486.2,5.72,2781.06,2024-01-22,4
Exportador_03,Estados Unidos,Crisantemos,418.1,3.12,1304.47,2024-01-23,1
Exportador_03,Estados Unidos,Rosas,1217.6,6.8,8279.68,2024-01-23,2
Exportador_06,Estados Unidos,Rosas,1835.8,6.89,12648.66,2024-01-23,3
Exportador_11,Países Bajos,Rosas,611.0,6.42,3922.62,2024-01-23,6
Exportador_12,España,Rosas,1103.5,7.41,8176.94,2024-01-23,6
Exportador_14,Italia,Rosas,1153.6,6.36,7336.9,2024-01-23,3
Exportador_01,Kazajistán,Gypsophila,613.4,5.72,3508.65,2024-01-24,7
Exportador_04,Japón,Rosas,728.2,8.47,6167.85,2024-01-24,5
Exportador_07,Estados Unidos,Rosas,871.0,5.86,5104.06,2024-01-24,1
Exportador_09,Estados Unidos,Rosas,451.1,6.33,2855.46,2024-01-24,2
Exportador_11,Canadá,Claveles,781.8,3.67,2869.21,2024-01-24,4
Exportador_11,Canadá,Rosas,747.4,6.15,4596.51,2024-01-24,3
Exportador_01,Canadá,Rosas,851.3,7.76,6606.09,2024-01-25,2
Exportador_01,Estados Unidos,Rosas,733.6,7.95,5832.12,2024-01-25,2
Exportador_01,Chile,Rosas,732.6,7.27,5326.0,2024-01-25,3
Exportador_01,Estados Unidos,Hortensias,252.5,8.08,2040.2,2024-01-25,2
Exportador_02,Rusia,Rosas,964.5,8.81,8497.25,2024-01-25,7
Exportador_02,Estados Unidos,Claveles,1658.2,4.49,7445.32,2024-01-25,2
Exportador_03,Canadá,Rosas,731.7,7.69,5626.77,2024-01-25,4
Exportador_03,Rusia,Rosas,2243.7,10.08,22616.5,2024-01-25,4
Exportador_06,Estados Unidos,Rosas,528.4,8.11,4285.32,2024-01-25,3
Exportador_07,Chile,Rosas,848.4,7.73,6558.13,2024-01-25,2
Exportador_07,Chile,Rosas,489.8,7.02,3438.4,2024-01-25,4
Exportador_09,Canadá,Rosas,404.3,8.38,3388.03,2024-01-25,3
Exportador_09,Chile,Rosas,488.6,7.48,3654.73,2024-01-25,4
Exportador_10,Rusia,Rosas,1056.7,8.95,9457.47,2024-01-25,4
Exportador_10,Japón,Rosas,1238.7,9.6,11891.52,2024-01-25,7
Exportador_10,Estados Unidos,Rosas,1223.5,7.7,9420.95,2024-01-25,1
Exportador_12,Rusia,Claveles,431.5,5.01,2161.82,2024-01-25,4
Exportador_12,Países Bajos,Rosas,363.7,8.15,2964.16,2024-01-25,5
Exportador_14,Canadá,Rosas,1953.5,7.85,15334.97,2024-01-25,2
Exportador_01,México,Rosas,2147.5,8.42,18081.95,2024-01-26,3
Exportador_01,Alemania,Flores de verano,655.6,5.28,3461.57,2024-01-26,4
Exportador_01,Rusia,Flores de verano,608.2,5.93,3606.63,2024-01-26,6
Exportador_01,Kazajistán,Rosas,2977.1,10.39,30932.07,2024-01-26,8
Exportador_02,Países Bajos,Gypsophila,1209.2,5.44,6578.05,2024-01-26,5
Exportador_02,Rusia,Rosas,661.5,9.99,6608.39,2024-01-26,7
Exportador_03,Estados Unidos,Rosas,1171.5,8.58,10051.47,2024-01-26,3
Exportador_03,México,Rosas,815.5,7.67,6254.89,2024-01-26,3
Exportador_03,Países Bajos,Rosas,1118.5,8.26,9238.81,2024-01-26,6
Exportador_04,Ucrania,Rosas,1019.9,8.29,8454.97,2024-01-26,5
Exportador_04,Rusia,Rosas,1683.3,9.18,15452.69,2024-01-26,6
Exportador_04,Estados Unidos,Rosas,1843.0,8.4,15481.2,2024-01-26,2
Exportador_05,Italia,Rosas,1105.4,9.27,10247.06,2024-01-26,6
Exportador_06,Rusia,Rosas,1631.4,8.62,14062.67,2024-01-26,7
Exportador_06,Alemania,Rosas,1208.4,8.87,10718.51,2024-01-26,4
Exportador_09,México,Rosas,1333.8,7.32,9763.42,2024-01-26,4
Exportador_10,Rusia,Crisantemos,503.0,4.73,2379.19,2024-01-26,6
Exportador_12,Estados Unidos,Gypsophila,555.5,5.65,3138.58,2024-01-26,1
Exportador_12,Estados Unidos,Rosas,575.9,8.16,4699.34,2024-01-26,2
Exportador_15,Estados Unidos,Rosas,1325.6,7.32,9703.39,2024-01-26,3
Exportador_01,Japón,Crisantemos,856.6,4.56,3906.1,2024-01-27,5
Exportador_01,Kazajistán,Rosas,1568.6,9.09,14258.57,2024-01-27,5
Exportador_01,Italia,Rosas,828.7,8.14,6745.62,2024-01-27,3
Exportador_02,Italia,Crisantemos,636.5,4.45,2832.43,2024-01-27,6
Exportador_02,Rusia,Rosas,293.9,8.54,2509.91,2024-01-27,6
Exportador_02,Estados Unidos,Rosas,1318.2,8.01,10558.78,2024-01-27,3
Exportador_02,Rusia,Rosas,1280.5,9.34,11959.87,2024-01-27,5
Exportador_02,España,Claveles,421.4,4.73,1993.22,2024-01-27,3
Exportador_03,Chile,Rosas,3809.6,8.08,30781.57,2024-01-27,2
Exportador_03,Estados Unidos,Gypsophila,406.7,5.82,2366.99,2024-01-27,1
Exportador_04,Estados Unidos,Rosas,1360.9,8.57,11662.91,2024-01-27,3
Exportador_04,Canadá,Flores de verano,227.9,5.59,1273.96,2024-01-27,2
Exportador_04,Estados Unidos,Rosas,861.5,7.91,6814.47,2024-01-27,1
Exportador_04,Países Bajos,Rosas,472.5,9.29,4389.52,2024-01-27,5
Exportador_04,Japón,Rosas,637.4,10.42,6641.71,2024-01-27,7
Exportador_05,Países Bajos,Rosas,248.5,8.29,2060.06,2024-01-27,3
Exportador_07,Países Bajos,Rosas,1063.3,9.17,9750.46,2024-01-27,3
Exportador_08,Kazajistán,Rosas,747.3,9.95,7435.63,2024-01-27,6
Exportador_08,México,Rosas,2406.5,7.92,19059.48,2024-01-27,4
Exportador_08,Japón,Rosas,1316.6,9.49,12494.53,2024-01-27,7
Exportador_10,Kazajistán,Rosas,1632.3,10.22,16682.11,2024-01-27,9
Exportador_11,Estados Unidos,Rosas,477.5,7.96,3800.9,2024-01-27,1
Exportador_11,Japón,Rosas,1242.8,10.32,12825.7,2024-01-27,6
Exportador_12,Canadá,Rosas,635.8,8.42,5353.44,2024-01-27,4
Exportador_13,Estados Unidos,Hortensias,175.9,8.07,1419.51,2024-01-27,1
Exportador_01,Estados Unidos,Rosas,2099.8,8.33,17491.33,2024-01-28,3
Exportador_01,Chile,Rosas,935.0,7.57,7077.95,2024-01-28,3
Exportador_01,Chile,Rosas,2164.4,8.3,17964.52,2024-01-28,2
Exportador_01,Estados Unidos,Rosas,1089.8,7.61,8293.38,2024-01-28,3
Exportador_01,España,Rosas,563.2,9.06,5102.59,2024-01-28,5
Exportador_01,Japón,Rosas,1127.5,10.39,11714.73,2024-01-28,8
Exportador_01,Chile,Rosas,1128.9,8.28,9347.29,2024-01-28,4
Exportador_01,Estados Unidos,Claveles,447.5,4.34,1942.15,2024-01-28,2
Exportador_01,Países Bajos,Rosas,1114.0,8.66,9647.24,2024-01-28,4
Exportador_02,Estados Unidos,Rosas,535.6,7.92,4241.95,2024-01-28,3
Exportador_02,Países Bajos,Rosas,1399.1,8.16,11416.66,2024-01-28,6
Exportador_02,Ucrania,Rosas,1677.3,8.76,14693.15,2024-01-28,4
Exportador_02,Kazajistán,Rosas,1989.9,10.31,20515.87,2024-01-28,6
Exportador_04,Italia,Flores de verano,477.1,5.15,2457.07,2024-01-28,4
Exportador_04,Japón,Gypsophila,521.0,6.43,3350.03,2024-01-28,5
Exportador_06,Países Bajos,Hortensias,392.9,7.76,3048.9,2024-01-28,6
Exportador_06,Italia,Rosas,377.2,9.15,3451.38,2024-01-28,4
Exportador_06,Estados Unidos,Rosas,1286.6,8.54,10987.56,2024-01-28,1
Exportador_08,Kazajistán,Rosas,690.5,10.2,7043.1,2024-01-28,5
Exportador_13,Ucrania,Rosas,620.1,8.05,4991.81,2024-01-28,6
Exportador_14,Italia,Hortensias,1050.7,7.62,8006.33,2024-01-28,5
Exportador_01,Italia,Flores de verano,623.4,5.37,3347.66,2024-01-29,6
Exportador_01,Kazajistán,Hortensias,207.7,9.04,1877.61,2024-01-29,8
Exportador_01,Estados Unidos,Flores de verano,689.4,5.49,3784.81,2024-01-29,3
Exportador_01,Estados Unidos,Rosas,626.9,7.72,4839.67,2024-01-29,3
Exportador_02,Chile,Hortensias,710.4,7.64,5427.46,2024-01-29,3
Exportador_02,Kazajistán,Claveles,682.6,5.89,4020.51,2024-01-29,6
Exportador_02,Estados Unidos,Claveles,347.8,4.8,1669.44,2024-01-29,2
Exportador_02,Italia,Rosas,1039.3,7.7,8002.61,2024-01-29,3
Exportador_04,Estados Unidos,Rosas,705.2,7.38,5204.38,2024-01-29,2
Exportador_05,Kazajistán,Rosas,1232.6,9.12,11241.31,2024-01-29,7
Exportador_06,Rusia,Flores de verano,469.6,5.73,2690.81,2024-01-29,5
Exportador_08,Estados Unidos,Rosas,1116.0,7.69,8582.04,2024-01-29,3
Exportador_10,Japón,Gypsophila,462.3,6.39,2954.1,2024-01-29,7
Exportador_11,Italia,Gypsophila,1254.7,5.44,6825.57,2024-01-29,4
Exportador_14,Chile,Claveles,400.0,4.02,1608.0,2024-01-29,4
Exportador_01,Alemania,Rosas,1239.4,8.99,11142.21,2024-01-30,6
Exportador_01,México,Rosas,1726.3,8.05,13896.72,2024-01-30,4
Exportador_01,Estados Unidos,Rosas,1048.2,8.76,9182.23,2024-01-30,2
Exportador_01,Alemania,Flores de verano,273.1,5.23,1428.31,2024-01-30,4
Exportador_01,Estados Unidos,Rosas,1033.0,7.37,7613.21,2024-01-30,3
Exportador_02,Estados Unidos,Rosas,1660.1,8.31,13795.43,2024-01-30,3
Exportador_04,España,Claveles,434.0,4.49,1948.66,2024-01-30,5
Exportador_04,Países Bajos,Rosas,3587.4,7.84,28125.22,2024-01-30,5
Exportador_06,Rusia,Rosas,666.6,8.43,5619.44,2024-01-30,7
Exportador_07,Países Bajos,Rosas,2278.4,8.12,18500.61,2024-01-30,3
Exportador_08,Canadá,Rosas,827.4,7.95,6577.83,2024-01-30,4
Exportador_09,Países Bajos,Rosas,853.5,7.94,6776.79,2024-01-30,5
Exportador_09,Estados Unidos,Rosas,1350.7,7.74,10454.42,2024-01-30,1
Exportador_10,Estados Unidos,Rosas,1263.5,8.4,10613.4,2024-01-30,2
Exportador_10,Estados Unidos,Rosas,1414.4,7.86,11117.18,2024-01-30,1
Exportador_12,Canadá,Gypsophila,479.6,5.66,2714.54,2024-01-30,3
Exportador_13,Rusia,Rosas,2253.4,9.29,20934.09,2024-01-30,5
Exportador_15,Canadá,Gypsophila,1286.4,5.78,7435.39,2024-01-30,2
Exportador_01,Kazajistán,Rosas,666.0,10.03,6679.98,2024-01-31,8
Exportador_01,Rusia,Rosas,2010.3,8.56,17208.17,2024-01-31,7
Exportador_01,Kazajistán,Rosas,1569.2,9.99,15676.31,2024-01-31,9
Exportador_01,México,Rosas,1556.4,8.03,12497.89,2024-01-31,4
Exportador_02,Estados Unidos,Claveles,724.1,4.93,3569.81,2024-01-31,3
Exportador_03,Estados Unidos,Flores de verano,300.7,5.48,1647.84,2024-01-31,1
Exportador_03,Estados Unidos,Rosas,3016.4,8.91,26876.12,2024-01-31,1
Exportador_03,Estados Unidos,Crisantemos,672.3,3.63,2440.45,2024-01-31,3
Exportador_04,Estados Unidos,Rosas,645.8,8.58,5540.96,2024-01-31,1
Exportador_05,Estados Unidos,Rosas,1005.3,7.79,7831.29,2024-01-31,3
Exportador_05,Canadá,Rosas,1243.4,9.0,11190.6,2024-01-31,2
Exportador_07,Países Bajos,Flores de verano,207.2,5.55,1149.96,2024-01-31,4
Exportador_08,Estados Unidos,Flores de verano,1071.6,5.21,5583.04,2024-01-31,2
Exportador_08,Estados Unidos,Gypsophila,743.4,5.13,3813.64,2024-01-31,3
Exportador_10,Rusia,Gypsophila,1273.1,6.54,8326.07,2024-01-31,6
Exportador_01,Rusia,Rosas,978.7,8.98,8788.73,2024-02-01,5
Exportador_01,Estados Unidos,Rosas,1051.8,7.92,8330.26,2024-02-01,2
Exportador_02,Rusia,Claveles,517.9,5.24,2713.8,2024-02-01,5
Exportador_02,Rusia,Rosas,825.1,8.9,7343.39,2024-02-01,7
Exportador_02,Estados Unidos,Rosas,1977.9,8.66,17128.61,2024-02-01,3
Exportador_02,Estados Unidos,Flores de verano,703.5,5.64,3967.74,2024-02-01,3
Exportador_02,España,Claveles,1010.6,4.76,4810.46,2024-02-01,4
Exportador_02,Estados Unidos,Crisantemos,1135.9,4.23,4804.86,2024-02-01,1
Exportador_02,Estados Unidos,Gypsophila,737.3,6.12,4512.28,2024-02-01,3
Exportador_03,Italia,Rosas,529.4,8.95,4738.13,2024-02-01,3
Exportador_04,Estados Unidos,Rosas,1979.8,8.75,17323.25,2024-02-01,2
Exportador_04,Estados Unidos,Rosas,861.6,7.91,6815.26,2024-02-01,2
Exportador_04,Rusia,Hortensias,145.9,9.43,1375.84,2024-02-01,5
Exportador_04,Kazajistán,Rosas,459.0,9.2,4222.8,2024-02-01,9
Exportador_05,México,Rosas,892.6,7.88,7033.69,2024-02-01,3
Exportador_05,México,Rosas,702.6,8.29,5824.55,2024-02-01,4
Exportador_05,Estados Unidos,Rosas,4172.0,7.6,31707.2,2024-02-01,3
Exportador_05,Estados Unidos,Rosas,2012.2,7.62,15332.96,2024-02-01,2
Exportador_05,España,Gypsophila,1527.5,6.46,9867.65,2024-02-01,5
Exportador_06,Rusia,Rosas,1726.3,8.46,14604.5,2024-02-01,5
Exportador_06,Canadá,Rosas,778.5,8.48,6601.68,2024-02-01,3
Exportador_06,México,Rosas,2109.2,7.29,15376.07,2024-02-01,2
Exportador_07,Chile,Hortensias,149.5,6.68,998.66,2024-02-01,2
Exportador_07,Rusia,Rosas,682.9,8.57,5852.45,2024-02-01,6
Exportador_08,Estados Unidos,Rosas,1589.5,8.56,13606.12,2024-02-01,3
Exportador_08,México,Rosas,764.3,8.48,6481.26,2024-02-01,4
Exportador_09,Estados Unidos,Rosas,916.1,7.88,7218.87,2024-02-01,2
Exportador_10,Estados Unidos,Rosas,1335.9,7.92,10580.33,2024-02-01,2
Exportador_01,Estados Unidos,Rosas,2064.3,8.22,16968.55,2024-02-02,1
Exportador_01,Estados Unidos,Rosas,872.8,7.98,6964.94,2024-02-02,2
Exportador_01,Estados Unidos,Rosas,958.7,7.59,7276.53,2024-02-02,1
Exportador_01,Estados Unidos,Flores de verano,778.8,4.67,3637.0,2024-02-02,1
Exportador_01,Alemania,Rosas,648.8,9.09,5897.59,2024-02-02,5
Exportador_02,Estados Unidos,Rosas,692.8,8.8,6096.64,2024-02-02,1
Exportador_02,Estados Unidos,Rosas,1492.3,7.46,11132.56,2024-02-02,2
Exportador_02,España,Rosas,589.2,8.59,5061.23,2024-02-02,4
Exportador_02,Países Bajos,Rosas,2702.0,9.27,25047.54,2024-02-02,3
Exportador_02,Países Bajos,Crisantemos,223.9,4.24,949.34,2024-02-02,4
Exportador_02,Estados Unidos,Rosas,1161.1,8.93,10368.62,2024-02-02,2
Exportador_03,Chile,Rosas,1000.8,8.1,8106.48,2024-02-02,4
Exportador_03,Países Bajos,Rosas,1114.7,8.25,9196.27,2024-02-02,4
Exportador_05,Chile,Rosas,1816.0,8.44,15327.04,2024-02-02,4
Exportador_06,Chile,Gypsophila,204.2,5.23,1067.97,2024-02-02,2
Exportador_07,Estados Unidos,Rosas,1050.7,7.93,8332.05,2024-02-02,3
Exportador_07,Estados Unidos,Rosas,3285.4,7.8,25626.12,2024-02-02,1
Exportador_07,Rusia,Rosas,641.5,9.7,6222.55,2024-02-02,5
Exportador_10,Estados Unidos,Rosas,612.0,8.36,5116.32,2024-02-02,2
Exportador_11,Japón,Rosas,2549.0,10.39,26484.11,2024-02-02,5
Exportador_11,Rusia,Rosas,732.4,10.03,7345.97,2024-02-02,4
Exportador_12,Estados Unidos,Claveles,922.7,4.78,4410.51,2024-02-02,2
Exportador_12,Rusia,Rosas,1124.0,9.63,10824.12,2024-02-02,4
Exportador_13,México,Rosas,440.6,7.05,3106.23,2024-02-02,2
Exportador_15,Canadá,Gypsophila,1250.6,6.33,7916.3,2024-02-02,2
Exportador_15,Estados Unidos,Rosas,1498.1,7.83,11730.12,2024-02-02,3
Exportador_15,Kazajistán,Rosas,1227.5,9.97,12238.18,2024-02-02,5
Exportador_01,España,Rosas,615.2,9.01,5542.95,2024-02-03,5
Exportador_01,España,Rosas,1446.9,8.49,12284.18,2024-02-03,3
Exportador_01,Rusia,Rosas,707.2,9.16,6477.95,2024-02-03,7
Exportador_01,Kazajistán,Flores de verano,153.0,5.55,849.15,2024-02-03,8
Exportador_01,Estados Unidos,Rosas,1377.8,7.74,10664.17,2024-02-03,1
Exportador_01,Estados Unidos,Rosas,1408.9,8.11,11426.18,2024-02-03,1
Exportador_01,Estados Unidos,Claveles,486.2,4.29,2085.8,2024-02-03,2
Exportador_02,Kazajistán,Rosas,2661.4,9.18,24431.65,2024-02-03,6
Exportador_02,Estados Unidos,Rosas,2738.8,8.69,23800.17,2024-02-03,2
Exportador_02,Canadá,Rosas,461.6,8.11,3743.58,2024-02-03,3
Exportador_02,Estados Unidos,Rosas,1075.3,8.17,8785.2,2024-02-03,3
Exportador_03,Rusia,Hortensias,562.7,8.55,4811.09,2024-02-03,6
Exportador_03,Japón,Rosas,532.0,10.93,5814.76,2024-02-03,8
Exportador_04,Rusia,Rosas,577.1,8.87,5118.88,2024-02-03,7
Exportador_04,Rusia,Rosas,1341.1,8.95,12002.84,2024-02-03,5
Exportador_05,Estados Unidos,Rosas,1055.8,8.63,9111.55,2024-02-03,2
Exportador_05,España,Rosas,899.1,9.09,8172.82,2024-02-03,4
Exportador_07,Estados Unidos,Rosas,945.3,7.8,7373.34,2024-02-03,3
Exportador_08,Rusia,Rosas,1559.2,10.01,15607.59,2024-02-03,4
Exportador_09,España,Rosas,1487.2,9.07,13488.9,2024-02-03,3
Exportador_11,Estados Unidos,Rosas,1382.7,7.78,10757.41,2024-02-03,1
Exportador_13,Japón,Rosas,760.5,10.1,7681.05,2024-02-03,7
Exportador_14,Estados Unidos,Claveles,223.2,4.7,1049.04,2024-02-03,2
Exportador_15,Estados Unidos,Hortensias,432.0,6.99,3019.68,2024-02-03,2
Exportador_01,Japón,Rosas,942.8,9.85,9286.58,2024-02-04,5
Exportador_01,México,Rosas,453.3,7.83,3549.34,2024-02-04,3
Exportador_01,Italia,Rosas,871.6,7.95,6929.22,2024-02-04,5
Exportador_01,Rusia,Rosas,435.1,8.78,3820.18,2024-02-04,7
Exportador_01,Ucrania,Rosas,616.1,8.39,5169.08,2024-02-04,8
Exportador_01,Países Bajos,Rosas,2197.3,9.0,19775.7,2024-02-04,4
Exportador_01,Kazajistán,Crisantemos,875.1,4.73,4139.22,2024-02-04,5
Exportador_01,México,Rosas,624.1,7.44,4643.3,2024-02-04,4
Exportador_02,Rusia,Rosas,538.3,8.94,4812.4,2024-02-04,5
Exportador_03,Kazajistán,Rosas,1660.6,9.94,16506.36,2024-02-04,6
Exportador_03,España,Claveles,620.9,5.01,3110.71,2024-02-04,4
Exportador_03,Chile,Gypsophila,770.7,5.55,4277.39,2024-02-04,2
Exportador_04,Rusia,Rosas,647.1,8.59,5558.59,2024-02-04,4
Exportador_04,Canadá,Rosas,758.5,8.0,6068.0,2024-02-04,3
Exportador_04,Rusia,Rosas,779.8,9.27,7228.75,2024-02-04,5
Exportador_06,Japón,Rosas,1017.1,10.39,10567.67,2024-02-04,5
Exportador_06,Italia,Rosas,767.5,9.2,7061.0,2024-02-04,5
Exportador_07,Rusia,Claveles,587.1,5.54,3252.53,2024-02-04,6
Exportador_07,Chile,Rosas,582.9,7.32,4266.83,2024-02-04,3
Exportador_08,Estados Unidos,Rosas,1889.6,8.04,15192.38,2024-02-04,2
Exportador_08,Italia,Rosas,777.1,7.79,6053.61,2024-02-04,5
Exportador_10,Rusia,Rosas,548.1,9.0,4932.9,2024-02-04,6
Exportador_11,Alemania,Rosas,1626.7,9.47,15404.85,2024-02-04,5
Exportador_12,Países Bajos,Claveles,491.2,4.78,2347.94,2024-02-04,6
Exportador_13,Estados Unidos,Rosas,1419.7,8.16,11584.75,2024-02-04,2
Exportador_13,Japón,Rosas,583.1,11.11,6478.24,2024-02-04,5
Exportador_01,Estados Unidos,Rosas,854.8,7.78,6650.34,2024-02-05,1
Exportador_01,Italia,Rosas,862.2,8.39,7233.86,2024-02-05,3
Exportador_01,Rusia,Rosas,739.0,9.35,6909.65,2024-02-05,7
Exportador_01,Estados Unidos,Rosas,998.5,8.19,8177.71,2024-02-05,2
Exportador_02,Rusia,Rosas,748.8,10.27,7690.18,2024-02-05,4
Exportador_03,Rusia,Flores de verano,240.3,5.39,1295.22,2024-02-05,6
Exportador_03,Estados Unidos,Claveles,266.2,4.77,1269.77,2024-02-05,3
Exportador_05,Estados Unidos,Rosas,961.4,8.55,8219.97,2024-02-05,2
Exportador_06,España,Rosas,1403.5,7.87,11045.55,2024-02-05,4
Exportador_06,Alemania,Rosas,1100.8,8.73,9609.98,2024-02-05,5
Exportador_07,Japón,Hortensias,544.4,8.75,4763.5,2024-02-05,6
Exportador_07,Alemania,Flores de verano,247.3,5.86,1449.18,2024-02-05,6
Exportador_08,Estados Unidos,Rosas,1977.8,8.84,17483.75,2024-02-05,1
Exportador_09,Rusia,Rosas,1216.3,9.71,11810.27,2024-02-05,6
Exportador_10,Estados Unidos,Rosas,831.8,8.74,7269.93,2024-02-05,1
Exportador_10,Chile,Rosas,1494.8,8.46,12646.01,2024-02-05,4
Exportador_12,Estados Unidos,Gypsophila,931.1,5.36,4990.7,2024-02-05,1
Exportador_13,Canadá,Rosas,1150.2,8.54,9822.71,2024-02-05,4
Exportador_01,Italia,Gypsophila,833.7,6.39,5327.34,2024-02-06,5
Exportador_01,Estados Unidos,Hortensias,247.1,7.71,1905.14,2024-02-06,3
Exportador_01,Países Bajos,Hortensias,606.5,7.28,4415.32,2024-02-06,3
Exportador_01,Chile,Rosas,1679.7,7.3,12261.81,2024-02-06,4
Exportador_01,Rusia,Claveles,689.4,4.68,3226.39,2024-02-06,5
Exportador_01,Japón,Rosas,652.0,9.26,6037.52,2024-02-06,6
Exportador_02,Estados Unidos,Gypsophila,641.1,6.03,3865.83,2024-02-06,3
Exportador_03,Países Bajos,Claveles,354.4,4.49,1591.26,2024-02-06,4
Exportador_04,Estados Unidos,Rosas,1523.1,8.81,13418.51,2024-02-06,1
Exportador_04,Países Bajos,Gypsophila,364.5,5.98,2179.71,2024-02-06,5
Exportador_04,Rusia,Rosas,482.3,8.63,4162.25,2024-02-06,7
Exportador_04,Rusia,Rosas,1733.3,9.34,16189.02,2024-02-06,7
Exportador_05,Ucrania,Crisantemos,450.1,4.63,2083.96,2024-02-06,6
Exportador_05,Países Bajos,Rosas,746.4,9.07,6769.85,2024-02-06,4
Exportador_06,Estados Unidos,Rosas,1003.0,8.36,8385.08,2024-02-06,2
Exportador_07,Italia,Rosas,2047.2,8.67,17749.22,2024-02-06,5
Exportador_07,Ucrania,Rosas,2062.1,9.0,18558.9,2024-02-06,8
Exportador_07,Estados Unidos,Rosas,2376.3,8.79,20887.68,2024-02-06,2
Exportador_11,España,Gypsophila,563.1,6.31,3553.16,2024-02-06,3
Exportador_11,Rusia,Rosas,1703.8,9.29,15828.3,2024-02-06,6
Exportador_12,Kazajistán,Rosas,643.8,8.82,5678.32,2024-02-06,9
Exportador_12,Estados Unidos,Rosas,1341.3,8.76,11749.79,2024-02-06,3
Exportador_12,Rusia,Rosas,2281.8,8.85,20193.93,2024-02-06,5
Exportador_12,Rusia,Rosas,790.6,9.64,7621.38,2024-02-06,6
Exportador_12,Estados Unidos,Rosas,867.2,7.8,6764.16,2024-02-06,3
Exportador_13,Estados Unidos,Hortensias,479.9,6.85,3287.31,2024-02-06,2
Exportador_13,Estados Unidos,Flores de verano,1490.7,4.98,7423.69,2024-02-06,1
Exportador_13,España,Rosas,855.3,8.48,7252.94,2024-02-06,3
Exportador_14,Estados Unidos,Rosas,828.9,8.87,7352.34,2024-02-06,1
Exportador_15,Estados Unidos,Gypsophila,458.0,5.25,2404.5,2024-02-06,1
Exportador_01,Japón,Rosas,596.5,9.89,5899.39,2024-02-07,7
Exportador_01,Canadá,Rosas,565.4,8.27,4675.86,2024-02-07,2
Exportador_01,Países Bajos,Rosas,841.8,8.84,7441.51,2024-02-07,6
Exportador_01,Estados Unidos,Rosas,871.8,8.21,7157.48,2024-02-07,2
Exportador_01,España,Claveles,570.9,4.59,2620.43,2024-02-07,5
Exportador_02,Estados Unidos,Rosas,1191.2,8.18,9744.02,2024-02-07,3
Exportador_02,México,Rosas,1541.4,8.1,12485.34,2024-02-07,4
Exportador_02,Rusia,Flores de verano,1231.7,6.18,7611.91,2024-02-07,7
Exportador_02,México,Rosas,1188.7,8.26,9818.66,2024-02-07,3
Exportador_02,España,Rosas,728.7,7.74,5640.14,2024-02-07,6
Exportador_03,Estados Unidos,Rosas,1412.9,7.69,10865.2,2024-02-07,3
Exportador_03,España,Rosas,3421.0,7.89,26991.69,2024-02-07,3
Exportador_04,Alemania,Rosas,1858.8,7.92,14721.7,2024-02-07,3
Exportador_04,México,Rosas,1618.3,8.07,13059.68,2024-02-07,2
Exportador_05,Rusia,Rosas,1494.5,8.57,12807.86,2024-02-07,4
Exportador_05,Rusia,Claveles,1081.8,5.14,5560.45,2024-02-07,7
Exportador_06,Rusia,Rosas,922.1,8.49,7828.63,2024-02-07,6
Exportador_06,Estados Unidos,Rosas,882.7,8.63,7617.7,2024-02-07,1
Exportador_06,Estados Unidos,Rosas,934.7,7.45,6963.52,2024-02-07,2
Exportador_11,Canadá,Rosas,1316.9,7.86,10350.83,2024-02-07,4
Exportador_11,Japón,Gypsophila,1048.7,6.69,7015.8,2024-02-07,5
Exportador_12,Rusia,Rosas,586.4,8.71,5107.54,2024-02-07,4
Exportador_14,Estados Unidos,Rosas,1537.0,8.4,12910.8,2024-02-07,1
Exportador_14,Estados Unidos,Rosas,418.9,8.66,3627.67,2024-02-07,2
Exportador_01,Estados Unidos,Claveles,549.2,4.67,2564.76,2024-02-08,2
Exportador_01,Estados Unidos,Rosas,1263.1,8.66,10938.45,2024-02-08,3
Exportador_01,Alemania,Rosas,1357.5,8.41,11416.58,2024-02-08,5
Exportador_01,Canadá,Rosas,1388.6,9.11,12650.15,2024-02-08,3
Exportador_01,Estados Unidos,Rosas,1071.1,8.27,8858.0,2024-02-08,3
Exportador_02,Estados Unidos,Rosas,1279.2,7.97,10195.22,2024-02-08,2
Exportador_02,Países Bajos,Rosas,338.9,9.2,3117.88,2024-02-08,4
Exportador_03,Estados Unidos,Gypsophila,514.6,6.02,3097.89,2024-02-08,3
Exportador_03,Estados Unidos,Crisantemos,836.2,3.75,3135.75,2024-02-08,1
Exportador_04,Italia,Rosas,1726.3,8.46,14604.5,2024-02-08,5
Exportador_05,Estados Unidos,Rosas,2197.9,8.39,18440.38,2024-02-08,3
Exportador_07,Ucrania,Rosas,524.4,9.62,5044.73,2024-02-08,5
Exportador_09,Alemania,Rosas,936.4,9.12,8539.97,2024-02-08,6
Exportador_10,Chile,Rosas,945.3,8.35,7893.25,2024-02-08,3
Exportador_11,Ucrania,Rosas,933.1,8.59,8015.33,2024-02-08,6
Exportador_13,México,Rosas,1127.4,8.35,9413.79,2024-02-08,2
Exportador_01,México,Rosas,735.9,7.39,5438.3,2024-02-09,3
Exportador_01,Estados Unidos,Rosas,826.6,8.44,6976.5,2024-02-09,1
Exportador_01,Estados Unidos,Claveles,742.9,4.84,3595.64,2024-02-09,3
Exportador_01,Japón,Flores de verano,203.2,6.4,1300.48,2024-02-09,5
Exportador_01,Estados Unidos,Rosas,1924.9,8.91,17150.86,2024-02-09,1
Exportador_01,Kazajistán,Rosas,1438.5,10.02,14413.77,2024-02-09,9
Exportador_02,Estados Unidos,Rosas,1213.5,7.41,8992.03,2024-02-09,2
Exportador_02,Estados Unidos,Gypsophila,678.4,5.13,3480.19,2024-02-09,2
Exportador_02,Alemania,Rosas,1732.0,9.17,15882.44,2024-02-09,5
Exportador_02,Rusia,Rosas,2093.1,9.21,19277.45,2024-02-09,4
Exportador_08,Países Bajos,Rosas,728.2,9.04,6582.93,2024-02-09,3
Exportador_10,Canadá,Rosas,1179.8,8.41,9922.12,2024-02-09,3
Exportador_12,Estados Unidos,Claveles,807.4,4.15,3350.71,2024-02-09,2
Exportador_14,Alemania,Rosas,1643.9,8.79,14449.88,2024-02-09,6
Exportador_14,Rusia,Rosas,770.5,9.23,7111.72,2024-02-09,4
Exportador_01,Japón,Crisantemos,669.7,4.89,3274.83,2024-02-10,5
Exportador_01,Países Bajos,Gypsophila,1517.4,5.5,8345.7,2024-02-10,5
Exportador_01,Rusia,Claveles,396.0,4.83,1912.68,2024-02-10,5
Exportador_01,Estados Unidos,Rosas,442.7,8.46,3745.24,2024-02-10,2
Exportador_02,Estados Unidos,Rosas,762.8,8.36,6377.01,2024-02-10,3
Exportador_03,Estados Unidos,Rosas,488.3,7.47,3647.6,2024-02-10,2
Exportador_04,Rusia,Rosas,1867.4,9.06,16918.64,2024-02-10,7
Exportador_04,Japón,Rosas,729.7,10.18,7428.35,2024-02-10,5
Exportador_04,Estados Unidos,Rosas,948.5,7.77,7369.84,2024-02-10,3
Exportador_04,Países Bajos,Rosas,1800.3,8.02,14438.41,2024-02-10,5
Exportador_04,Rusia,Rosas,1652.9,9.03,14925.69,2024-02-10,7
Exportador_05,Estados Unidos,Rosas,1964.1,8.76,17205.52,2024-02-10,1
Exportador_05,Países Bajos,Rosas,1414.2,8.37,11836.85,2024-02-10,6
Exportador_06,Canadá,Gypsophila,516.7,6.19,3198.37,2024-02-10,3
Exportador_07,Estados Unidos,Rosas,814.2,8.48,6904.42,2024-02-10,1
Exportador_09,Estados Unidos,Claveles,1172.0,4.25,4981.0,2024-02-10,3
Exportador_10,Rusia,Claveles,234.4,5.1,1195.44,2024-02-10,4
Exportador_11,Italia,Rosas,785.5,7.73,6071.91,2024-02-10,6
Exportador_11,Alemania,Rosas,1243.6,9.52,11839.07,2024-02-10,5
Exportador_13,Japón,Rosas,1165.6,10.27,11970.71,2024-02-10,8
Exportador_15,Estados Unidos,Gypsophila,386.6,5.94,2296.4,2024-02-10,2
Exportador_15,Estados Unidos,Rosas,798.4,7.66,6115.74,2024-02-10,2
Exportador_01,Estados Unidos,Rosas,2409.3,6.04,14552.17,2024-02-11,2
Exportador_01,Japón,Rosas,1716.9,8.02,13769.54,2024-02-11,6
Exportador_03,España,Hortensias,166.3,6.62,1100.91,2024-02-11,6
Exportador_03,Estados Unidos,Rosas,874.0,6.65,5812.1,2024-02-11,2
Exportador_03,Japón,Rosas,1489.9,8.37,12470.46,2024-02-11,5
Exportador_04,Países Bajos,Rosas,1466.6,6.78,9943.55,2024-02-11,3
Exportador_05,Estados Unidos,Rosas,1377.1,5.98,8235.06,2024-02-11,2
Exportador_05,Estados Unidos,Flores de verano,467.5,4.18,1954.15,2024-02-11,1
Exportador_01,Países Bajos,Rosas,350.7,6.8,2384.76,2024-02-12,5
Exportador_02,Estados Unidos,Rosas,701.1,6.3,4416.93,2024-02-12,1
Exportador_03,Países Bajos,Rosas,776.3,6.7,5201.21,2024-02-12,5
Exportador_08,Alemania,Gypsophila,486.8,4.62,2249.02,2024-02-12,3
Exportador_10,Japón,Crisantemos,1148.9,4.11,4721.98,2024-02-12,8
Exportador_01,Estados Unidos,Rosas,1351.1,5.94,8025.53,2024-02-13,1
Exportador_04,España,Rosas,858.9,6.4,5496.96,2024-02-13,3
Exportador_05,Alemania,Gypsophila,239.2,5.16,1234.27,2024-02-13,6
Exportador_10,Estados Unidos,Rosas,395.8,7.12,2818.1,2024-02-13,2
Exportador_12,Países Bajos,Rosas,169.6,7.41,1256.74,2024-02-13,4
Exportador_13,Países Bajos,Claveles,255.9,3.48,890.53,2024-02-13,5
Exportador_14,Rusia,Rosas,717.3,7.18,5150.21,2024-02-13,7
Exportador_14,Estados Unidos,Rosas,1646.5,6.91,11377.32,2024-02-13,2
Exportador_02,Kazajistán,Rosas,667.9,8.0,5343.2,2024-02-14,5
Exportador_10,Rusia,Rosas,1189.3,7.61,9050.57,2024-02-14,4
Exportador_01,Países Bajos,Rosas,956.3,6.63,6340.27,2024-02-15,3
Exportador_03,Estados Unidos,Rosas,592.1,6.75,3996.68,2024-02-15,3
Exportador_14,Estados Unidos,Rosas,623.3,6.75,4207.27,2024-02-15,1
Exportador_02,Rusia,Rosas,817.8,7.6,6215.28,2024-02-16,6
Exportador_02,Rusia,Claveles,358.7,3.83,1373.82,2024-02-16,6
Exportador_03,Chile,Rosas,954.2,5.67,5410.31,2024-02-16,3
Exportador_07,Chile,Crisantemos,296.2,2.98,882.68,2024-02-16,2
Exportador_12,Estados Unidos,Rosas,435.8,6.78,2954.72,2024-02-16,1
Exportador_12,Canadá,Rosas,1664.6,7.14,11885.24,2024-02-16,3
Exportador_01,México,Rosas,1163.4,5.61,6526.67,2024-02-17,3
Exportador_01,Países Bajos,Claveles,307.7,3.51,1080.03,2024-02-17,4
Exportador_02,Rusia,Rosas,916.3,7.98,7312.07,2024-02-17,6
Exportador_02,Países Bajos,Gypsophila,531.9,5.17,2749.92,2024-02-17,5
Exportador_07,Estados Unidos,Rosas,2075.0,6.34,13155.5,2024-02-17,2
Exportador_07,Estados Unidos,Rosas,718.4,5.9,4238.56,2024-02-17,2
Exportador_08,Rusia,Gypsophila,459.7,4.78,2197.37,2024-02-17,6
Exportador_15,Estados Unidos,Crisantemos,485.8,3.21,1559.42,2024-02-17,1
Exportador_02,Países Bajos,Flores de verano,1096.8,4.55,4990.44,2024-02-18,3
Exportador_02,Estados Unidos,Rosas,1259.0,6.01,7566.59,2024-02-18,3
Exportador_03,Japón,Rosas,1744.8,7.37,12859.18,2024-02-18,7
Exportador_06,Estados Unidos,Crisantemos,403.4,3.1,1250.54,2024-02-18,3
Exportador_06,Chile,Rosas,986.9,5.94,5862.19,2024-02-18,2
Exportador_08,Estados Unidos,Gypsophila,584.8,4.75,2777.8,2024-02-18,1
Exportador_01,Países Bajos,Rosas,1285.1,6.36,8173.24,2024-02-19,6
Exportador_02,Estados Unidos,Rosas,948.8,6.41,6081.81,2024-02-19,2
Exportador_06,México,Rosas,251.5,5.9,1483.85,2024-02-19,3
Exportador_01,Japón,Rosas,333.8,8.31,2773.88,2024-02-20,6
Exportador_02,Canadá,Rosas,1673.5,6.53,10927.95,2024-02-20,4
Exportador_03,Rusia,Rosas,241.0,7.56,1821.96,2024-02-20,6
Exportador_01,Rusia,Rosas,317.7,6.93,2201.66,2024-02-21,4
Exportador_02,Estados Unidos,Rosas,1129.4,6.76,7634.74,2024-02-21,2
Exportador_03,España,Claveles,1058.3,3.72,3936.88,2024-02-21,3
Exportador_10,Estados Unidos,Flores de verano,241.2,3.73,899.68,2024-02-21,2
Exportador_11,Estados Unidos,Rosas,441.6,6.28,2773.25,2024-02-21,2
Exportador_01,Japón,Rosas,598.8,8.9,5329.32,2024-02-22,5
Exportador_01,Alemania,Rosas,1047.6,6.6,6914.16,2024-02-22,3
Exportador_02,Países Bajos,Rosas,901.8,6.65,5996.97,2024-02-22,3
Exportador_02,Kazajistán,Rosas,867.2,8.86,7683.39,2024-02-22,7
Exportador_03,Estados Unidos,Gypsophila,627.8,4.39,2756.04,2024-02-22,3
Exportador_05,Rusia,Crisantemos,387.0,4.66,1803.42,2024-02-22,7
Exportador_05,España,Rosas,538.2,7.36,3961.15,2024-02-22,3
Exportador_08,Estados Unidos,Rosas,2916.5,6.25,18228.12,2024-02-22,1
Exportador_08,Kazajistán,Rosas,1913.7,8.82,16878.83,2024-02-22,6
Exportador_10,Estados Unidos,Rosas,399.8,7.07,2826.59,2024-02-22,2
Exportador_11,Países Bajos,Rosas,1124.1,7.26,8160.97,2024-02-22,3
Exportador_01,Estados Unidos,Rosas,1188.1,6.67,7924.63,2024-02-23,3
Exportador_02,Kazajistán,Rosas,2770.3,9.86,27315.16,2024-02-23,9
Exportador_02,Kazajistán,Rosas,1150.4,9.71,11170.38,2024-02-23,6
Exportador_04,Estados Unidos,Crisantemos,869.4,3.01,2616.89,2024-02-23,3
Exportador_05,Rusia,Rosas,2375.0,8.8,20900.0,2024-02-23,4
Exportador_06,Alemania,Rosas,574.2,7.54,4329.47,2024-02-23,4
Exportador_07,Rusia,Rosas,1419.2,8.45,11992.24,2024-02-23,4
Exportador_07,Rusia,Rosas,607.5,8.86,5382.45,2024-02-23,4
Exportador_08,España,Rosas,1672.6,7.34,12276.88,2024-02-23,4
Exportador_08,Estados Unidos,Flores de verano,163.0,3.84,625.92,2024-02-23,2
Exportador_08,Rusia,Flores de verano,775.6,6.42,4979.35,2024-02-23,7
Exportador_09,Estados Unidos,Rosas,628.6,6.65,4180.19,2024-02-23,1
Exportador_11,Países Bajos,Rosas,980.3,6.8,6666.04,2024-02-23,5
Exportador_01,Estados Unidos,Rosas,586.0,6.75,3955.5,2024-02-24,2
Exportador_01,Rusia,Flores de verano,165.2,6.25,1032.5,2024-02-24,6
Exportador_01,Rusia,Rosas,638.5,9.76,6231.76,2024-02-24,6
Exportador_01,Alemania,Gypsophila,876.0,4.91,4301.16,2024-02-24,5
Exportador_01,Alemania,Rosas,655.9,7.33,4807.75,2024-02-24,3
Exportador_01,Kazajistán,Rosas,433.7,9.76,4232.91,2024-02-24,6
Exportador_01,Rusia,Rosas,1264.8,9.07,11471.74,2024-02-24,4
Exportador_02,Alemania,Crisantemos,326.2,3.53,1151.49,2024-02-24,4
Exportador_03,Estados Unidos,Hortensias,416.0,6.33,2633.28,2024-02-24,1
Exportador_03,Estados Unidos,Flores de verano,360.5,3.72,1341.06,2024-02-24,1
Exportador_03,Rusia,Rosas,4204.0,9.21,38718.84,2024-02-24,5
Exportador_03,Países Bajos,Rosas,1689.6,6.38,10779.65,2024-02-24,6
Exportador_03,Países Bajos,Flores de verano,286.1,4.44,1270.28,2024-02-24,5
Exportador_04,Rusia,Rosas,1446.1,9.79,14157.32,2024-02-24,4
Exportador_06,Kazajistán,Rosas,1649.5,9.06,14944.47,2024-02-24,7
Exportador_06,Estados Unidos,Gypsophila,1042.3,4.44,4627.81,2024-02-24,2
Exportador_12,Estados Unidos,Flores de verano,441.2,4.45,1963.34,2024-02-24,3
Exportador_14,Kazajistán,Rosas,2890.7,9.36,27056.95,2024-02-24,7
Exportador_01,Rusia,Rosas,554.2,9.45,5237.19,2024-02-25,6
Exportador_02,Estados Unidos,Claveles,677.3,3.7,2506.01,2024-02-25,1
Exportador_02,Japón,Rosas,1427.6,8.65,12348.74,2024-02-25,6
Exportador_02,Rusia,Rosas,614.9,8.6,5288.14,2024-02-25,7
Exportador_02,Estados Unidos,Rosas,2305.5,6.06,13971.33,2024-02-25,2
Exportador_04,Japón,Rosas,839.5,8.85,7429.57,2024-02-25,6
Exportador_11,Países Bajos,Rosas,1774.1,7.44,13199.3,2024-02-25,4
Exportador_12,México,Hortensias,196.8,5.51,1084.37,2024-02-25,4
Exportador_13,Alemania,Gypsophila,1076.1,4.99,5369.74,2024-02-25,3
Exportador_01,España,Rosas,1076.1,7.47,8038.47,2024-02-26,6
Exportador_01,Kazajistán,Rosas,1534.8,8.83,13552.28,2024-02-26,8
Exportador_02,Rusia,Rosas,829.7,10.21,8471.24,2024-02-26,7
Exportador_02,Rusia,Rosas,1155.4,8.55,9878.67,2024-02-26,5
Exportador_03,Estados Unidos,Rosas,676.7,5.86,3965.46,2024-02-26,2
Exportador_04,Estados Unidos,Rosas,865.9,6.66,5766.89,2024-02-26,1
Exportador_06,Alemania,Rosas,788.9,7.7,6074.53,2024-02-26,4
Exportador_13,Alemania,Rosas,538.6,7.18,3867.15,2024-02-26,5
Exportador_14,Chile,Rosas,712.0,5.57,3965.84,2024-02-26,4
Exportador_14,Estados Unidos,Rosas,1038.8,6.7,6959.96,2024-02-26,3
Exportador_15,Estados Unidos,Rosas,255.9,6.75,1727.33,2024-02-26,1
Exportador_01,Rusia,Rosas,869.9,9.73,8464.13,2024-02-27,4
Exportador_01,Kazajistán,Rosas,802.9,9.0,7226.1,2024-02-27,5
Exportador_02,Estados Unidos,Rosas,1563.6,6.21,9709.96,2024-02-27,1
Exportador_02,Países Bajos,Rosas,590.4,6.7,3955.68,2024-02-27,5
Exportador_02,Estados Unidos,Hortensias,302.8,6.27,1898.56,2024-02-27,3
Exportador_03,Estados Unidos,Claveles,275.9,3.75,1034.62,2024-02-27,2
Exportador_03,España,Rosas,647.5,6.76,4377.1,2024-02-27,5
Exportador_04,Rusia,Rosas,1914.8,10.09,19320.33,2024-02-27,5
Exportador_04,Alemania,Rosas,421.4,7.69,3240.57,2024-02-27,6
Exportador_04,Rusia,Rosas,1279.3,9.44,12076.59,2024-02-27,5
Exportador_06,Países Bajos,Rosas,2034.3,6.96,14158.73,2024-02-27,5
Exportador_07,Estados Unidos,Rosas,1147.0,5.92,6790.24,2024-02-27,1
Exportador_15,Países Bajos,Rosas,839.6,6.49,5449.0,2024-02-27,5
Exportador_01,Estados Unidos,Rosas,1334.0,5.86,7817.24,2024-02-28,1
Exportador_01,Estados Unidos,Rosas,334.6,5.97,1997.56,2024-02-28,1
Exportador_02,Rusia,Flores de verano,481.6,5.86,2822.18,2024-02-28,4
Exportador_02,Rusia,Rosas,465.1,9.67,4497.52,2024-02-28,6
Exportador_03,Japón,Crisantemos,1202.2,3.89,4676.56,2024-02-28,7
Exportador_04,Países Bajos,Claveles,240.3,4.07,978.02,2024-02-28,3
Exportador_05,Ucrania,Rosas,576.6,8.44,4866.5,2024-02-28,4
Exportador_06,Rusia,Rosas,1300.2,8.78,11415.76,2024-02-28,5
Exportador_07,Rusia,Gypsophila,578.3,6.74,3897.74,2024-02-28,6
Exportador_12,Rusia,Rosas,1288.6,9.37,12074.18,2024-02-28,4
Exportador_12,Estados Unidos,Hortensias,205.2,6.05,1241.46,2024-02-28,3
Exportador_14,Estados Unidos,Rosas,358.7,6.74,2417.64,2024-02-28,3
Exportador_02,Kazajistán,Rosas,1525.8,10.19,15547.9,2024-02-29,7
Exportador_02,Estados Unidos,Flores de verano,117.2,3.99,467.63,2024-02-29,3
Exportador_03,Rusia,Rosas,1460.6,9.32,13612.79,2024-02-29,6
Exportador_03,Alemania,Rosas,3823.7,6.5,24854.05,2024-02-29,3
Exportador_08,Estados Unidos,Rosas,1218.4,7.08,8626.27,2024-02-29,3
Exportador_10,Estados Unidos,Rosas,837.2,7.06,5910.63,2024-02-29,3
Exportador_10,Rusia,Rosas,494.5,9.77,4831.26,2024-02-29,7
Exportador_14,Rusia,Rosas,378.3,8.82,3336.61,2024-02-29,6
Exportador_15,Rusia,Rosas,1369.4,8.74,11968.56,2024-02-29,6
Exportador_01,Estados Unidos,Rosas,1261.3,6.69,8438.1,2024-03-01,1
Exportador_01,Rusia,Rosas,603.1,8.61,5192.69,2024-03-01,5
Exportador_01,Rusia,Crisantemos,362.8,4.65,1687.02,2024-03-01,7
Exportador_01,Estados Unidos,Gypsophila,209.2,4.42,924.66,2024-03-01,1
Exportador_01,Estados Unidos,Flores de verano,449.3,4.13,1855.61,2024-03-01,1
Exportador_02,Estados Unidos,Rosas,1026.4,6.19,6353.42,2024-03-01,1
Exportador_03,Kazajistán,Rosas,946.2,9.86,9329.53,2024-03-01,5
Exportador_04,Rusia,Claveles,713.2,5.06,3608.79,2024-03-01,5
Exportador_10,Rusia,Rosas,840.1,8.92,7493.69,2024-03-01,6
Exportador_11,Kazajistán,Hortensias,270.3,8.66,2340.8,2024-03-01,9
Exportador_12,Rusia,Rosas,1310.7,8.62,11298.23,2024-03-01,5
Exportador_13,España,Gypsophila,917.9,5.09,4672.11,2024-03-01,3
Exportador_15,Países Bajos,Rosas,1282.3,7.39,9476.2,2024-03-01,5
Exportador_01,Ucrania,Gypsophila,751.4,6.69,5026.87,2024-03-02,5
Exportador_01,Estados Unidos,Claveles,394.7,3.52,1389.34,2024-03-02,2
Exportador_01,Estados Unidos,Rosas,372.0,6.47,2406.84,2024-03-02,1
Exportador_01,Rusia,Rosas,1252.4,9.74,12198.38,2024-03-02,4
Exportador_01,Ucrania,Flores de verano,338.3,5.99,2026.42,2024-03-02,5
Exportador_02,Estados Unidos,Rosas,1881.3,5.98,11250.17,2024-03-02,1
Exportador_02,España,Rosas,1060.9,6.76,7171.68,2024-03-02,4
Exportador_04,Rusia,Rosas,653.4,10.0,6534.0,2024-03-02,6
Exportador_04,Rusia,Rosas,2858.1,9.95,28438.09,2024-03-02,6
Exportador_04,Japón,Rosas,532.4,7.58,4035.59,2024-03-02,8
Exportador_05,Rusia,Hortensias,408.0,8.62,3516.96,2024-03-02,4
Exportador_13,Ucrania,Rosas,1525.1,8.35,12734.58,2024-03-02,5
Exportador_01,Rusia,Rosas,1627.7,10.12,16472.32,2024-03-03,7
Exportador_01,Estados Unidos,Rosas,1170.8,6.39,7481.41,2024-03-03,1
Exportador_03,Estados Unidos,Rosas,1876.7,5.9,11072.53,2024-03-03,1
Exportador_03,Estados Unidos,Rosas,1016.2,6.09,6188.66,2024-03-03,1
Exportador_03,Rusia,Gypsophila,908.1,6.32,5739.19,2024-03-03,6
Exportador_05,Italia,Rosas,786.4,7.3,5740.72,2024-03-03,6
Exportador_06,Estados Unidos,Rosas,729.8,6.87,5013.73,2024-03-03,3
Exportador_07,Alemania,Rosas,1064.0,7.36,7831.04,2024-03-03,5
Exportador_08,Kazajistán,Flores de verano,302.6,6.36,1924.54,2024-03-03,8
Exportador_10,Estados Unidos,Rosas,1136.5,6.55,7444.07,2024-03-03,3
Exportador_15,Kazajistán,Flores de verano,336.1,5.91,1986.35,2024-03-03,9
Exportador_01,Rusia,Rosas,2067.2,9.94,20547.97,2024-03-04,5
Exportador_01,México,Rosas,872.1,5.62,4901.2,2024-03-04,2
Exportador_02,Kazajistán,Rosas,2406.8,9.52,22912.74,2024-03-04,9
Exportador_02,Estados Unidos,Rosas,473.0,6.84,3235.32,2024-03-04,1
Exportador_04,Alemania,Rosas,346.3,6.88,2382.54,2024-03-04,6
Exportador_06,Estados Unidos,Rosas,923.9,5.98,5524.92,2024-03-04,1
Exportador_08,Estados Unidos,Rosas,1130.5,6.81,7698.7,2024-03-04,3
Exportador_09,Rusia,Rosas,885.6,9.6,8501.76,2024-03-04,5
Exportador_10,Rusia,Rosas,1798.3,8.93,16058.82,2024-03-04,6
Exportador_14,Estados Unidos,Gypsophila,492.6,4.34,2137.88,2024-03-04,2
Exportador_01,Rusia,Rosas,1029.7,9.85,10142.55,2024-03-05,7
Exportador_01,Países Bajos,Rosas,2360.9,7.1,16762.39,2024-03-05,5
Exportador_02,Rusia,Rosas,807.9,9.79,7909.34,2024-03-05,7
Exportador_02,Rusia,Gypsophila,1408.9,6.37,8974.69,2024-03-05,6
Exportador_02,Kazajistán,Rosas,1349.1,10.64,14354.42,2024-03-05,9
Exportador_02,Rusia,Rosas,1218.8,9.68,11797.98,2024-03-05,7
Exportador_03,Ucrania,Rosas,3238.5,8.49,27494.87,2024-03-05,8
Exportador_04,España,Claveles,260.2,3.77,980.95,2024-03-05,3
Exportador_12,Estados Unidos,Rosas,828.2,6.82,5648.32,2024-03-05,2
Exportador_15,Rusia,Claveles,381.2,5.46,2081.35,2024-03-05,7
Exportador_01,Estados Unidos,Rosas,366.4,6.61,2421.9,2024-03-06,2
Exportador_01,Chile,Rosas,668.9,6.1,4080.29,2024-03-06,3
Exportador_04,Rusia,Rosas,991.7,7.53,7467.5,2024-03-06,4
Exportador_06,Estados Unidos,Rosas,498.3,6.53,3253.9,2024-03-06,3
Exportador_13,Países Bajos,Rosas,1481.6,7.04,10430.46,2024-03-06,4
Exportador_02,Italia,Flores de verano,447.0,4.71,2105.37,2024-03-07,4
Exportador_03,Estados Unidos,Rosas,554.2,5.94,3291.95,2024-03-07,2
Exportador_07,Países Bajos,Rosas,880.1,6.36,5597.44,2024-03-07,3
Exportador_08,Estados Unidos,Rosas,855.5,6.74,5766.07,2024-03-07,2
Exportador_13,Rusia,Rosas,1145.6,7.9,9050.24,2024-03-07,6
Exportador_14,Canadá,Rosas,721.9,7.24,5226.56,2024-03-07,3
Exportador_01,Países Bajos,Rosas,1355.5,6.33,8580.32,2024-03-08,3
Exportador_01,Países Bajos,Rosas,1353.0,7.46,10093.38,2024-03-08,3
Exportador_02,Alemania,Rosas,629.0,7.56,4755.24,2024-03-08,3
Exportador_02,Estados Unidos,Flores de verano,561.7,4.45,2499.57,2024-03-08,3
Exportador_02,Estados Unidos,Rosas,1152.6,6.23,7180.7,2024-03-08,2
Exportador_05,Estados Unidos,Rosas,725.7,5.97,4332.43,2024-03-08,3
Exportador_07,México,Crisantemos,321.7,3.03,974.75,2024-03-08,3
Exportador_08,Rusia,Rosas,1075.3,6.75,7258.27,2024-03-08,5
Exportador_08,España,Rosas,327.2,6.66,2179.15,2024-03-08,4
Exportador_14,Estados Unidos,Rosas,877.9,6.26,5495.65,2024-03-08,1
Exportador_01,Estados Unidos,Rosas,502.2,6.52,3274.34,2024-03-09,3
Exportador_01,Estados Unidos,Rosas,819.6,6.45,5286.42,2024-03-09,3
Exportador_02,Países Bajos,Rosas,2411.2,7.06,17023.07,2024-03-09,3
Exportador_04,Rusia,Rosas,1023.1,8.16,8348.5,2024-03-09,4
Exportador_04,Estados Unidos,Rosas,2423.9,6.16,14931.22,2024-03-09,1
Exportador_04,Estados Unidos,Rosas,694.1,6.02,4178.48,2024-03-09,2
Exportador_05,Italia,Rosas,503.9,6.4,3224.96,2024-03-09,3
Exportador_05,Estados Unidos,Rosas,1343.6,6.69,8988.68,2024-03-09,3
Exportador_01,Italia,Rosas,966.0,7.46,7206.36,2024-03-10,5
Exportador_02,España,Claveles,283.0,3.77,1066.91,2024-03-10,5
Exportador_03,Estados Unidos,Rosas,2159.3,7.15,15439.0,2024-03-10,3
Exportador_05,Estados Unidos,Rosas,251.6,7.01,1763.72,2024-03-10,3
Exportador_07,Estados Unidos,Gypsophila,1031.3,4.77,4919.3,2024-03-10,3
Exportador_01,Italia,Gypsophila,219.9,4.79,1053.32,2024-03-11,3
Exportador_02,Estados Unidos,Rosas,807.6,6.66,5378.62,2024-03-11,3
Exportador_05,México,Rosas,1063.5,6.17,6561.8,2024-03-11,4
Exportador_11,Estados Unidos,Claveles,899.5,3.35,3013.33,2024-03-11,2
Exportador_14,Países Bajos,Rosas,1479.2,7.33,10842.54,2024-03-11,4
Exportador_01,Rusia,Gypsophila,347.4,5.48,1903.75,2024-03-12,6
Exportador_01,Estados Unidos,Gypsophila,586.8,4.81,2822.51,2024-03-12,2
Exportador_01,Estados Unidos,Rosas,1870.8,7.05,13189.14,2024-03-12,3
Exportador_02,Estados Unidos,Rosas,933.3,6.1,5693.13,2024-03-12,1
Exportador_09,Kazajistán,Claveles,260.7,4.68,1220.08,2024-03-12,6
Exportador_14,Rusia,Rosas,1042.5,8.11,8454.67,2024-03-12,4
Exportador_15,España,Flores de verano,148.6,4.19,622.63,2024-03-12,3
Exportador_01,Japón,Gypsophila,637.4,5.59,3563.07,2024-03-13,7
Exportador_02,Rusia,Rosas,415.7,7.11,2955.63,2024-03-13,5
Exportador_04,Estados Unidos,Rosas,600.5,6.71,4029.36,2024-03-13,2
Exportador_04,Estados Unidos,Claveles,608.2,3.46,2104.37,2024-03-13,3
Exportador_06,Estados Unidos,Rosas,1159.9,7.06,8188.89,2024-03-13,1
Exportador_07,Italia,Flores de verano,622.7,4.1,2553.07,2024-03-13,6
Exportador_07,Estados Unidos,Rosas,708.4,5.95,4214.98,2024-03-13,2
Exportador_10,Rusia,Rosas,432.1,7.09,3063.59,2024-03-13,7
Exportador_01,Estados Unidos,Rosas,957.7,6.29,6023.93,2024-03-14,3
Exportador_01,Estados Unidos,Hortensias,325.8,5.56,1811.45,2024-03-14,2
Exportador_01,Canadá,Rosas,1781.7,6.42,11438.51,2024-03-14,4
Exportador_02,Estados Unidos,Gypsophila,374.6,4.54,1700.68,2024-03-14,1
Exportador_02,Países Bajos,Rosas,1573.4,7.42,11674.63,2024-03-14,4
Exportador_03,Kazajistán,Rosas,823.8,7.44,6129.07,2024-03-14,7
Exportador_04,Estados Unidos,Rosas,337.7,6.12,2066.72,2024-03-14,1
Exportador_05,Estados Unidos,Rosas,1776.8,6.66,11833.49,2024-03-14,2
Exportador_05,Chile,Rosas,778.1,6.18,4808.66,2024-03-14,4
Exportador_09,Kazajistán,Claveles,750.5,3.99,2994.5,2024-03-14,9
Exportador_11,Estados Unidos,Rosas,1069.6,6.22,6652.91,2024-03-14,2
Exportador_13,Alemania,Rosas,316.8,7.39,2341.15,2024-03-14,5
Exportador_01,España,Rosas,771.7,7.39,5702.86,2024-03-15,3
Exportador_02,Estados Unidos,Hortensias,330.4,5.57,1840.33,2024-03-15,3
Exportador_03,Estados Unidos,Rosas,1529.8,5.97,9132.91,2024-03-15,3
Exportador_03,Estados Unidos,Rosas,1027.7,6.99,7183.62,2024-03-15,3
Exportador_05,Rusia,Rosas,446.3,7.82,3490.07,2024-03-15,7
Exportador_09,España,Rosas,639.9,7.46,4773.65,2024-03-15,4
Exportador_13,Rusia,Rosas,1429.4,6.76,9662.74,2024-03-15,4
Exportador_04,Ucrania,Rosas,1014.7,7.86,7975.54,2024-03-16,7
Exportador_04,Países Bajos,Rosas,1252.7,7.0,8768.9,2024-03-16,3
Exportador_04,Kazajistán,Rosas,1195.3,8.31,9932.94,2024-03-16,6
Exportador_07,Países Bajos,Rosas,964.2,6.5,6267.3,2024-03-16,3
Exportador_09,Estados Unidos,Rosas,646.3,6.73,4349.6,2024-03-16,2
Exportador_01,Estados Unidos,Rosas,920.9,6.07,5589.86,2024-03-17,2
Exportador_06,Canadá,Gypsophila,1055.6,4.96,5235.78,2024-03-17,3
Exportador_04,Estados Unidos,Claveles,294.1,3.66,1076.41,2024-03-18,3
Exportador_01,Países Bajos,Gypsophila,262.7,5.17,1358.16,2024-03-19,3
Exportador_04,Países Bajos,Rosas,1188.7,6.37,7572.02,2024-03-19,3
Exportador_04,Países Bajos,Rosas,748.7,7.14,5345.72,2024-03-19,5
Exportador_04,Estados Unidos,Claveles,771.5,3.68,2839.12,2024-03-19,2
Exportador_07,Estados Unidos,Rosas,1977.5,6.27,12398.92,2024-03-19,2
Exportador_08,Rusia,Gypsophila,306.6,4.97,1523.8,2024-03-19,4
Exportador_12,Rusia,Flores de verano,130.1,4.53,589.35,2024-03-19,6
Exportador_15,Italia,Rosas,423.2,6.2,2623.84,2024-03-19,6
Exportador_01,Italia,Flores de verano,143.2,4.34,621.49,2024-03-20,4
Exportador_02,México,Rosas,563.7,5.68,3201.82,2024-03-20,3
Exportador_03,España,Rosas,1591.7,7.47,11890.0,2024-03-20,4
Exportador_09,Kazajistán,Rosas,1376.8,7.2,9912.96,2024-03-20,5
Exportador_09,España,Rosas,846.3,6.82,5771.77,2024-03-20,5
Exportador_13,Rusia,Rosas,1206.0,7.57,9129.42,2024-03-20,7
Exportador_01,España,Rosas,663.4,6.62,4391.71,2024-03-21,5
Exportador_04,Rusia,Rosas,697.2,6.87,4789.76,2024-03-21,4
Exportador_09,Chile,Flores de verano,482.6,3.76,1814.58,2024-03-21,4
Exportador_09,Países Bajos,Rosas,372.5,7.27,2708.07,2024-03-21,3
Exportador_11,Estados Unidos,Gypsophila,1470.7,4.23,6221.06,2024-03-21,3
Exportador_12,Estados Unidos,Claveles,141.9,3.39,481.04,2024-03-21,1
Exportador_15,Estados Unidos,Gypsophila,346.9,4.51,1564.52,2024-03-21,2
Exportador_01,Japón,Rosas,484.6,8.52,4128.79,2024-03-22,8
Exportador_01,Japón,Hortensias,308.3,7.97,2457.15,2024-03-22,5
Exportador_01,Italia,Claveles,218.0,3.81,830.58,2024-03-22,6
Exportador_02,Estados Unidos,Rosas,1212.8,6.32,7664.9,2024-03-22,3
Exportador_11,Ucrania,Rosas,1946.8,6.72,13082.5,2024-03-22,6
Exportador_12,Rusia,Rosas,346.6,7.86,2724.28,2024-03-22,5
Exportador_14,Rusia,Rosas,628.3,6.91,4341.55,2024-03-22,7
Exportador_14,Estados Unidos,Rosas,837.7,6.6,5528.82,2024-03-22,3
Exportador_08,Países Bajos,Rosas,519.7,7.25,3767.83,2024-03-23,3
Exportador_09,Estados Unidos,Rosas,1649.3,6.95,11462.64,2024-03-23,2
Exportador_13,Estados Unidos,Rosas,1224.5,6.94,8498.03,2024-03-23,3
Exportador_01,Canadá,Rosas,1277.8,7.25,9264.05,2024-03-24,3
Exportador_01,Rusia,Rosas,598.1,7.07,4228.57,2024-03-24,6
Exportador_01,Estados Unidos,Rosas,1778.9,6.63,11794.11,2024-03-24,2
Exportador_01,Estados Unidos,Rosas,747.2,6.11,4565.39,2024-03-24,1
Exportador_03,Estados Unidos,Rosas,1547.0,6.99,10813.53,2024-03-24,1
Exportador_03,Rusia,Rosas,1268.2,6.97,8839.35,2024-03-24,4
Exportador_05,Países Bajos,Rosas,432.4,7.08,3061.39,2024-03-24,4
Exportador_05,Estados Unidos,Rosas,285.6,5.9,1685.04,2024-03-24,2
Exportador_11,Estados Unidos,Gypsophila,273.9,4.36,1194.2,2024-03-24,2
Exportador_01,Estados Unidos,Rosas,1289.8,6.58,8486.88,2024-03-25,2
Exportador_01,Rusia,Rosas,835.2,7.56,6314.11,2024-03-25,6
Exportador_01,Kazajistán,Rosas,1366.1,8.56,11693.82,2024-03-25,5
Exportador_02,Ucrania,Flores de verano,287.5,4.85,1394.38,2024-03-25,4
Exportador_03,Estados Unidos,Rosas,2235.7,6.25,13973.12,2024-03-25,2
Exportador_06,Japón,Rosas,1394.9,8.65,12065.89,2024-03-25,5
Exportador_08,Rusia,Rosas,873.9,7.08,6187.21,2024-03-25,4
Exportador_09,Rusia,Rosas,550.8,8.18,4505.54,2024-03-25,4
Exportador_12,Rusia,Rosas,580.1,6.84,3967.88,2024-03-25,5
Exportador_01,Rusia,Rosas,809.2,7.63,6174.2,2024-03-26,6
Exportador_05,Estados Unidos,Gypsophila,442.5,4.51,1995.67,2024-03-26,2
Exportador_10,Países Bajos,Gypsophila,1059.3,4.85,5137.6,2024-03-26,3
Exportador_12,Estados Unidos,Rosas,766.6,6.34,4860.24,2024-03-26,1
Exportador_01,España,Rosas,353.0,6.54,2308.62,2024-03-27,4
Exportador_01,Estados Unidos,Rosas,1426.2,6.01,8571.46,2024-03-27,3
Exportador_02,Japón,Rosas,804.9,8.66,6970.43,2024-03-27,7
Exportador_04,Países Bajos,Rosas,710.5,7.11,5051.66,2024-03-27,3
Exportador_06,Japón,Flores de verano,283.7,5.05,1432.68,2024-03-27,5
Exportador_15,Rusia,Rosas,434.1,7.55,3277.45,2024-03-27,5
Exportador_01,Estados Unidos,Rosas,1467.7,6.92,10156.48,2024-03-28,3
Exportador_02,Estados Unidos,Rosas,437.1,6.03,2635.71,2024-03-28,1
Exportador_02,Rusia,Rosas,1117.9,7.33,8194.21,2024-03-28,6
Exportador_07,Canadá,Rosas,757.6,6.91,5235.02,2024-03-28,3
Exportador_13,Países Bajos,Crisantemos,289.4,3.33,963.7,2024-03-28,6
Exportador_14,México,Gypsophila,447.7,3.86,1728.12,2024-03-28,2
Exportador_14,Italia,Rosas,335.8,7.23,2427.83,2024-03-28,5
Exportador_04,Ucrania,Claveles,254.2,3.86,981.21,2024-03-29,5
Exportador_14,Rusia,Rosas,766.2,6.77,5187.17,2024-03-29,5
Exportador_01,Países Bajos,Rosas,397.3,6.15,2443.4,2024-03-30,5
Exportador_02,Estados Unidos,Rosas,786.8,6.34,4988.31,2024-03-30,2
Exportador_02,Estados Unidos,Rosas,737.2,6.31,4651.73,2024-03-30,1
Exportador_03,Estados Unidos,Rosas,1524.5,7.01,10686.74,2024-03-30,2
Exportador_05,Estados Unidos,Rosas,273.3,6.97,1904.9,2024-03-30,3
Exportador_09,Estados Unidos,Rosas,2950.0,6.99,20620.5,2024-03-30,1
Exportador_11,Estados Unidos,Rosas,1027.1,7.1,7292.41,2024-03-30,1
Exportador_01,Estados Unidos,Crisantemos,254.3,3.51,892.59,2024-03-31,2
Exportador_08,Estados Unidos,Rosas,349.7,6.56,2294.03,2024-03-31,3
Exportador_09,Japón,Rosas,892.4,8.43,7522.93,2024-03-31,6
Exportador_12,Estados Unidos,Rosas,1549.4,7.08,10969.75,2024-03-31,1
Exportador_01,Italia,Rosas,480.7,7.42,3566.79,2024-04-01,5
Exportador_01,Ucrania,Rosas,720.0,7.36,5299.2,2024-04-01,5
Exportador_01,Estados Unidos,Rosas,651.2,6.87,4473.74,2024-04-01,3
Exportador_02,Alemania,Rosas,594.0,6.34,3765.96,2024-04-01,6
Exportador_03,Estados Unidos,Gypsophila,583.7,4.84,2825.11,2024-04-01,3
Exportador_06,Estados Unidos,Rosas,453.3,6.24,2828.59,2024-04-01,2
Exportador_11,Países Bajos,Rosas,1110.7,6.82,7574.97,2024-04-01,3
Exportador_13,Ucrania,Gypsophila,646.8,4.83,3124.04,2024-04-01,6
Exportador_02,Italia,Rosas,636.0,6.48,4121.28,2024-04-02,6
Exportador_02,Estados Unidos,Rosas,686.0,6.24,4280.64,2024-04-02,2
Exportador_04,Japón,Claveles,322.5,4.43,1428.67,2024-04-02,6
Exportador_05,México,Rosas,566.5,6.57,3721.91,2024-04-02,3
Exportador_11,Estados Unidos,Rosas,569.7,7.13,4061.96,2024-04-02,3
Exportador_15,Rusia,Rosas,645.9,7.34,4740.91,2024-04-02,5
Exportador_01,Italia,Rosas,738.0,7.1,5239.8,2024-04-03,4
Exportador_02,Estados Unidos,Claveles,540.2,3.39,1831.28,2024-04-03,1
Exportador_03,Estados Unidos,Rosas,1177.1,6.63,7804.17,2024-04-03,2
Exportador_03,Países Bajos,Rosas,207.9,6.91,1436.59,2024-04-03,4
Exportador_03,Estados Unidos,Rosas,331.1,6.77,2241.55,2024-04-03,3
Exportador_04,Estados Unidos,Gypsophila,292.8,4.44,1300.03,2024-04-03,1
Exportador_04,Estados Unidos,Rosas,812.9,6.13,4983.08,2024-04-03,2
Exportador_10,Chile,Rosas,1716.3,6.48,11121.62,2024-04-03,2
Exportador_12,Estados Unidos,Rosas,1625.5,6.33,10289.42,2024-04-03,3
Exportador_01,Estados Unidos,Crisantemos,121.6,3.47,421.95,2024-04-04,1
Exportador_01,Kazajistán,Rosas,958.5,7.52,7207.92,2024-04-04,6
Exportador_04,Estados Unidos,Rosas,1977.3,6.26,12377.9,2024-04-04,2
Exportador_04,Estados Unidos,Rosas,578.2,6.81,3937.54,2024-04-04,1
Exportador_05,Chile,Rosas,529.3,6.07,3212.85,2024-04-04,2
Exportador_05,Rusia,Rosas,642.6,6.76,4343.98,2024-04-04,4
Exportador_11,Estados Unidos,Rosas,1157.9,5.88,6808.45,2024-04-04,2
Exportador_01,Estados Unidos,Rosas,1011.9,6.31,6385.09,2024-04-05,3
Exportador_01,Estados Unidos,Rosas,714.8,6.8,4860.64,2024-04-05,3
Exportador_02,Rusia,Rosas,1779.7,7.76,13810.47,2024-04-05,7
Exportador_03,Estados Unidos,Flores de verano,202.0,4.2,848.4,2024-04-05,2
Exportador_10,Estados Unidos,Rosas,635.3,6.84,4345.45,2024-04-05,1
Exportador_06,Estados Unidos,Rosas,585.3,6.44,3769.33,2024-04-06,1
Exportador_08,Estados Unidos,Rosas,1724.9,6.2,10694.38,2024-04-06,1
Exportador_13,Japón,Rosas,202.4,7.92,1603.01,2024-04-06,8
Exportador_01,Estados Unidos,Rosas,1348.5,6.27,8455.09,2024-04-07,1
Exportador_02,Estados Unidos,Hortensias,283.1,5.95,1684.45,2024-04-07,2
Exportador_07,Italia,Rosas,1267.7,7.15,9064.06,2024-04-07,4
Exportador_09,Estados Unidos,Rosas,1412.2,6.68,9433.5,2024-04-07,1
Exportador_14,Estados Unidos,Rosas,775.9,5.95,4616.6,2024-04-07,1
Exportador_14,Japón,Hortensias,463.8,7.52,3487.78,2024-04-07,5
Exportador_01,Kazajistán,Rosas,1324.3,7.65,10130.9,2024-04-08,9
Exportador_01,Rusia,Rosas,1275.1,7.55,9627.0,2024-04-08,6
Exportador_01,Estados Unidos,Rosas,1390.2,6.69,9300.44,2024-04-08,3
Exportador_01,México,Rosas,5626.2,5.56,31281.67,2024-04-08,3
Exportador_02,Estados Unidos,Rosas,1505.2,6.31,9497.81,2024-04-08,3
Exportador_02,Ucrania,Rosas,816.3,7.2,5877.36,2024-04-08,5
Exportador_04,Estados Unidos,Claveles,285.1,3.32,946.53,2024-04-08,1
Exportador_04,Estados Unidos,Rosas,2238.5,6.14,13744.39,2024-04-08,1
Exportador_04,Kazajistán,Rosas,383.9,8.37,3213.24,2024-04-08,6
Exportador_06,Canadá,Rosas,936.7,6.49,6079.18,2024-04-08,2
Exportador_07,Canadá,Rosas,587.2,7.16,4204.35,2024-04-08,2
Exportador_07,Estados Unidos,Hortensias,574.6,5.91,3395.89,2024-04-08,2
Exportador_08,Canadá,Rosas,733.8,6.39,4688.98,2024-04-08,4
Exportador_09,Estados Unidos,Rosas,1000.7,7.03,7034.92,2024-04-08,3
Exportador_09,Kazajistán,Rosas,944.6,8.54,8066.88,2024-04-08,9
Exportador_10,Alemania,Rosas,521.9,7.02,3663.74,2024-04-08,6
Exportador_11,Alemania,Rosas,1639.6,6.62,10854.15,2024-04-08,6
Exportador_12,Canadá,Rosas,1611.2,6.42,10343.9,2024-04-08,2
Exportador_15,Estados Unidos,Rosas,2049.0,6.78,13892.22,2024-04-08,2
Exportador_01,México,Rosas,387.1,5.91,2287.76,2024-04-09,3
Exportador_09,Estados Unidos,Rosas,1546.5,7.05,10902.82,2024-04-09,3
Exportador_10,Canadá,Gypsophila,378.7,4.41,1670.07,2024-04-09,3
Exportador_10,Rusia,Gypsophila,659.0,5.24,3453.16,2024-04-09,5
Exportador_11,Japón,Gypsophila,712.5,6.07,4324.88,2024-04-09,6
Exportador_01,Estados Unidos,Rosas,1043.7,6.44,6721.43,2024-04-10,1
Exportador_01,Estados Unidos,Rosas,863.2,7.06,6094.19,2024-04-10,2
Exportador_02,Alemania,Rosas,2409.2,6.56,15804.35,2024-04-10,5
Exportador_03,Países Bajos,Rosas,228.3,6.35,1449.7,2024-04-10,4
Exportador_04,Estados Unidos,Rosas,1066.5,6.37,6793.61,2024-04-10,1
Exportador_05,Estados Unidos,Rosas,757.2,6.0,4543.2,2024-04-10,1
Exportador_05,Alemania,Rosas,877.4,6.61,5799.61,2024-04-10,4
Exportador_10,Estados Unidos,Rosas,1690.4,6.46,10919.98,2024-04-10,3
Exportador_01,Rusia,Claveles,327.1,3.73,1220.08,2024-04-11,7
Exportador_01,Estados Unidos,Rosas,472.4,6.22,2938.33,2024-04-11,2
Exportador_04,Países Bajos,Rosas,184.7,6.87,1268.89,2024-04-11,3
Exportador_04,Canadá,Rosas,742.3,7.45,5530.14,2024-04-11,3
Exportador_08,Estados Unidos,Rosas,1132.7,6.22,7045.39,2024-04-11,3
Exportador_10,Estados Unidos,Rosas,436.5,6.1,2662.65,2024-04-11,2
Exportador_10,Estados Unidos,Rosas,636.5,6.69,4258.19,2024-04-11,3
Exportador_01,Canadá,Rosas,1738.1,6.44,11193.36,2024-04-12,2
Exportador_02,Ucrania,Rosas,1486.2,7.48,11116.78,2024-04-12,5
Exportador_03,Estados Unidos,Rosas,1058.9,6.0,6353.4,2024-04-12,2
Exportador_03,Italia,Rosas,1528.1,6.47,9886.81,2024-04-12,5
Exportador_06,Países Bajos,Flores de verano,341.6,4.23,1444.97,2024-04-12,5
Exportador_07,Países Bajos,Rosas,503.5,6.99,3519.47,2024-04-12,6
Exportador_01,Países Bajos,Rosas,920.5,7.16,6590.78,2024-04-13,5
Exportador_01,Estados Unidos,Crisantemos,762.0,3.5,2667.0,2024-04-13,3
Exportador_02,Italia,Rosas,1032.0,6.25,6450.0,2024-04-13,5
Exportador_02,Ucrania,Crisantemos,866.8,3.17,2747.76,2024-04-13,8
Exportador_03,Países Bajos,Rosas,934.8,7.01,6552.95,2024-04-13,6
Exportador_05,Rusia,Rosas,1560.2,8.21,12809.24,2024-04-13,7
Exportador_06,Estados Unidos,Rosas,1497.4,6.05,9059.27,2024-04-13,1
Exportador_07,Estados Unidos,Rosas,754.0,5.98,4508.92,2024-04-13,2
Exportador_04,Estados Unidos,Rosas,1872.7,6.44,12060.19,2024-04-14,3
Exportador_07,España,Rosas,487.3,6.25,3045.62,2024-04-14,3
Exportador_10,México,Rosas,860.0,6.48,5572.8,2024-04-14,2
Exportador_12,Alemania,Rosas,639.1,7.13,4556.78,2024-04-14,4
Exportador_14,Estados Unidos,Rosas,1143.3,5.94,6791.2,2024-04-14,2
Exportador_03,Países Bajos,Hortensias,93.9,6.24,585.94,2024-04-15,5
Exportador_06,Estados Unidos,Gypsophila,834.8,4.77,3982.0,2024-04-15,1
Exportador_06,Chile,Rosas,3458.4,5.98,20681.23,2024-04-15,4
Exportador_09,Chile,Gypsophila,550.9,4.31,2374.38,2024-04-15,3
Exportador_15,Rusia,Rosas,963.3,7.5,7224.75,2024-04-15,4
Exportador_01,Rusia,Rosas,439.2,6.87,3017.3,2024-04-16,4
Exportador_02,Canadá,Rosas,809.6,7.47,6047.71,2024-04-16,3
Exportador_02,Rusia,Rosas,608.4,7.76,4721.18,2024-04-16,7
Exportador_03,Estados Unidos,Hortensias,455.9,5.69,2594.07,2024-04-16,1
Exportador_04,Chile,Rosas,699.9,5.88,4115.41,2024-04-16,4
Exportador_05,Estados Unidos,Rosas,1009.2,6.09,6146.03,2024-04-16,2
Exportador_05,Estados Unidos,Rosas,887.2,6.45,5722.44,2024-04-16,3
Exportador_06,Alemania,Hortensias,181.0,6.36,1151.16,2024-04-16,3
Exportador_01,Japón,Rosas,499.6,7.44,3717.02,2024-04-17,8
Exportador_01,Estados Unidos,Rosas,641.0,6.55,4198.55,2024-04-17,1
Exportador_01,Japón,Rosas,1325.6,8.79,11652.02,2024-04-17,6
Exportador_02,Países Bajos,Rosas,300.3,6.76,2030.03,2024-04-17,6
Exportador_01,Kazajistán,Rosas,650.1,8.09,5259.31,2024-04-18,6
Exportador_01,Canadá,Rosas,2557.3,6.93,17722.09,2024-04-18,3
Exportador_02,Chile,Flores de verano,562.0,3.73,2096.26,2024-04-18,4
Exportador_03,España,Rosas,827.2,7.3,6038.56,2024-04-18,5
Exportador_04,Italia,Rosas,622.6,6.18,3847.67,2024-04-18,4
Exportador_04,Chile,Rosas,676.6,6.53,4418.2,2024-04-18,4
Exportador_07,Rusia,Rosas,459.2,8.03,3687.38,2024-04-18,5
Exportador_09,España,Rosas,420.4,6.9,2900.76,2024-04-18,5
Exportador_09,España,Rosas,2382.1,6.38,15197.8,2024-04-18,6
Exportador_14,Alemania,Rosas,1007.8,6.65,6701.87,2024-04-18,3
Exportador_01,Estados Unidos,Rosas,1006.9,6.55,6595.19,2024-04-19,3
Exportador_03,Estados Unidos,Rosas,241.5,7.0,1690.5,2024-04-19,3
Exportador_05,Chile,Rosas,306.6,6.17,1891.72,2024-04-19,3
Exportador_09,Estados Unidos,Rosas,608.9,5.94,3616.87,2024-04-19,2
Exportador_10,Estados Unidos,Rosas,714.5,6.52,4658.54,2024-04-19,1
Exportador_12,Italia,Rosas,820.7,7.01,5753.11,2024-04-19,4
Exportador_01,Estados Unidos,Flores de verano,127.3,3.96,504.11,2024-04-20,3
Exportador_02,Estados Unidos,Rosas,1147.5,7.09,8135.77,2024-04-20,2
Exportador_04,Rusia,Rosas,1053.5,7.3,7690.55,2024-04-20,7
Exportador_04,Estados Unidos,Rosas,1002.7,6.42,6437.33,2024-04-20,2
Exportador_05,Canadá,Rosas,423.8,7.27,3081.03,2024-04-20,2
Exportador_01,Estados Unidos,Rosas,822.8,6.26,5150.73,2024-04-21,2
Exportador_02,Chile,Rosas,1227.3,6.03,7400.62,2024-04-21,3
Exportador_02,Países Bajos,Crisantemos,384.0,3.05,1171.2,2024-04-21,3
Exportador_02,Kazajistán,Rosas,428.1,7.87,3369.15,2024-04-21,9
Exportador_03,España,Rosas,497.8,7.5,3733.5,2024-04-21,3
Exportador_03,Estados Unidos,Hortensias,462.9,5.88,2721.85,2024-04-21,1
Exportador_06,Estados Unidos,Rosas,698.0,6.01,4194.98,2024-04-21,3
Exportador_07,Estados Unidos,Rosas,928.3,6.27,5820.44,2024-04-21,3
Exportador_13,Rusia,Gypsophila,374.3,4.76,1781.67,2024-04-21,5
Exportador_01,España,Rosas,547.5,8.83,4834.43,2024-04-22,3
Exportador_01,Italia,Gypsophila,740.6,5.84,4325.1,2024-04-22,5
Exportador_01,Alemania,Rosas,739.6,8.72,6449.31,2024-04-22,5
Exportador_02,Estados Unidos,Flores de verano,474.6,4.99,2368.25,2024-04-22,1
Exportador_02,Japón,Rosas,1958.0,10.32,20206.56,2024-04-22,7
Exportador_02,Rusia,Rosas,525.2,7.16,3760.43,2024-04-22,5
Exportador_02,Estados Unidos,Rosas,3191.8,8.89,28375.1,2024-04-22,2
Exportador_03,Kazajistán,Rosas,1679.0,8.58,14405.82,2024-04-22,9
Exportador_03,Estados Unidos,Rosas,801.6,8.84,7086.14,2024-04-22,2
Exportador_03,España,Rosas,1047.8,7.99,8371.92,2024-04-22,4
Exportador_04,Italia,Claveles,433.6,4.71,2042.26,2024-04-22,5
Exportador_04,Chile,Gypsophila,556.0,5.15,2863.4,2024-04-22,3
Exportador_04,Estados Unidos,Flores de verano,605.1,4.84,2928.68,2024-04-22,1
Exportador_05,Estados Unidos,Claveles,331.0,4.39,1453.09,2024-04-22,3
Exportador_05,Estados Unidos,Rosas,745.3,8.63,6431.94,2024-04-22,1
Exportador_05,Estados Unidos,Rosas,1802.2,8.77,15805.29,2024-04-22,1
Exportador_06,Japón,Claveles,630.4,5.1,3215.04,2024-04-22,8
Exportador_09,Países Bajos,Rosas,652.6,6.45,4209.27,2024-04-22,5
Exportador_13,España,Rosas,2918.0,7.93,23139.74,2024-04-22,4
Exportador_14,Estados Unidos,Rosas,1108.9,7.42,8228.04,2024-04-22,1
Exportador_01,Rusia,Rosas,430.0,7.59,3263.7,2024-04-23,4
Exportador_01,España,Rosas,856.8,7.84,6717.31,2024-04-23,3
Exportador_01,Estados Unidos,Rosas,689.7,8.26,5696.92,2024-04-23,2
Exportador_01,México,Rosas,790.6,7.48,5913.69,2024-04-23,2
Exportador_01,México,Claveles,558.3,4.47,2495.6,2024-04-23,3
Exportador_01,Canadá,Rosas,421.4,8.0,3371.2,2024-04-23,3
Exportador_02,Estados Unidos,Hortensias,305.2,8.04,2453.81,2024-04-23,3
Exportador_02,Italia,Hortensias,332.8,8.24,2742.27,2024-04-23,4
Exportador_02,Japón,Rosas,1917.1,10.21,19573.59,2024-04-23,6
Exportador_03,Japón,Gypsophila,232.9,6.91,1609.34,2024-04-23,5
Exportador_04,Rusia,Rosas,607.4,7.95,4828.83,2024-04-23,5
Exportador_05,Alemania,Rosas,1013.9,8.15,8263.28,2024-04-23,6
Exportador_06,Estados Unidos,Rosas,1377.1,7.38,10163.0,2024-04-23,2
Exportador_07,Estados Unidos,Rosas,1950.3,8.74,17045.62,2024-04-23,2
Exportador_07,Japón,Claveles,862.9,5.47,4720.06,2024-04-23,8
Exportador_09,Rusia,Rosas,519.2,8.09,4200.33,2024-04-23,6
Exportador_10,Ucrania,Flores de verano,278.6,4.73,1317.78,2024-04-23,4
Exportador_12,Estados Unidos,Rosas,2272.5,8.53,19384.42,2024-04-23,1
Exportador_13,México,Rosas,1959.3,7.16,14028.59,2024-04-23,3
Exportador_14,España,Rosas,712.9,7.81,5567.75,2024-04-23,4
Exportador_14,Japón,Claveles,1012.1,6.07,6143.45,2024-04-23,6
Exportador_01,Estados Unidos,Rosas,965.8,8.54,8247.93,2024-04-24,3
Exportador_01,Italia,Gypsophila,456.8,6.1,2786.48,2024-04-24,5
Exportador_01,Japón,Rosas,957.7,10.47,10027.12,2024-04-24,5
Exportador_01,Estados Unidos,Rosas,5267.4,7.52,39610.85,2024-04-24,3
Exportador_02,Italia,Rosas,1273.2,7.99,10172.87,2024-04-24,3
Exportador_03,Estados Unidos,Claveles,725.3,4.34,3147.8,2024-04-24,2
Exportador_03,Estados Unidos,Rosas,1064.6,7.69,8186.77,2024-04-24,3
Exportador_07,Chile,Rosas,825.9,7.67,6334.65,2024-04-24,4
Exportador_08,España,Rosas,901.7,8.04,7249.67,2024-04-24,3
Exportador_10,Estados Unidos,Rosas,2174.7,7.79,16940.91,2024-04-24,1
Exportador_11,Estados Unidos,Rosas,2413.1,7.48,18049.99,2024-04-24,3
Exportador_11,México,Hortensias,391.6,6.54,2561.06,2024-04-24,4
Exportador_01,Estados Unidos,Rosas,836.0,8.7,7273.2,2024-04-25,2
Exportador_01,Kazajistán,Rosas,1146.1,7.11,8148.77,2024-04-25,6
Exportador_01,Rusia,Rosas,961.6,7.97,7663.95,2024-04-25,4
Exportador_01,España,Rosas,944.9,8.34,7880.47,2024-04-25,4
Exportador_02,Estados Unidos,Rosas,1170.4,7.97,9328.09,2024-04-25,1
Exportador_02,Estados Unidos,Crisantemos,753.1,3.77,2839.19,2024-04-25,3
Exportador_02,Estados Unidos,Rosas,337.1,8.93,3010.3,2024-04-25,1
Exportador_03,España,Rosas,377.5,9.07,3423.93,2024-04-25,4
Exportador_03,Japón,Rosas,517.9,10.46,5417.23,2024-04-25,8
Exportador_04,España,Flores de verano,375.6,5.8,2178.48,2024-04-25,3
Exportador_04,Estados Unidos,Rosas,1030.7,8.63,8894.94,2024-04-25,2
Exportador_05,Japón,Rosas,683.2,11.04,7542.53,2024-04-25,5
Exportador_05,México,Rosas,1356.2,8.3,11256.46,2024-04-25,3
Exportador_11,Estados Unidos,Rosas,1189.4,8.52,10133.69,2024-04-25,1
Exportador_14,Países Bajos,Flores de verano,369.3,4.47,1650.77,2024-04-25,3
Exportador_15,Alemania,Rosas,1307.3,8.99,11752.63,2024-04-25,4
Exportador_01,Estados Unidos,Rosas,900.2,7.44,6697.49,2024-04-26,2
Exportador_01,Estados Unidos,Rosas,258.1,8.12,2095.77,2024-04-26,1
Exportador_01,Países Bajos,Rosas,1025.4,7.29,7475.17,2024-04-26,4
Exportador_02,Estados Unidos,Rosas,1310.9,8.37,10972.23,2024-04-26,1
Exportador_02,Alemania,Rosas,1690.3,8.26,13961.88,2024-04-26,5
Exportador_03,Estados Unidos,Rosas,476.0,7.33,3489.08,2024-04-26,2
Exportador_05,Estados Unidos,Rosas,646.2,7.65,4943.43,2024-04-26,2
Exportador_07,Estados Unidos,Rosas,1098.3,8.9,9774.87,2024-04-26,3
Exportador_08,Canadá,Rosas,715.3,8.11,5801.08,2024-04-26,4
Exportador_12,Estados Unidos,Rosas,672.2,8.3,5579.26,2024-04-26,1
Exportador_14,España,Rosas,980.1,8.49,8321.05,2024-04-26,3
Exportador_01,Italia,Rosas,435.5,9.38,4084.99,2024-04-27,4
Exportador_01,Estados Unidos,Rosas,2791.6,7.55,21076.58,2024-04-27,2
Exportador_01,Estados Unidos,Rosas,2949.2,8.86,26129.91,2024-04-27,3
Exportador_02,Estados Unidos,Hortensias,759.3,7.48,5679.56,2024-04-27,3
Exportador_03,Estados Unidos,Rosas,2608.0,8.82,23002.56,2024-04-27,2
Exportador_03,Estados Unidos,Claveles,980.7,4.63,4540.64,2024-04-27,3
Exportador_03,España,Rosas,2086.4,9.13,19048.83,2024-04-27,6
Exportador_04,Estados Unidos,Rosas,496.0,7.53,3734.88,2024-04-27,2
Exportador_04,Estados Unidos,Rosas,1975.4,7.82,15447.63,2024-04-27,1
Exportador_08,Japón,Flores de verano,758.3,6.71,5088.19,2024-04-27,8
Exportador_10,Estados Unidos,Rosas,2049.2,8.89,18217.39,2024-04-27,3
Exportador_13,Estados Unidos,Rosas,2047.7,8.8,18019.76,2024-04-27,1
Exportador_14,Estados Unidos,Rosas,1634.4,8.58,14023.15,2024-04-27,1
Exportador_01,Estados Unidos,Gypsophila,386.6,5.52,2134.03,2024-04-28,3
Exportador_01,Estados Unidos,Rosas,567.3,7.7,4368.21,2024-04-28,1
Exportador_01,Estados Unidos,Rosas,799.0,7.62,6088.38,2024-04-28,2
Exportador_02,México,Rosas,1070.4,7.23,7738.99,2024-04-28,3
Exportador_02,Estados Unidos,Gypsophila,2018.7,5.5,11102.85,2024-04-28,2
Exportador_02,Estados Unidos,Hortensias,511.0,7.29,3725.19,2024-04-28,2
Exportador_03,Rusia,Flores de verano,622.0,4.3,2674.6,2024-04-28,6
Exportador_05,Estados Unidos,Gypsophila,984.1,5.48,5392.87,2024-04-28,1
Exportador_05,Estados Unidos,Rosas,761.5,7.32,5574.18,2024-04-28,3
Exportador_06,Ucrania,Rosas,438.0,7.42,3249.96,2024-04-28,8
Exportador_07,Kazajistán,Rosas,1323.2,7.92,10479.74,2024-04-28,7
Exportador_07,Estados Unidos,Crisantemos,361.8,3.98,1439.96,2024-04-28,1
Exportador_07,Estados Unidos,Rosas,1868.3,8.23,15376.11,2024-04-28,1
Exportador_07,Estados Unidos,Rosas,721.9,8.15,5883.48,2024-04-28,1
Exportador_10,Estados Unidos,Rosas,1069.5,8.12,8684.34,2024-04-28,2
Exportador_10,Rusia,Rosas,1241.1,7.06,8762.17,2024-04-28,5
Exportador_10,Ucrania,Rosas,1066.9,6.84,7297.6,2024-04-28,6
Exportador_13,Alemania,Rosas,995.6,8.41,8373.0,2024-04-28,5
Exportador_01,Rusia,Gypsophila,1033.4,5.04,5208.34,2024-04-29,4
Exportador_01,Japón,Rosas,1339.5,10.16,13609.32,2024-04-29,8
Exportador_01,Estados Unidos,Rosas,523.2,8.18,4279.78,2024-04-29,1
Exportador_02,Estados Unidos,Rosas,3282.9,7.35,24129.31,2024-04-29,3
Exportador_02,España,Rosas,1675.2,8.26,13837.15,2024-04-29,4
Exportador_03,Estados Unidos,Rosas,959.2,8.65,8297.08,2024-04-29,2
Exportador_04,Estados Unidos,Rosas,1101.9,7.37,8121.0,2024-04-29,2
Exportador_05,Estados Unidos,Rosas,770.6,7.64,5887.38,2024-04-29,3
Exportador_07,Países Bajos,Gypsophila,654.9,4.85,3176.26,2024-04-29,6
Exportador_07,Chile,Rosas,927.0,8.47,7851.69,2024-04-29,2
Exportador_08,Estados Unidos,Claveles,462.1,4.36,2014.76,2024-04-29,3
Exportador_08,Estados Unidos,Gypsophila,1339.7,5.63,7542.51,2024-04-29,3
Exportador_09,Estados Unidos,Rosas,1685.6,7.92,13349.95,2024-04-29,3
Exportador_12,Japón,Rosas,1703.8,11.16,19014.41,2024-04-29,7
Exportador_15,Estados Unidos,Crisantemos,895.1,3.72,3329.77,2024-04-29,3
Exportador_01,Rusia,Rosas,771.8,6.9,5325.42,2024-04-30,5
Exportador_01,España,Crisantemos,501.9,3.84,1927.3,2024-04-30,4
Exportador_01,Alemania,Rosas,1369.9,8.47,11603.05,2024-04-30,5
Exportador_01,Estados Unidos,Crisantemos,729.3,4.2,3063.06,2024-04-30,3
Exportador_01,Rusia,Gypsophila,370.4,5.49,2033.5,2024-04-30,7
Exportador_02,Estados Unidos,Rosas,5218.7,7.96,41540.85,2024-04-30,3
Exportador_02,Estados Unidos,Flores de verano,492.4,4.77,2348.75,2024-04-30,1
Exportador_02,Estados Unidos,Rosas,545.7,7.59,4141.86,2024-04-30,3
Exportador_03,Chile,Rosas,809.5,7.2,5828.4,2024-04-30,4
Exportador_04,Estados Unidos,Rosas,1666.3,7.93,13213.76,2024-04-30,2
Exportador_05,Chile,Claveles,878.2,4.09,3591.84,2024-04-30,2
Exportador_05,Italia,Gypsophila,361.5,5.51,1991.87,2024-04-30,3
Exportador_06,Estados Unidos,Claveles,943.9,4.05,3822.79,2024-04-30,1
Exportador_12,Países Bajos,Rosas,980.4,6.96,6823.58,2024-04-30,6
Exportador_13,Estados Unidos,Rosas,2057.3,8.32,17116.74,2024-04-30,1
Exportador_01,Países Bajos,Rosas,558.6,6.9,3854.34,2024-05-01,5
Exportador_01,Estados Unidos,Rosas,974.1,7.4,7208.34,2024-05-01,2
Exportador_01,Ucrania,Rosas,1388.3,7.65,10620.5,2024-05-01,4
Exportador_02,Países Bajos,Rosas,1439.4,7.14,10277.32,2024-05-01,3
Exportador_03,Japón,Rosas,1467.3,10.56,15494.69,2024-05-01,6
Exportador_03,Italia,Rosas,1777.7,7.74,13759.4,2024-05-01,3
Exportador_05,Estados Unidos,Gypsophila,644.5,5.29,3409.41,2024-05-01,2
Exportador_08,Estados Unidos,Rosas,2071.3,7.91,16383.98,2024-05-01,3
Exportador_09,Estados Unidos,Rosas,1009.8,8.82,8906.44,2024-05-01,3
Exportador_11,Rusia,Rosas,823.3,7.28,5993.62,2024-05-01,6
Exportador_12,Estados Unidos,Claveles,545.8,4.52,2467.02,2024-05-01,1
Exportador_13,Estados Unidos,Rosas,1431.1,8.21,11749.33,2024-05-01,2
Exportador_15,Italia,Rosas,543.8,8.13,4421.09,2024-05-01,5
Exportador_01,Estados Unidos,Rosas,2456.9,8.46,20785.37,2024-05-02,1
Exportador_01,Países Bajos,Rosas,632.2,6.54,4134.59,2024-05-02,4
Exportador_01,Países Bajos,Rosas,1433.4,7.09,10162.81,2024-05-02,5
Exportador_01,España,Claveles,448.8,4.33,1943.3,2024-05-02,4
Exportador_01,Estados Unidos,Rosas,578.4,8.81,5095.7,2024-05-02,1
Exportador_02,Chile,Rosas,668.6,8.28,5536.01,2024-05-02,3
Exportador_02,Estados Unidos,Rosas,1678.2,7.59,12737.54,2024-05-02,1
Exportador_02,Alemania,Rosas,751.3,9.2,6911.96,2024-05-02,5
Exportador_04,México,Claveles,638.4,4.16,2655.74,2024-05-02,2
Exportador_04,Estados Unidos,Rosas,951.2,7.9,7514.48,2024-05-02,2
Exportador_07,Italia,Gypsophila,871.7,5.49,4785.63,2024-05-02,6
Exportador_08,España,Rosas,458.4,8.0,3667.2,2024-05-02,5
Exportador_13,Estados Unidos,Rosas,1231.3,8.53,10502.99,2024-05-02,3
Exportador_14,Italia,Rosas,659.5,8.25,5440.88,2024-05-02,6
Exportador_14,Rusia,Gypsophila,683.4,4.93,3369.16,2024-05-02,4
Exportador_15,Estados Unidos,Rosas,1266.4,8.17,10346.49,2024-05-02,3
Exportador_15,Estados Unidos,Rosas,1648.5,7.37,12149.44,2024-05-02,3
Exportador_01,Estados Unidos,Crisantemos,484.1,3.86,1868.63,2024-05-03,1
Exportador_01,Estados Unidos,Rosas,1318.2,8.26,10888.33,2024-05-03,3
Exportador_01,Estados Unidos,Hortensias,558.2,7.18,4007.88,2024-05-03,2
Exportador_01,Estados Unidos,Rosas,1146.9,8.38,9611.02,2024-05-03,1
Exportador_01,Países Bajos,Rosas,557.0,7.4,4121.8,2024-05-03,4
Exportador_01,Estados Unidos,Rosas,1423.9,7.95,11320.01,2024-05-03,1
Exportador_02,Estados Unidos,Rosas,1594.5,7.67,12229.82,2024-05-03,3
Exportador_02,México,Rosas,554.0,7.65,4238.1,2024-05-03,4
Exportador_02,Estados Unidos,Rosas,1177.0,8.71,10251.67,2024-05-03,3
Exportador_02,Estados Unidos,Rosas,869.2,7.74,6727.61,2024-05-03,3
Exportador_05,Países Bajos,Rosas,1190.3,6.16,7332.25,2024-05-03,3
Exportador_07,México,Rosas,1865.9,7.14,13322.53,2024-05-03,2
Exportador_07,Estados Unidos,Rosas,845.6,8.88,7508.93,2024-05-03,2
Exportador_08,Estados Unidos,Rosas,4046.7,7.62,30835.85,2024-05-03,1
Exportador_14,México,Rosas,535.0,7.67,4103.45,2024-05-03,4
Exportador_01,Estados Unidos,Rosas,1743.4,7.88,13737.99,2024-05-04,3
Exportador_03,México,Rosas,2592.4,7.09,18380.12,2024-05-04,3
Exportador_04,Estados Unidos,Rosas,560.4,8.09,4533.64,2024-05-04,1
Exportador_05,Estados Unidos,Rosas,931.7,7.58,7062.29,2024-05-04,3
Exportador_06,México,Rosas,724.1,6.99,5061.46,2024-05-04,2
Exportador_06,México,Rosas,841.0,7.36,6189.76,2024-05-04,2
Exportador_07,Chile,Rosas,1665.9,7.08,11794.57,2024-05-04,4
Exportador_08,México,Rosas,1924.4,7.58,14586.95,2024-05-04,3
Exportador_12,Estados Unidos,Rosas,1016.9,8.5,8643.65,2024-05-04,2
Exportador_01,Rusia,Gypsophila,810.0,4.91,3977.1,2024-05-05,4
Exportador_01,Países Bajos,Rosas,528.5,6.58,3477.53,2024-05-05,6
Exportador_01,Estados Unidos,Rosas,1223.7,7.74,9471.44,2024-05-05,1
Exportador_01,Ucrania,Rosas,192.1,6.95,1335.1,2024-05-05,8
Exportador_02,Estados Unidos,Rosas,2918.7,8.22,23991.71,2024-05-05,1
Exportador_02,Italia,Rosas,1328.9,9.38,12465.08,2024-05-05,3
Exportador_02,Estados Unidos,Hortensias,395.9,6.98,2763.38,2024-05-05,2
Exportador_03,Estados Unidos,Crisantemos,1076.4,3.9,4197.96,2024-05-05,2
Exportador_03,España,Rosas,2166.5,8.0,17332.0,2024-05-05,5
Exportador_04,Estados Unidos,Rosas,589.2,8.01,4719.49,2024-05-05,3
Exportador_04,España,Rosas,932.5,7.84,7310.8,2024-05-05,6
Exportador_04,Estados Unidos,Rosas,322.9,7.89,2547.68,2024-05-05,1
Exportador_06,Estados Unidos,Rosas,1180.8,7.55,8915.04,2024-05-05,1
Exportador_06,Estados Unidos,Crisantemos,1534.2,3.67,5630.51,2024-05-05,3
Exportador_08,Estados Unidos,Gypsophila,2027.0,6.12,12405.24,2024-05-05,2
Exportador_12,Estados Unidos,Gypsophila,1506.3,6.12,9218.56,2024-05-05,2
Exportador_01,Estados Unidos,Rosas,765.0,7.56,5783.4,2024-05-06,3
Exportador_01,Estados Unidos,Rosas,632.1,8.36,5284.36,2024-05-06,1
Exportador_01,Estados Unidos,Rosas,1054.6,7.87,8299.7,2024-05-06,3
Exportador_01,Estados Unidos,Rosas,3983.1,7.76,30908.86,2024-05-06,3
Exportador_01,Estados Unidos,Rosas,502.4,8.47,4255.33,2024-05-06,3
Exportador_02,Estados Unidos,Claveles,784.3,4.62,3623.47,2024-05-06,3
Exportador_02,Italia,Hortensias,419.7,8.35,3504.49,2024-05-06,5
Exportador_03,Estados Unidos,Gypsophila,304.1,5.74,1745.53,2024-05-06,3
Exportador_04,España,Hortensias,564.7,7.52,4246.54,2024-05-06,5
Exportador_08,Estados Unidos,Gypsophila,695.0,5.37,3732.15,2024-05-06,1
Exportador_14,Ucrania,Gypsophila,719.9,5.36,3858.66,2024-05-06,5
Exportador_01,Estados Unidos,Rosas,1303.3,8.22,10713.13,2024-05-07,2
Exportador_01,Estados Unidos,Hortensias,1164.3,7.46,8685.68,2024-05-07,1
Exportador_01,Estados Unidos,Flores de verano,327.0,5.53,1808.31,2024-05-07,3
Exportador_01,Japón,Rosas,977.0,10.78,10532.06,2024-05-07,6
Exportador_01,Kazajistán,Rosas,406.5,8.09,3288.59,2024-05-07,5
Exportador_02,Italia,Rosas,1050.7,8.49,8920.44,2024-05-07,6
Exportador_02,España,Gypsophila,429.0,5.57,2389.53,2024-05-07,4
Exportador_02,Chile,Rosas,937.4,7.59,7114.87,2024-05-07,3
Exportador_03,Estados Unidos,Rosas,707.6,8.34,5901.38,2024-05-07,3
Exportador_03,Estados Unidos,Rosas,338.6,8.35,2827.31,2024-05-07,2
Exportador_04,Estados Unidos,Rosas,688.7,7.99,5502.71,2024-05-07,2
Exportador_04,Japón,Rosas,322.9,10.19,3290.35,2024-05-07,7
Exportador_07,Estados Unidos,Rosas,2745.8,8.83,24245.41,2024-05-07,2
Exportador_08,Estados Unidos,Gypsophila,383.4,5.2,1993.68,2024-05-07,2
Exportador_08,Alemania,Rosas,1070.5,8.13,8703.17,2024-05-07,5
Exportador_10,Rusia,Gypsophila,969.8,5.27,5110.85,2024-05-07,7
Exportador_10,Kazajistán,Rosas,319.9,7.29,2332.07,2024-05-07,8
Exportador_11,Estados Unidos,Hortensias,390.0,7.0,2730.0,2024-05-07,3
Exportador_01,Italia,Rosas,695.4,8.69,6043.03,2024-05-08,6
Exportador_01,Chile,Rosas,4241.8,7.73,32789.11,2024-05-08,2
Exportador_02,Estados Unidos,Hortensias,436.9,7.21,3150.05,2024-05-08,3
Exportador_03,Estados Unidos,Flores de verano,408.0,4.66,1901.28,2024-05-08,1
Exportador_04,Estados Unidos,Claveles,444.8,4.45,1979.36,2024-05-08,2
Exportador_05,Alemania,Hortensias,163.7,8.34,1365.26,2024-05-08,5
Exportador_06,Estados Unidos,Rosas,751.6,8.31,6245.8,2024-05-08,2
Exportador_08,Chile,Rosas,1768.9,8.34,14752.63,2024-05-08,4
Exportador_09,Estados Unidos,Hortensias,208.2,7.96,1657.27,2024-05-08,1
Exportador_10,Canadá,Flores de verano,363.5,5.49,1995.62,2024-05-08,4
Exportador_11,Kazajistán,Rosas,1258.6,8.27,10408.62,2024-05-08,5
Exportador_13,Alemania,Rosas,1629.7,9.05,14748.79,2024-05-08,3
Exportador_01,Estados Unidos,Rosas,3601.3,5.98,21535.77,2024-05-09,2
Exportador_01,Estados Unidos,Crisantemos,865.1,3.09,2673.16,2024-05-09,1
Exportador_02,Estados Unidos,Rosas,715.8,6.49,4645.54,2024-05-09,2
Exportador_02,Rusia,Rosas,801.7,7.88,6317.4,2024-05-09,4
Exportador_06,Kazajistán,Gypsophila,392.2,5.74,2251.23,2024-05-09,5
Exportador_06,Italia,Crisantemos,211.8,3.66,775.19,2024-05-09,4
Exportador_09,Estados Unidos,Rosas,409.8,6.96,2852.21,2024-05-09,1
Exportador_12,Estados Unidos,Crisantemos,780.5,3.35,2614.68,2024-05-09,2
Exportador_13,México,Rosas,1654.3,6.01,9942.34,2024-05-09,3
Exportador_01,España,Rosas,1066.8,6.51,6944.87,2024-05-10,3
Exportador_01,Países Bajos,Rosas,353.0,7.41,2615.73,2024-05-10,5
Exportador_03,Estados Unidos,Rosas,792.4,6.27,4968.35,2024-05-10,1
Exportador_12,España,Rosas,511.4,6.48,3313.87,2024-05-10,5
Exportador_15,Estados Unidos,Gypsophila,678.5,4.83,3277.16,2024-05-10,1
Exportador_01,España,Rosas,438.7,6.35,2785.74,2024-05-11,4
Exportador_02,Ucrania,Hortensias,175.4,6.33,1110.28,2024-05-11,5
Exportador_03,Países Bajos,Rosas,590.8,7.38,4360.1,2024-05-11,3
Exportador_04,Rusia,Rosas,377.7,7.95,3002.72,2024-05-11,7
Exportador_05,Alemania,Rosas,822.8,7.24,5957.07,2024-05-11,3
Exportador_05,Alemania,Rosas,1679.6,7.44,12496.22,2024-05-11,3
Exportador_05,Canadá,Rosas,985.6,6.19,6100.86,2024-05-11,2
Exportador_05,Japón,Rosas,2120.0,7.65,16218.0,2024-05-11,8
Exportador_15,Estados Unidos,Hortensias,313.8,6.07,1904.77,2024-05-11,2
Exportador_01,Kazajistán,Rosas,895.0,7.21,6452.95,2024-05-12,8
Exportador_04,Países Bajos,Rosas,377.3,7.15,2697.7,2024-05-12,3
Exportador_05,Kazajistán,Flores de verano,287.5,5.21,1497.88,2024-05-12,9
Exportador_15,Canadá,Flores de verano,298.5,4.02,1199.97,2024-05-12,4
Exportador_04,Países Bajos,Rosas,511.3,6.37,3256.98,2024-05-13,6
Exportador_04,Estados Unidos,Rosas,1190.5,6.35,7559.67,2024-05-13,3
Exportador_07,Estados Unidos,Rosas,1177.5,6.33,7453.57,2024-05-13,2
Exportador_15,Rusia,Rosas,2306.5,7.24,16699.06,2024-05-13,5
Exportador_01,Estados Unidos,Rosas,875.5,6.8,5953.4,2024-05-14,3
Exportador_01,Chile,Rosas,1071.2,5.9,6320.08,2024-05-14,2
Exportador_03,Japón,Rosas,474.8,8.27,3926.6,2024-05-14,7
Exportador_03,Estados Unidos,Crisantemos,366.7,3.49,1279.78,2024-05-14,2
Exportador_10,Rusia,Rosas,410.1,7.57,3104.46,2024-05-14,5
Exportador_01,Japón,Rosas,2302.5,8.82,20308.05,2024-05-15,5
Exportador_01,Rusia,Rosas,1207.8,8.13,9819.41,2024-05-15,4
Exportador_01,Estados Unidos,Rosas,695.0,6.6,4587.0,2024-05-15,2
Exportador_05,Estados Unidos,Rosas,1313.5,6.71,8813.58,2024-05-15,2
Exportador_15,Estados Unidos,Rosas,776.0,5.87,4555.12,2024-05-15,1
Exportador_01,Estados Unidos,Rosas,566.2,6.66,3770.89,2024-05-16,3
Exportador_02,Estados Unidos,Rosas,1020.1,6.15,6273.62,2024-05-16,3
Exportador_01,Estados Unidos,Flores de verano,235.5,4.03,949.07,2024-05-17,2
Exportador_01,Rusia,Rosas,990.9,6.85,6787.66,2024-05-17,4
Exportador_02,Canadá,Flores de verano,911.1,4.04,3680.84,2024-05-17,4
Exportador_03,España,Rosas,304.0,6.3,1915.2,2024-05-17,5
Exportador_12,Estados Unidos,Rosas,595.6,5.91,3520.0,2024-05-17,1
Exportador_14,Estados Unidos,Crisantemos,115.8,3.5,405.3,2024-05-17,1
Exportador_15,Italia,Crisantemos,208.3,3.08,641.56,2024-05-17,6
Exportador_02,Japón,Rosas,394.3,7.32,2886.28,2024-05-18,7
Exportador_02,Estados Unidos,Rosas,930.0,6.44,5989.2,2024-05-18,3
Exportador_02,Rusia,Rosas,462.1,8.11,3747.63,2024-05-18,4
Exportador_03,Japón,Rosas,900.7,7.95,7160.57,2024-05-18,6
Exportador_04,Kazajistán,Rosas,387.8,8.0,3102.4,2024-05-18,8
Exportador_05,Kazajistán,Crisantemos,793.8,3.55,2817.99,2024-05-18,9
Exportador_08,Estados Unidos,Hortensias,160.3,5.85,937.75,2024-05-18,3
Exportador_10,Canadá,Rosas,954.9,6.6,6302.34,2024-05-18,2
Exportador_12,Estados Unidos,Rosas,2441.9,6.06,14797.91,2024-05-18,2
Exportador_01,Estados Unidos,Rosas,764.4,6.05,4624.62,2024-05-19,3
Exportador_02,Estados Unidos,Rosas,726.2,6.7,4865.54,2024-05-19,2
Exportador_03,Japón,Rosas,1147.8,8.89,10203.94,2024-05-19,7
Exportador_03,Ucrania,Gypsophila,267.2,5.31,1418.83,2024-05-19,8
Exportador_07,México,Hortensias,219.0,5.68,1243.92,2024-05-19,3
Exportador_01,Países Bajos,Rosas,945.9,6.57,6214.56,2024-05-20,3
Exportador_02,Estados Unidos,Rosas,1364.3,5.98,8158.51,2024-05-20,1
Exportador_12,Países Bajos,Flores de verano,775.4,4.13,3202.4,2024-05-20,4
Exportador_01,España,Rosas,698.2,6.88,4803.62,2024-05-21,6
Exportador_09,Estados Unidos,Crisantemos,416.7,3.07,1279.27,2024-05-21,2
Exportador_13,Rusia,Rosas,1814.4,7.46,13535.42,2024-05-21,4
Exportador_01,Rusia,Rosas,1042.7,6.96,7257.19,2024-05-22,4
Exportador_01,Alemania,Rosas,1228.3,7.67,9421.06,2024-05-22,6
Exportador_03,Estados Unidos,Rosas,985.3,6.02,5931.51,2024-05-22,1
Exportador_04,Canadá,Rosas,866.5,7.21,6247.47,2024-05-22,3
Exportador_04,Rusia,Rosas,552.3,8.11,4479.15,2024-05-22,4
Exportador_05,Estados Unidos,Rosas,1782.0,6.48,11547.36,2024-05-22,2
Exportador_08,Rusia,Rosas,1048.2,8.06,8448.49,2024-05-22,5
Exportador_13,Estados Unidos,Gypsophila,503.4,4.88,2456.59,2024-05-22,3
Exportador_15,Estados Unidos,Rosas,1073.0,6.8,7296.4,2024-05-22,1
Exportador_01,Estados Unidos,Rosas,680.9,6.54,4453.09,2024-05-23,3
Exportador_03,Estados Unidos,Flores de verano,192.9,4.41,850.69,2024-05-23,2
Exportador_08,Estados Unidos,Gypsophila,378.2,4.63,1751.07,2024-05-23,1
Exportador_08,Estados Unidos,Rosas,355.8,6.0,2134.8,2024-05-23,3
Exportador_12,Estados Unidos,Claveles,369.0,3.43,1265.67,2024-05-23,2
Exportador_13,Países Bajos,Hortensias,527.5,5.82,3070.05,2024-05-23,6
Exportador_01,Estados Unidos,Rosas,975.0,5.99,5840.25,2024-05-24,3
Exportador_02,Estados Unidos,Rosas,1485.4,6.34,9417.44,2024-05-24,2
Exportador_02,Estados Unidos,Rosas,991.7,6.52,6465.88,2024-05-24,2
Exportador_03,Estados Unidos,Rosas,839.7,6.84,5743.55,2024-05-24,3
Exportador_07,Japón,Crisantemos,237.3,3.68,873.26,2024-05-24,7
Exportador_14,Estados Unidos,Rosas,612.8,6.48,3970.94,2024-05-24,3
Exportador_01,Ucrania,Rosas,438.0,6.72,2943.36,2024-05-25,6
Exportador_01,Países Bajos,Rosas,405.1,7.12,2884.31,2024-05-25,3
Exportador_01,Rusia,Rosas,2105.2,6.92,14567.98,2024-05-25,6
Exportador_01,Rusia,Rosas,1448.9,7.24,10490.04,2024-05-25,7
Exportador_03,Países Bajos,Rosas,1946.0,6.28,12220.88,2024-05-25,5
Exportador_07,España,Rosas,1046.2,6.45,6747.99,2024-05-25,5
Exportador_07,Japón,Rosas,363.2,7.97,2894.7,2024-05-25,6
Exportador_08,Estados Unidos,Rosas,871.7,6.97,6075.75,2024-05-25,1
Exportador_14,Estados Unidos,Rosas,782.3,6.67,5217.94,2024-05-25,3
Exportador_01,Chile,Rosas,540.0,5.91,3191.4,2024-05-26,2
Exportador_03,Estados Unidos,Gypsophila,691.8,4.76,3292.97,2024-05-26,3
Exportador_07,Kazajistán,Gypsophila,473.0,5.85,2767.05,2024-05-26,7
Exportador_09,Estados Unidos,Rosas,555.6,6.28,3489.17,2024-05-26,2
Exportador_09,Rusia,Claveles,360.0,4.45,1602.0,2024-05-26,7
Exportador_01,Rusia,Rosas,825.6,8.12,6703.87,2024-05-27,4
Exportador_01,Rusia,Rosas,508.3,8.08,4107.06,2024-05-27,4
Exportador_01,Estados Unidos,Rosas,805.3,6.22,5008.97,2024-05-27,1
Exportador_01,Países Bajos,Rosas,809.6,6.77,5480.99,2024-05-27,5
Exportador_01,España,Rosas,835.1,6.75,5636.93,2024-05-27,5
Exportador_02,Estados Unidos,Rosas,1092.7,6.08,6643.62,2024-05-27,1
Exportador_03,Estados Unidos,Rosas,299.4,7.07,2116.76,2024-05-27,1
Exportador_04,México,Gypsophila,275.2,4.63,1274.18,2024-05-27,4
Exportador_07,Estados Unidos,Rosas,1587.7,6.68,10605.84,2024-05-27,2
Exportador_07,Estados Unidos,Rosas,956.0,5.91,5649.96,2024-05-27,1
Exportador_15,Chile,Rosas,541.7,5.63,3049.77,2024-05-27,2
Exportador_02,Alemania,Claveles,792.1,3.58,2835.72,2024-05-28,3
Exportador_02,Japón,Rosas,855.6,7.51,6425.56,2024-05-28,8
Exportador_03,Rusia,Rosas,2705.9,8.17,22107.2,2024-05-28,5
Exportador_04,Estados Unidos,Hortensias,378.7,6.38,2416.11,2024-05-28,2
Exportador_04,Países Bajos,Rosas,729.3,7.13,5199.91,2024-05-28,5
Exportador_06,Rusia,Gypsophila,366.7,5.5,2016.85,2024-05-28,4
Exportador_01,Rusia,Rosas,1819.9,8.22,14959.58,2024-05-29,5
Exportador_01,Japón,Rosas,773.3,8.86,6851.44,2024-05-29,5
Exportador_01,España,Rosas,503.9,6.51,3280.39,2024-05-29,4
Exportador_02,Ucrania,Rosas,532.0,7.74,4117.68,2024-05-29,8
Exportador_03,Rusia,Rosas,715.5,7.51,5373.4,2024-05-29,7
Exportador_13,Estados Unidos,Rosas,417.8,7.01,2928.78,2024-05-29,3
Exportador_01,Estados Unidos,Rosas,924.8,6.6,6103.68,2024-05-30,3
Exportador_01,Italia,Rosas,1498.4,7.42,11118.13,2024-05-30,6
Exportador_01,Kazajistán,Rosas,544.3,7.33,3989.72,2024-05-30,9
Exportador_01,Ucrania,Hortensias,363.8,7.04,2561.15,2024-05-30,5
Exportador_02,Alemania,Gypsophila,425.6,5.1,2170.56,2024-05-30,5
Exportador_02,Chile,Rosas,1493.4,5.97,8915.6,2024-05-30,4
Exportador_07,Rusia,Rosas,1393.7,7.76,10815.11,2024-05-30,6
Exportador_11,Estados Unidos,Rosas,576.1,6.76,3894.44,2024-05-30,3
Exportador_13,Estados Unidos,Rosas,1070.6,7.14,7644.08,2024-05-30,1
Exportador_01,Países Bajos,Rosas,1451.6,7.09,10291.84,2024-05-31,5
Exportador_06,Rusia,Hortensias,268.1,7.54,2021.47,2024-05-31,7
Exportador_09,España,Rosas,651.4,6.89,4488.15,2024-05-31,6
Exportador_09,Japón,Claveles,1789.6,4.71,8429.02,2024-05-31,7
Exportador_10,Estados Unidos,Gypsophila,430.5,4.43,1907.11,2024-05-31,1
Exportador_01,Kazajistán,Rosas,1655.4,8.39,13888.81,2024-06-01,8
Exportador_02,Rusia,Claveles,258.7,4.2,1086.54,2024-06-01,4
Exportador_03,Estados Unidos,Hortensias,1131.3,5.44,6154.27,2024-06-01,3
Exportador_05,Rusia,Rosas,702.3,8.04,5646.49,2024-06-01,5
Exportador_09,Alemania,Rosas,537.1,6.63,3560.97,2024-06-01,6
Exportador_10,Estados Unidos,Crisantemos,290.4,3.39,984.46,2024-06-01,1
Exportador_05,Estados Unidos,Rosas,1072.9,6.11,6555.42,2024-06-02,3
Exportador_05,Estados Unidos,Rosas,683.3,6.56,4482.45,2024-06-02,3
Exportador_09,Estados Unidos,Rosas,846.2,6.9,5838.78,2024-06-02,3
Exportador_01,Estados Unidos,Rosas,1815.0,6.6,11979.0,2024-06-03,2
Exportador_09,Kazajistán,Rosas,1180.2,8.46,9984.49,2024-06-03,9
Exportador_02,Chile,Rosas,1614.1,6.57,10604.64,2024-06-04,4
Exportador_03,Italia,Rosas,1072.0,6.69,7171.68,2024-06-04,5
Exportador_04,Estados Unidos,Rosas,512.6,6.9,3536.94,2024-06-04,2
Exportador_04,Estados Unidos,Rosas,980.7,6.54,6413.78,2024-06-04,1
Exportador_06,Estados Unidos,Rosas,268.4,6.09,1634.56,2024-06-04,2
Exportador_09,Estados Unidos,Rosas,452.2,6.98,3156.36,2024-06-04,2
Exportador_11,Alemania,Rosas,1699.7,7.39,12560.78,2024-06-04,3
Exportador_02,Kazajistán,Rosas,1251.2,8.54,10685.25,2024-06-05,7
Exportador_03,Estados Unidos,Rosas,685.7,6.75,4628.48,2024-06-05,3
Exportador_09,Estados Unidos,Rosas,1529.5,6.8,10400.6,2024-06-05,1
Exportador_12,Estados Unidos,Flores de verano,491.2,4.29,2107.25,2024-06-05,3
Exportador_01,España,Rosas,511.3,6.2,3170.06,2024-06-06,5
Exportador_01,España,Flores de verano,577.1,3.91,2256.46,2024-06-06,4
Exportador_01,Italia,Rosas,2448.3,6.63,16232.23,2024-06-06,5
Exportador_01,Japón,Rosas,816.7,8.1,6615.27,2024-06-07,8
Exportador_03,Estados Unidos,Rosas,960.5,6.22,5974.31,2024-06-07,1
Exportador_05,Estados Unidos,Rosas,487.6,6.03,2940.23,2024-06-07,2
Exportador_10,Estados Unidos,Rosas,880.1,6.65,5852.67,2024-06-07,1
Exportador_01,Kazajistán,Rosas,477.0,7.55,3601.35,2024-06-08,9
Exportador_01,Chile,Crisantemos,376.9,2.85,1074.16,2024-06-08,2
Exportador_09,México,Rosas,834.4,5.67,4731.05,2024-06-08,3
Exportador_01,Estados Unidos,Rosas,778.9,7.08,5514.61,2024-06-09,2
Exportador_01,Rusia,Hortensias,298.3,7.53,2246.2,2024-06-09,5
Exportador_01,Estados Unidos,Claveles,500.2,3.61,1805.72,2024-06-09,1
Exportador_01,Rusia,Hortensias,274.6,7.15,1963.39,2024-06-09,7
Exportador_02,Rusia,Rosas,1180.8,6.78,8005.82,2024-06-09,4
Exportador_02,Rusia,Flores de verano,214.1,4.83,1034.1,2024-06-09,7
Exportador_06,Chile,Rosas,663.2,6.0,3979.2,2024-06-09,4
Exportador_07,Ucrania,Rosas,520.3,6.81,3543.24,2024-06-09,8
Exportador_07,Estados Unidos,Rosas,1338.3,6.26,8377.76,2024-06-09,3
Exportador_02,Italia,Rosas,545.2,6.95,3789.14,2024-06-10,4
Exportador_02,Estados Unidos,Rosas,653.0,6.14,4009.42,2024-06-10,2
Exportador_01,Estados Unidos,Flores de verano,458.5,3.98,1824.83,2024-06-11,3
Exportador_01,Estados Unidos,Rosas,2220.7,7.14,15855.8,2024-06-11,2
Exportador_01,Estados Unidos,Crisantemos,265.8,3.37,895.75,2024-06-11,1
Exportador_06,Canadá,Rosas,1742.6,7.44,12964.94,2024-06-11,3
Exportador_07,Países Bajos,Rosas,719.4,7.21,5186.87,2024-06-11,6
Exportador_10,Estados Unidos,Rosas,398.1,5.85,2328.89,2024-06-11,2
Exportador_15,Estados Unidos,Claveles,294.3,3.64,1071.25,2024-06-11,2
Exportador_04,Estados Unidos,Rosas,916.8,6.82,6252.58,2024-06-12,2
Exportador_05,México,Rosas,526.9,6.13,3229.9,2024-06-12,4
Exportador_05,Estados Unidos,Gypsophila,633.2,4.95,3134.34,2024-06-12,1
Exportador_06,Chile,Claveles,1187.3,3.59,4262.41,2024-06-12,3
Exportador_01,Rusia,Rosas,1601.1,8.18,13097.0,2024-06-13,5
Exportador_01,Rusia,Rosas,1145.4,7.95,9105.93,2024-06-13,6
Exportador_01,Países Bajos,Rosas,653.9,7.41,4845.4,2024-06-13,3
Exportador_06,Rusia,Rosas,1134.2,7.32,8302.34,2024-06-13,5
Exportador_11,Rusia,Rosas,682.2,7.72,5266.58,2024-06-13,6
Exportador_14,Estados Unidos,Rosas,827.4,6.61,5469.11,2024-06-13,1
Exportador_01,México,Rosas,814.0,5.87,4778.18,2024-06-14,4
Exportador_02,Canadá,Rosas,386.0,6.95,2682.7,2024-06-14,2
Exportador_03,Rusia,Rosas,913.8,7.49,6844.36,2024-06-14,5
Exportador_04,Estados Unidos,Claveles,348.9,3.83,1336.29,2024-06-14,2
Exportador_06,Ucrania,Rosas,723.9,7.79,5639.18,2024-06-14,7
Exportador_08,España,Rosas,1291.9,7.04,9094.98,2024-06-14,3
Exportador_01,Ucrania,Gypsophila,690.0,5.02,3463.8,2024-06-15,8
Exportador_03,España,Rosas,1148.5,7.15,8211.77,2024-06-15,6
Exportador_02,Países Bajos,Rosas,681.2,7.2,4904.64,2024-06-16,5
Exportador_03,Estados Unidos,Rosas,875.8,7.06,6183.15,2024-06-16,1
Exportador_08,Canadá,Rosas,239.0,6.9,1649.1,2024-06-16,3
Exportador_15,Rusia,Rosas,1843.5,7.79,14360.86,2024-06-16,5
Exportador_01,Estados Unidos,Crisantemos,387.8,3.1,1202.18,2024-06-17,1
Exportador_01,Ucrania,Rosas,743.7,6.64,4938.17,2024-06-17,6
Exportador_01,Estados Unidos,Rosas,783.4,5.98,4684.73,2024-06-17,3
Exportador_03,España,Crisantemos,397.3,3.28,1303.14,2024-06-17,6
Exportador_03,Estados Unidos,Rosas,1889.0,7.03,13279.67,2024-06-17,1
Exportador_01,México,Flores de verano,415.4,3.88,1611.75,2024-06-18,3
Exportador_01,España,Rosas,1478.8,6.61,9774.87,2024-06-18,3
Exportador_02,España,Crisantemos,697.5,3.54,2469.15,2024-06-18,4
Exportador_03,Chile,Rosas,1307.9,6.09,7965.11,2024-06-18,3
Exportador_05,Estados Unidos,Gypsophila,517.5,4.81,2489.17,2024-06-18,3
Exportador_07,Rusia,Gypsophila,210.7,4.79,1009.25,2024-06-18,4
Exportador_01,Kazajistán,Rosas,1500.4,7.85,11778.14,2024-06-20,6
Exportador_01,Países Bajos,Rosas,1104.6,7.16,7908.94,2024-06-20,5
Exportador_02,Estados Unidos,Hortensias,426.5,5.54,2362.81,2024-06-20,2
Exportador_05,Estados Unidos,Crisantemos,190.6,2.92,556.55,2024-06-20,1
Exportador_13,Rusia,Rosas,1068.3,7.44,7948.15,2024-06-20,7
Exportador_14,Kazajistán,Rosas,645.2,7.07,4561.56,2024-06-20,7
Exportador_01,Rusia,Gypsophila,500.6,4.82,2412.89,2024-06-21,6
Exportador_11,México,Rosas,739.0,6.77,5003.03,2024-06-21,3
Exportador_01,Chile,Rosas,464.6,6.3,2926.98,2024-06-22,2
Exportador_12,Países Bajos,Rosas,539.3,6.38,3440.73,2024-06-22,4
Exportador_01,Estados Unidos,Rosas,1271.4,7.03,8937.94,2024-06-23,1
Exportador_01,México,Rosas,1206.7,5.69,6866.12,2024-06-23,3
Exportador_03,Estados Unidos,Claveles,502.5,3.61,1814.02,2024-06-23,1
Exportador_04,España,Claveles,551.6,3.49,1925.08,2024-06-23,3
Exportador_06,Estados Unidos,Rosas,1800.9,6.44,11597.8,2024-06-23,2
Exportador_11,Estados Unidos,Gypsophila,558.7,4.94,2759.98,2024-06-23,1
Exportador_13,Rusia,Rosas,1617.9,7.41,11988.64,2024-06-23,4
Exportador_13,Alemania,Rosas,531.8,7.48,3977.86,2024-06-24,4
Exportador_01,Países Bajos,Rosas,1761.6,6.93,12207.89,2024-06-25,3
Exportador_02,Países Bajos,Gypsophila,1184.1,4.67,5529.75,2024-06-25,6
Exportador_07,Países Bajos,Rosas,1363.3,6.73,9175.01,2024-06-25,6
Exportador_13,España,Flores de verano,178.7,4.2,750.54,2024-06-25,6
Exportador_15,Estados Unidos,Gypsophila,370.4,4.21,1559.38,2024-06-25,2
Exportador_01,Rusia,Hortensias,209.7,6.61,1386.12,2024-06-26,6
Exportador_01,Japón,Rosas,1859.8,7.68,14283.26,2024-06-27,5
Exportador_01,Alemania,Rosas,171.4,7.27,1246.08,2024-06-27,5
Exportador_01,Estados Unidos,Rosas,1316.0,6.06,7974.96,2024-06-27,2
Exportador_01,Estados Unidos,Rosas,1310.9,7.05,9241.85,2024-06-27,2
Exportador_03,Estados Unidos,Rosas,622.9,7.01,4366.53,2024-06-27,2
Exportador_04,Estados Unidos,Rosas,851.6,6.54,5569.46,2024-06-27,3
Exportador_08,Estados Unidos,Rosas,843.4,6.3,5313.42,2024-06-27,1
Exportador_08,Japón,Rosas,877.4,7.63,6694.56,2024-06-27,6
Exportador_09,Rusia,Flores de verano,571.9,4.47,2556.39,2024-06-27,5
Exportador_12,Estados Unidos,Rosas,977.2,6.08,5941.38,2024-06-27,2
Exportador_12,Kazajistán,Rosas,1591.6,8.1,12891.96,2024-06-27,9
Exportador_02,Rusia,Rosas,1008.8,6.97,7031.34,2024-06-28,6
Exportador_03,Estados Unidos,Rosas,1575.0,6.71,10568.25,2024-06-28,2
Exportador_05,Países Bajos,Rosas,493.4,6.48,3197.23,2024-06-28,3
Exportador_12,Italia,Rosas,747.0,7.19,5370.93,2024-06-28,4
Exportador_01,Países Bajos,Gypsophila,1111.0,5.04,5599.44,2024-06-29,3
Exportador_01,Estados Unidos,Rosas,677.9,5.9,3999.61,2024-06-29,1
Exportador_01,Rusia,Rosas,551.4,6.95,3832.23,2024-06-29,7
Exportador_11,Estados Unidos,Rosas,1148.3,5.86,6729.04,2024-06-29,1
Exportador_02,Estados Unidos,Rosas,416.9,6.98,2909.96,2024-06-30,2
Exportador_06,Chile,Rosas,463.4,5.78,2678.45,2024-06-30,4
Exportador_07,Estados Unidos,Rosas,531.5,6.67,3545.11,2024-06-30,2
Exportador_13,Estados Unidos,Hortensias,440.1,5.53,2433.75,2024-06-30,2
Exportador_01,Países Bajos,Crisantemos,519.2,3.43,1780.86,2024-07-01,6
Exportador_01,Países Bajos,Rosas,540.2,6.15,3322.23,2024-07-01,3
Exportador_01,Estados Unidos,Rosas,987.2,6.32,6239.1,2024-07-01,1
Exportador_03,Países Bajos,Rosas,345.4,7.4,2555.96,2024-07-01,5
Exportador_03,Rusia,Crisantemos,179.9,3.38,608.06,2024-07-01,4
Exportador_10,Estados Unidos,Rosas,380.5,6.12,2328.66,2024-07-01,3
Exportador_15,Estados Unidos,Hortensias,297.4,6.14,1826.04,2024-07-01,2
Exportador_02,Países Bajos,Rosas,823.9,6.71,5528.37,2024-07-02,4
Exportador_03,Estados Unidos,Gypsophila,469.0,4.61,2162.09,2024-07-02,3
Exportador_06,Ucrania,Rosas,443.8,6.78,3008.96,2024-07-02,6
Exportador_07,Italia,Crisantemos,607.5,3.06,1858.95,2024-07-02,4
Exportador_08,Países Bajos,Claveles,553.2,3.7,2046.84,2024-07-02,5
Exportador_10,Japón,Rosas,582.5,7.49,4362.93,2024-07-02,6
Exportador_11,Rusia,Rosas,572.8,7.2,4124.16,2024-07-02,7
Exportador_01,Japón,Hortensias,401.2,7.21,2892.65,2024-07-03,7
Exportador_01,Canadá,Rosas,1287.0,6.98,8983.26,2024-07-03,2
Exportador_01,Estados Unidos,Rosas,726.7,6.47,4701.75,2024-07-03,1
Exportador_03,Países Bajos,Rosas,1208.6,6.61,7988.85,2024-07-03,6
Exportador_05,Ucrania,Rosas,863.8,7.56,6530.33,2024-07-03,5
Exportador_08,Ucrania,Hortensias,224.9,6.55,1473.1,2024-07-03,5
Exportador_10,Estados Unidos,Gypsophila,466.1,4.87,2269.91,2024-07-03,2
Exportador_13,Chile,Rosas,768.8,6.62,5089.46,2024-07-03,4
Exportador_09,Países Bajos,Rosas,376.1,6.56,2467.22,2024-07-04,4
Exportador_09,Estados Unidos,Crisantemos,1857.7,3.05,5665.98,2024-07-04,2
Exportador_11,Estados Unidos,Rosas,1453.6,7.03,10218.81,2024-07-04,2
Exportador_03,Estados Unidos,Crisantemos,668.2,3.19,2131.56,2024-07-05,3
Exportador_03,Alemania,Rosas,565.0,7.19,4062.35,2024-07-05,5
Exportador_01,Estados Unidos,Rosas,226.2,6.68,1511.02,2024-07-06,3
Exportador_01,México,Rosas,578.9,6.22,3600.76,2024-07-06,2
Exportador_12,Ucrania,Rosas,1409.9,6.47,9122.05,2024-07-06,8
Exportador_04,Estados Unidos,Rosas,1152.3,6.44,7420.81,2024-07-07,1
Exportador_06,Estados Unidos,Rosas,1088.0,6.87,7474.56,2024-07-07,2
Exportador_09,Alemania,Rosas,1224.6,6.62,8106.85,2024-07-07,5
Exportador_01,Estados Unidos,Gypsophila,213.0,4.24,903.12,2024-07-08,2
Exportador_02,Estados Unidos,Rosas,715.1,7.08,5062.91,2024-07-08,2
Exportador_02,Estados Unidos,Rosas,526.9,6.78,3572.38,2024-07-08,3
Exportador_02,Rusia,Rosas,899.6,7.18,6459.13,2024-07-08,4
Exportador_02,Estados Unidos,Rosas,1003.3,6.42,6441.19,2024-07-08,3
Exportador_03,Canadá,Claveles,384.1,3.54,1359.71,2024-07-08,4
Exportador_13,Estados Unidos,Gypsophila,239.5,4.63,1108.88,2024-07-08,2
Exportador_01,Chile,Rosas,1011.6,6.78,6858.65,2024-07-09,3
Exportador_02,Rusia,Hortensias,422.5,6.85,2894.12,2024-07-09,5
Exportador_04,Estados Unidos,Gypsophila,1220.0,4.19,5111.8,2024-07-09,1
Exportador_07,Estados Unidos,Rosas,735.9,6.96,5121.86,2024-07-09,3
Exportador_02,Países Bajos,Rosas,856.2,6.58,5633.8,2024-07-10,6
Exportador_03,Estados Unidos,Crisantemos,479.9,3.42,1641.26,2024-07-10,2
Exportador_05,Estados Unidos,Crisantemos,608.7,3.24,1972.19,2024-07-10,3
Exportador_06,Estados Unidos,Gypsophila,322.3,4.51,1453.57,2024-07-10,1
Exportador_11,Países Bajos,Flores de verano,542.5,4.68,2538.9,2024-07-10,5
Exportador_01,Rusia,Rosas,1628.6,7.51,12230.79,2024-07-11,4
Exportador_02,Estados Unidos,Hortensias,503.8,5.59,2816.24,2024-07-11,3
Exportador_04,Estados Unidos,Rosas,777.8,5.97,4643.47,2024-07-11,2
Exportador_07,España,Rosas,1351.0,6.59,8903.09,2024-07-11,5
Exportador_01,Estados Unidos,Rosas,363.2,6.75,2451.6,2024-07-12,1
Exportador_03,Rusia,Rosas,1425.3,8.21,11701.71,2024-07-12,6
Exportador_04,Chile,Rosas,239.2,6.37,1523.7,2024-07-12,3
Exportador_12,Canadá,Rosas,606.8,6.53,3962.4,2024-07-12,3
Exportador_15,Canadá,Rosas,437.8,7.13,3121.51,2024-07-12,4
Exportador_02,Estados Unidos,Rosas,471.6,6.13,2890.91,2024-07-13,1
Exportador_05,Canadá,Rosas,1460.9,6.43,9393.59,2024-07-13,2
Exportador_05,Canadá,Rosas,745.3,7.46,5559.94,2024-07-13,3
Exportador_08,Rusia,Rosas,964.2,7.77,7491.83,2024-07-13,5
Exportador_08,Países Bajos,Rosas,832.8,6.99,5821.27,2024-07-13,5
Exportador_01,Alemania,Hortensias,459.5,6.66,3060.27,2024-07-14,6
Exportador_07,Rusia,Rosas,831.6,6.82,5671.51,2024-07-14,5
Exportador_10,Países Bajos,Gypsophila,1263.6,4.7,5938.92,2024-07-14,5
Exportador_13,Rusia,Rosas,362.4,7.05,2554.92,2024-07-14,5
Exportador_01,Canadá,Rosas,1426.0,6.69,9539.94,2024-07-15,2
Exportador_05,Rusia,Rosas,470.6,7.82,3680.09,2024-07-15,5
Exportador_06,Rusia,Claveles,280.7,4.34,1218.24,2024-07-15,7
Exportador_07,Países Bajos,Gypsophila,483.8,4.69,2269.02,2024-07-15,3
Exportador_10,Kazajistán,Rosas,1692.0,8.39,14195.88,2024-07-15,8
Exportador_01,Alemania,Rosas,963.1,6.68,6433.51,2024-07-16,5
Exportador_04,Italia,Rosas,1377.9,6.22,8570.54,2024-07-16,4
Exportador_04,Estados Unidos,Rosas,1252.9,6.68,8369.37,2024-07-16,3
Exportador_04,Estados Unidos,Rosas,880.2,6.07,5342.81,2024-07-16,1
Exportador_06,Estados Unidos,Rosas,897.6,6.96,6247.3,2024-07-16,1
Exportador_09,Estados Unidos,Claveles,269.9,3.51,947.35,2024-07-16,3
Exportador_12,Estados Unidos,Rosas,676.0,6.83,4617.08,2024-07-16,1
Exportador_12,Estados Unidos,Crisantemos,137.7,2.95,406.21,2024-07-16,2
Exportador_03,Rusia,Rosas,1187.8,7.86,9336.11,2024-07-17,5
Exportador_03,Estados Unidos,Rosas,627.8,6.92,4344.38,2024-07-17,3
Exportador_03,Estados Unidos,Rosas,287.0,6.05,1736.35,2024-07-17,3
Exportador_06,Ucrania,Flores de verano,506.6,4.15,2102.39,2024-07-17,8
Exportador_08,Estados Unidos,Rosas,375.0,6.77,2538.75,2024-07-17,2
Exportador_13,Ucrania,Rosas,374.8,6.49,2432.45,2024-07-17,4
Exportador_01,Italia,Rosas,367.7,6.32,2323.86,2024-07-18,3
Exportador_02,Países Bajos,Rosas,887.6,7.24,6426.22,2024-07-18,5
Exportador_02,Estados Unidos,Hortensias,90.7,5.52,500.66,2024-07-18,2
Exportador_02,Estados Unidos,Rosas,1174.3,7.1,8337.53,2024-07-18,3
Exportador_03,Estados Unidos,Rosas,759.7,6.63,5036.81,2024-07-18,2
Exportador_07,Estados Unidos,Rosas,1155.3,6.16,7116.65,2024-07-18,3
Exportador_10,Países Bajos,Rosas,2487.0,6.45,16041.15,2024-07-18,4
Exportador_01,Estados Unidos,Rosas,801.8,5.86,4698.55,2024-07-20,2
Exportador_10,Rusia,Rosas,1471.6,7.38,10860.41,2024-07-20,7
Exportador_01,España,Rosas,534.0,6.2,3310.8,2024-07-21,6
Exportador_01,Estados Unidos,Crisantemos,369.3,3.02,1115.29,2024-07-21,1
Exportador_08,Estados Unidos,Claveles,253.9,3.62,919.12,2024-07-21,2
Exportador_09,Países Bajos,Rosas,1073.2,6.49,6965.07,2024-07-21,6
Exportador_11,Rusia,Flores de verano,877.7,4.39,3853.1,2024-07-21,4
Exportador_15,Estados Unidos,Hortensias,231.4,5.98,1383.77,2024-07-21,1
Exportador_01,Rusia,Rosas,407.6,7.46,3040.7,2024-07-22,6
Exportador_01,Canadá,Hortensias,127.7,6.53,833.88,2024-07-22,4
Exportador_02,Estados Unidos,Hortensias,103.5,6.59,682.06,2024-07-22,2
Exportador_03,Estados Unidos,Rosas,886.5,5.96,5283.54,2024-07-22,3
Exportador_05,Canadá,Rosas,1002.2,6.79,6804.94,2024-07-22,3
Exportador_08,Estados Unidos,Rosas,960.3,6.48,6222.74,2024-07-22,2
Exportador_10,México,Rosas,1085.3,6.78,7358.33,2024-07-22,2
Exportador_01,Estados Unidos,Rosas,1000.7,6.34,6344.44,2024-07-23,3
Exportador_04,Ucrania,Rosas,408.2,7.01,2861.48,2024-07-23,5
Exportador_04,Estados Unidos,Rosas,438.3,6.02,2638.57,2024-07-23,2
Exportador_06,Estados Unidos,Rosas,380.9,6.97,2654.87,2024-07-23,1
Exportador_08,México,Rosas,1587.8,6.68,10606.5,2024-07-23,2
Exportador_10,Chile,Rosas,1194.5,6.68,7979.26,2024-07-23,4
Exportador_12,Estados Unidos,Flores de verano,195.7,3.78,739.75,2024-07-23,3
Exportador_01,Canadá,Rosas,1758.3,6.42,11288.29,2024-07-24,4
Exportador_04,Estados Unidos,Rosas,1478.5,7.12,10526.92,2024-07-24,2
Exportador_06,Rusia,Rosas,872.9,7.66,6686.41,2024-07-24,4
Exportador_10,Rusia,Gypsophila,1035.9,5.44,5635.3,2024-07-24,4
Exportador_11,Rusia,Rosas,1252.7,6.95,8706.27,2024-07-24,5
Exportador_03,Kazajistán,Gypsophila,641.5,5.12,3284.48,2024-07-25,5
Exportador_08,Estados Unidos,Rosas,470.3,5.99,2817.1,2024-07-25,3
Exportador_01,Países Bajos,Rosas,1035.3,6.54,6770.86,2024-07-26,4
Exportador_02,Rusia,Rosas,2577.8,7.13,18379.71,2024-07-26,5
Exportador_02,Kazajistán,Rosas,1844.0,7.54,13903.76,2024-07-26,7
Exportador_10,Italia,Rosas,2066.5,7.11,14692.82,2024-07-26,4
Exportador_01,Estados Unidos,Rosas,378.8,7.08,2681.9,2024-07-27,3
Exportador_01,Rusia,Rosas,993.7,8.09,8039.03,2024-07-28,5
Exportador_07,Estados Unidos,Rosas,578.7,6.77,3917.8,2024-07-28,1
Exportador_08,Estados Unidos,Rosas,1376.1,6.38,8779.52,2024-07-28,1
Exportador_13,Alemania,Flores de verano,645.0,4.69,3025.05,2024-07-28,4
Exportador_14,Estados Unidos,Gypsophila,1128.8,4.93,5564.98,2024-07-28,3
Exportador_01,Estados Unidos,Rosas,2769.8,6.11,16923.48,2024-07-29,3
Exportador_01,Chile,Rosas,405.9,5.79,2350.16,2024-07-29,2
Exportador_01,Rusia,Rosas,961.5,7.73,7432.4,2024-07-29,4
Exportador_05,Estados Unidos,Rosas,514.6,6.94,3571.32,2024-07-29,2
Exportador_09,Italia,Crisantemos,662.2,3.06,2026.33,2024-07-29,3
Exportador_11,Estados Unidos,Rosas,1768.4,6.92,12237.33,2024-07-29,3
Exportador_01,Rusia,Rosas,1121.7,6.99,7840.68,2024-07-30,5
Exportador_05,Países Bajos,Rosas,941.1,6.25,5881.88,2024-07-30,3
Exportador_06,Estados Unidos,Rosas,1424.8,6.24,8890.75,2024-07-30,2
Exportador_06,Países Bajos,Rosas,329.9,6.68,2203.73,2024-07-30,4
Exportador_01,Países Bajos,Hortensias,203.8,6.17,1257.45,2024-07-31,4
Exportador_01,Rusia,Rosas,363.2,7.24,2629.57,2024-07-31,4
Exportador_01,Rusia,Flores de verano,329.6,4.54,1496.38,2024-07-31,5
Exportador_01,Alemania,Hortensias,332.0,6.19,2055.08,2024-07-31,4
Exportador_02,Estados Unidos,Flores de verano,384.3,4.32,1660.18,2024-07-31,3
Exportador_09,México,Rosas,607.7,6.07,3688.74,2024-07-31,2
Exportador_01,Estados Unidos,Rosas,426.1,6.66,2837.83,2024-08-01,3
Exportador_01,Kazajistán,Rosas,2304.4,8.08,18619.55,2024-08-01,5
Exportador_03,España,Rosas,318.7,7.5,2390.25,2024-08-01,3
Exportador_04,Chile,Rosas,560.4,6.32,3541.73,2024-08-01,4
Exportador_01,España,Flores de verano,369.6,4.49,1659.5,2024-08-02,3
Exportador_01,Estados Unidos,Claveles,671.6,3.82,2565.51,2024-08-02,3
Exportador_01,Estados Unidos,Crisantemos,412.6,3.14,1295.56,2024-08-02,1
Exportador_07,Estados Unidos,Rosas,1382.6,6.54,9042.2,2024-08-02,1
Exportador_15,Estados Unidos,Rosas,435.0,7.01,3049.35,2024-08-02,3
Exportador_01,Estados Unidos,Rosas,2891.6,5.92,17118.27,2024-08-03,1
Exportador_01,Estados Unidos,Rosas,607.3,6.81,4135.71,2024-08-03,3
Exportador_07,Kazajistán,Hortensias,221.0,6.7,1480.7,2024-08-03,9
Exportador_10,Italia,Rosas,1392.4,6.61,9203.76,2024-08-03,6
Exportador_02,Estados Unidos,Rosas,659.3,6.03,3975.58,2024-08-04,2
Exportador_03,Estados Unidos,Rosas,603.6,6.19,3736.28,2024-08-04,1
Exportador_04,México,Rosas,563.3,6.03,3396.7,2024-08-04,4
Exportador_01,Rusia,Rosas,1584.4,7.47,11835.47,2024-08-05,6
Exportador_01,Estados Unidos,Rosas,214.8,6.52,1400.5,2024-08-05,1
Exportador_01,Rusia,Hortensias,242.5,6.75,1636.88,2024-08-05,7
Exportador_04,Estados Unidos,Rosas,1055.3,6.66,7028.3,2024-08-05,3
Exportador_06,Japón,Rosas,1289.4,7.39,9528.67,2024-08-05,7
Exportador_07,Rusia,Rosas,947.1,8.09,7662.04,2024-08-05,5
Exportador_09,Países Bajos,Gypsophila,1372.2,4.64,6367.01,2024-08-05,4
Exportador_11,Estados Unidos,Gypsophila,397.1,4.22,1675.76,2024-08-05,1
Exportador_01,Estados Unidos,Rosas,576.3,7.02,4045.63,2024-08-06,1
Exportador_05,Estados Unidos,Rosas,1596.1,5.86,9353.15,2024-08-06,2
Exportador_12,Kazajistán,Gypsophila,367.1,5.0,1835.5,2024-08-06,9
Exportador_04,Estados Unidos,Claveles,115.5,3.93,453.92,2024-08-07,3
Exportador_07,México,Rosas,862.7,6.6,5693.82,2024-08-07,4
Exportador_13,Estados Unidos,Rosas,861.2,6.74,5804.49,2024-08-07,3
Exportador_01,Rusia,Rosas,693.9,7.54,5232.01,2024-08-08,5
Exportador_02,Italia,Gypsophila,789.9,5.2,4107.48,2024-08-08,6
Exportador_04,Estados Unidos,Rosas,665.8,6.32,4207.86,2024-08-08,2
Exportador_05,Estados Unidos,Gypsophila,1393.4,4.86,6771.92,2024-08-08,3
Exportador_06,México,Gypsophila,451.0,4.47,2015.97,2024-08-08,3
Exportador_07,Rusia,Rosas,916.1,7.69,7044.81,2024-08-08,7
Exportador_13,Estados Unidos,Rosas,1054.1,6.56,6914.9,2024-08-08,1
Exportador_14,Países Bajos,Claveles,431.6,3.45,1489.02,2024-08-08,5
Exportador_01,México,Rosas,970.5,5.59,5425.1,2024-08-09,3
Exportador_04,Japón,Crisantemos,640.6,4.36,2793.02,2024-08-10,6
Exportador_05,Estados Unidos,Flores de verano,373.6,3.94,1471.98,2024-08-10,2
Exportador_11,Estados Unidos,Claveles,570.2,3.32,1893.06,2024-08-10,1
Exportador_14,Estados Unidos,Hortensias,558.9,5.86,3275.15,2024-08-10,3
Exportador_06,Estados Unidos,Hortensias,285.1,6.2,1767.62,2024-08-11,2
Exportador_13,Estados Unidos,Rosas,1389.8,6.52,9061.5,2024-08-11,1
Exportador_01,Ucrania,Rosas,1044.2,7.08,7392.94,2024-08-12,4
Exportador_01,Canadá,Rosas,1220.9,7.27,8875.94,2024-08-12,3
Exportador_04,Estados Unidos,Claveles,277.6,3.33,924.41,2024-08-12,2
Exportador_09,Estados Unidos,Rosas,847.4,6.98,5914.85,2024-08-12,1
Exportador_09,Estados Unidos,Rosas,306.1,6.15,1882.52,2024-08-12,3
Exportador_01,Estados Unidos,Rosas,1262.8,7.07,8928.0,2024-08-13,1
Exportador_02,Estados Unidos,Rosas,1581.4,7.13,11275.38,2024-08-13,3
Exportador_01,Italia,Gypsophila,354.1,5.11,1809.45,2024-08-14,5
Exportador_04,Estados Unidos,Gypsophila,591.2,4.28,2530.34,2024-08-14,2
Exportador_07,Japón,Rosas,1636.8,7.87,12881.62,2024-08-14,7
Exportador_13,Países Bajos,Claveles,452.9,4.01,1816.13,2024-08-14,5
Exportador_02,Estados Unidos,Flores de verano,190.5,4.16,792.48,2024-08-15,1
Exportador_03,Rusia,Rosas,818.2,6.81,5571.94,2024-08-15,6
Exportador_03,España,Rosas,1209.6,7.41,8963.14,2024-08-15,4
Exportador_01,Estados Unidos,Crisantemos,533.4,3.04,1621.54,2024-08-16,3
Exportador_01,Estados Unidos,Rosas,982.6,6.82,6701.33,2024-08-16,2
Exportador_01,Italia,Claveles,709.1,3.56,2524.4,2024-08-16,3
Exportador_02,Kazajistán,Rosas,808.6,7.86,6355.6,2024-08-16,6
Exportador_02,Estados Unidos,Rosas,1226.5,6.64,8143.96,2024-08-16,3
Exportador_04,Rusia,Hortensias,475.5,6.45,3066.97,2024-08-16,7
Exportador_05,Kazajistán,Flores de verano,191.0,5.25,1002.75,2024-08-16,8
Exportador_05,Estados Unidos,Rosas,1278.6,6.88,8796.77,2024-08-16,3
Exportador_06,Estados Unidos,Gypsophila,509.8,4.85,2472.53,2024-08-16,3
Exportador_08,Rusia,Rosas,615.4,7.79,4793.97,2024-08-16,5
Exportador_15,España,Rosas,1008.6,7.37,7433.38,2024-08-16,6
Exportador_01,Kazajistán,Rosas,1091.9,7.44,8123.74,2024-08-17,6
Exportador_01,Estados Unidos,Flores de verano,335.5,3.75,1258.12,2024-08-17,2
Exportador_04,Canadá,Rosas,1076.0,6.74,7252.24,2024-08-17,4
Exportador_05,Estados Unidos,Rosas,879.4,5.95,5232.43,2024-08-17,3
Exportador_05,Países Bajos,Rosas,869.3,6.72,5841.7,2024-08-17,5
Exportador_10,Estados Unidos,Rosas,2184.0,6.81,14873.04,2024-08-17,3
Exportador_10,España,Crisantemos,802.0,3.65,2927.3,2024-08-17,5
Exportador_13,Países Bajos,Crisantemos,375.0,3.46,1297.5,2024-08-17,6
Exportador_06,Estados Unidos,Rosas,699.8,6.79,4751.64,2024-08-18,3
Exportador_07,Kazajistán,Rosas,479.3,8.35,4002.15,2024-08-18,8
Exportador_11,Estados Unidos,Rosas,725.9,6.0,4355.4,2024-08-18,1
Exportador_03,Países Bajos,Claveles,250.6,3.88,972.33,2024-08-19,4
Exportador_04,Chile,Rosas,1873.3,6.02,11277.27,2024-08-19,3
Exportador_05,Estados Unidos,Rosas,530.0,6.12,3243.6,2024-08-19,1
Exportador_06,Japón,Gypsophila,380.6,6.17,2348.3,2024-08-19,7
Exportador_02,Estados Unidos,Rosas,697.5,5.88,4101.3,2024-08-20,2
Exportador_02,Canadá,Gypsophila,646.9,5.16,3338.0,2024-08-20,4
Exportador_02,Kazajistán,Hortensias,176.6,8.62,1522.29,2024-08-20,7
Exportador_04,Ucrania,Crisantemos,144.6,4.55,657.93,2024-08-20,6
Exportador_04,Países Bajos,Rosas,747.8,7.45,5571.11,2024-08-20,3
Exportador_04,Estados Unidos,Rosas,874.1,6.17,5393.2,2024-08-20,2
Exportador_05,Países Bajos,Rosas,590.8,6.7,3958.36,2024-08-20,4
Exportador_07,España,Rosas,1140.0,6.35,7239.0,2024-08-20,3
Exportador_01,Países Bajos,Rosas,1496.2,6.2,9276.44,2024-08-21,4
Exportador_03,Ucrania,Claveles,2552.8,5.12,13070.34,2024-08-21,7
Exportador_04,Japón,Rosas,427.5,7.94,3394.35,2024-08-21,5
Exportador_06,Estados Unidos,Rosas,533.4,6.21,3312.41,2024-08-21,2
Exportador_13,Rusia,Crisantemos,995.5,4.26,4240.83,2024-08-21,6
Exportador_01,Estados Unidos,Rosas,715.2,6.27,4484.3,2024-08-22,1
Exportador_01,Rusia,Rosas,1007.7,8.68,8746.84,2024-08-22,6
Exportador_03,Países Bajos,Rosas,1036.0,7.3,7562.8,2024-08-22,5
Exportador_04,Kazajistán,Rosas,580.3,10.63,6168.59,2024-08-22,8
Exportador_06,Estados Unidos,Rosas,1036.3,6.76,7005.39,2024-08-22,1
Exportador_07,Rusia,Rosas,1285.7,9.05,11635.59,2024-08-22,7
Exportador_09,Estados Unidos,Rosas,773.2,6.57,5079.92,2024-08-22,3
Exportador_11,Rusia,Rosas,1532.7,9.46,14499.34,2024-08-22,4
Exportador_14,Estados Unidos,Rosas,686.8,6.99,4800.73,2024-08-22,2
Exportador_14,Estados Unidos,Rosas,1228.5,5.89,7235.86,2024-08-22,3
Exportador_01,Rusia,Rosas,2395.2,9.08,21748.42,2024-08-23,7
Exportador_02,Ucrania,Rosas,978.4,8.84,8649.06,2024-08-23,5
Exportador_02,Estados Unidos,Rosas,1171.7,6.85,8026.14,2024-08-23,3
Exportador_04,Italia,Rosas,1725.4,7.47,12888.74,2024-08-23,4
Exportador_05,Rusia,Rosas,1081.5,10.07,10890.7,2024-08-23,7
Exportador_07,Rusia,Crisantemos,510.6,4.97,2537.68,2024-08-23,6
Exportador_07,Ucrania,Rosas,1815.5,9.62,17465.11,2024-08-23,8
Exportador_09,Estados Unidos,Rosas,622.1,6.53,4062.31,2024-08-23,2
Exportador_13,Países Bajos,Hortensias,517.3,6.72,3476.26,2024-08-23,4
Exportador_01,Estados Unidos,Claveles,295.7,3.86,1141.4,2024-08-24,1
Exportador_01,Estados Unidos,Rosas,559.9,6.91,3868.91,2024-08-24,1
Exportador_01,Rusia,Rosas,736.8,10.26,7559.57,2024-08-24,5
Exportador_02,Rusia,Rosas,3217.0,9.74,31333.58,2024-08-24,7
Exportador_03,Países Bajos,Gypsophila,858.8,4.77,4096.48,2024-08-24,6
Exportador_05,Países Bajos,Rosas,370.5,7.29,2700.95,2024-08-24,6
Exportador_06,Países Bajos,Rosas,1108.2,6.94,7690.91,2024-08-24,6
Exportador_07,Ucrania,Rosas,1055.7,8.2,8656.74,2024-08-24,4
Exportador_09,Rusia,Rosas,1319.6,10.13,13367.55,2024-08-24,6
Exportador_12,Kazajistán,Rosas,2207.2,10.43,23021.1,2024-08-24,8
Exportador_01,Estados Unidos,Rosas,270.5,6.31,1706.85,2024-08-25,2
Exportador_02,Kazajistán,Rosas,697.6,9.28,6473.73,2024-08-25,7
Exportador_02,Rusia,Rosas,803.2,8.48,6811.14,2024-08-25,5
Exportador_06,Estados Unidos,Hortensias,96.8,6.53,632.1,2024-08-25,2
Exportador_07,México,Crisantemos,413.6,2.88,1191.17,2024-08-25,2
Exportador_08,Rusia,Rosas,735.1,9.52,6998.15,2024-08-25,7
Exportador_13,Ucrania,Gypsophila,394.1,5.81,2289.72,2024-08-25,6
Exportador_13,Alemania,Gypsophila,844.4,5.18,4373.99,2024-08-25,6
Exportador_15,Chile,Rosas,850.5,6.32,5375.16,2024-08-25,2
Exportador_02,Kazajistán,Rosas,713.8,8.98,6409.92,2024-08-26,9
Exportador_02,Países Bajos,Crisantemos,1253.7,3.63,4550.93,2024-08-26,5
Exportador_03,Países Bajos,Rosas,464.6,6.95,3228.97,2024-08-26,3
Exportador_04,Estados Unidos,Flores de verano,165.4,3.73,616.94,2024-08-26,3
Exportador_10,Estados Unidos,Rosas,660.8,6.29,4156.43,2024-08-26,2
Exportador_01,Estados Unidos,Rosas,675.7,7.1,4797.47,2024-08-27,3
Exportador_01,Estados Unidos,Rosas,401.9,6.14,2467.67,2024-08-27,3
Exportador_02,España,Crisantemos,487.6,3.11,1516.44,2024-08-27,3
Exportador_04,Rusia,Crisantemos,863.1,4.77,4116.99,2024-08-27,7
Exportador_04,Italia,Gypsophila,308.2,4.56,1405.39,2024-08-27,5
Exportador_04,Rusia,Rosas,1218.1,8.44,10280.76,2024-08-27,6
Exportador_07,Estados Unidos,Rosas,506.5,6.28,3180.82,2024-08-27,3
Exportador_14,México,Rosas,1116.1,6.73,7511.35,2024-08-27,4
Exportador_15,Ucrania,Crisantemos,399.8,4.12,1647.18,2024-08-27,8
Exportador_01,Ucrania,Rosas,1409.2,8.8,12400.96,2024-08-28,6
Exportador_01,Países Bajos,Crisantemos,1017.2,3.57,3631.4,2024-08-28,6
Exportador_01,Rusia,Rosas,566.0,9.11,5156.26,2024-08-28,6
Exportador_04,Japón,Rosas,208.6,8.69,1812.73,2024-08-28,5
Exportador_05,Estados Unidos,Rosas,1191.3,7.11,8470.14,2024-08-28,2
Exportador_08,España,Rosas,826.3,6.49,5362.69,2024-08-28,5
Exportador_08,Japón,Flores de verano,561.1,5.26,2951.39,2024-08-28,5
Exportador_15,Italia,Rosas,864.3,6.96,6015.53,2024-08-28,5
Exportador_02,Estados Unidos,Gypsophila,1074.8,4.63,4976.32,2024-08-29,1
Exportador_03,Estados Unidos,Rosas,489.5,6.92,3387.34,2024-08-29,3
Exportador_03,Estados Unidos,Crisantemos,141.3,3.11,439.44,2024-08-29,2
Exportador_10,Países Bajos,Gypsophila,183.5,4.36,800.06,2024-08-29,6
Exportador_14,Estados Unidos,Rosas,1451.8,5.92,8594.66,2024-08-29,2
Exportador_01,Estados Unidos,Rosas,2422.9,6.08,14731.23,2024-08-30,1
Exportador_01,Rusia,Rosas,1271.3,8.64,10984.03,2024-08-30,6
Exportador_01,Rusia,Rosas,1168.6,10.07,11767.8,2024-08-30,5
Exportador_02,Rusia,Rosas,1744.2,9.18,16011.76,2024-08-30,4
Exportador_03,Rusia,Rosas,3434.2,9.97,34238.97,2024-08-30,6
Exportador_04,Estados Unidos,Gypsophila,374.4,4.8,1797.12,2024-08-30,1
Exportador_04,España,Rosas,375.7,6.27,2355.64,2024-08-30,5
Exportador_06,Rusia,Gypsophila,608.5,6.57,3997.85,2024-08-30,6
Exportador_07,Canadá,Rosas,503.1,6.98,3511.64,2024-08-30,2
Exportador_01,Kazajistán,Rosas,3573.6,10.35,36986.76,2024-08-31,8
Exportador_01,Rusia,Hortensias,510.3,7.83,3995.65,2024-08-31,6
Exportador_01,Italia,Rosas,4148.7,6.81,28252.65,2024-08-31,4
Exportador_01,Estados Unidos,Rosas,500.0,6.46,3230.0,2024-08-31,3
Exportador_01,Italia,Rosas,513.5,6.64,3409.64,2024-08-31,4
Exportador_02,Países Bajos,Rosas,590.7,6.97,4117.18,2024-08-31,6
Exportador_02,Rusia,Hortensias,461.5,8.57,3955.06,2024-08-31,4
Exportador_06,Estados Unidos,Rosas,630.3,6.12,3857.44,2024-08-31,2
Exportador_03,Rusia,Flores de verano,656.5,4.74,3111.81,2024-09-01,7
Exportador_13,Kazajistán,Rosas,811.8,7.94,6445.69,2024-09-01,8
Exportador_03,Kazajistán,Rosas,314.2,7.14,2243.39,2024-09-02,5
Exportador_07,Estados Unidos,Rosas,542.5,6.93,3759.52,2024-09-02,1
Exportador_07,Estados Unidos,Rosas,478.7,6.32,3025.38,2024-09-02,3
Exportador_07,Canadá,Rosas,746.0,6.67,4975.82,2024-09-02,3
Exportador_11,México,Gypsophila,674.0,4.1,2763.4,2024-09-02,2
Exportador_07,Estados Unidos,Rosas,475.4,6.3,2995.02,2024-09-03,2
Exportador_15,Estados Unidos,Rosas,2905.1,7.02,20393.8,2024-09-03,1
Exportador_01,Países Bajos,Claveles,243.6,4.1,998.76,2024-09-04,3
Exportador_01,Alemania,Gypsophila,344.8,4.8,1655.04,2024-09-04,3
Exportador_01,Canadá,Rosas,585.3,6.81,3985.89,2024-09-04,3
Exportador_01,Estados Unidos,Rosas,562.7,6.24,3511.25,2024-09-04,3
Exportador_02,Estados Unidos,Rosas,623.0,6.59,4105.57,2024-09-04,1
Exportador_03,Estados Unidos,Rosas,2603.9,7.1,18487.69,2024-09-04,2
Exportador_04,Estados Unidos,Hortensias,218.8,5.95,1301.86,2024-09-04,3
Exportador_13,Ucrania,Rosas,597.3,7.64,4563.37,2024-09-04,4
Exportador_01,Estados Unidos,Rosas,406.7,6.99,2842.83,2024-09-05,1
Exportador_01,Estados Unidos,Rosas,308.2,6.05,1864.61,2024-09-05,3
Exportador_02,Estados Unidos,Rosas,680.6,6.07,4131.24,2024-09-05,3
Exportador_02,Rusia,Rosas,506.2,7.89,3993.92,2024-09-05,5
Exportador_03,Canadá,Rosas,697.5,6.3,4394.25,2024-09-05,4
Exportador_04,Países Bajos,Rosas,325.8,6.56,2137.25,2024-09-05,3
Exportador_05,Ucrania,Rosas,828.8,7.21,5975.65,2024-09-05,8
Exportador_05,Estados Unidos,Claveles,753.7,3.53,2660.56,2024-09-05,1
Exportador_07,Rusia,Rosas,839.8,7.46,6264.91,2024-09-05,7
Exportador_01,Estados Unidos,Rosas,719.8,6.89,4959.42,2024-09-06,3
Exportador_01,Alemania,Rosas,614.7,7.06,4339.78,2024-09-06,3
Exportador_02,Estados Unidos,Claveles,1600.8,3.29,5266.63,2024-09-06,2
Exportador_02,Japón,Rosas,1461.6,7.43,10859.69,2024-09-06,5
Exportador_03,Países Bajos,Flores de verano,206.4,4.14,854.5,2024-09-06,3
Exportador_05,Países Bajos,Rosas,2071.3,6.17,12779.92,2024-09-06,6
Exportador_06,Japón,Rosas,1442.1,8.83,12733.74,2024-09-06,5
Exportador_10,México,Rosas,542.0,6.49,3517.58,2024-09-06,4
Exportador_01,Estados Unidos,Rosas,1360.6,6.86,9333.72,2024-09-07,2
Exportador_01,Rusia,Hortensias,197.4,6.4,1263.36,2024-09-07,7
Exportador_01,Rusia,Rosas,930.2,6.81,6334.66,2024-09-07,7
Exportador_01,Rusia,Claveles,941.3,3.81,3586.35,2024-09-07,4
Exportador_02,Kazajistán,Rosas,1138.4,8.5,9676.4,2024-09-07,6
Exportador_04,Rusia,Rosas,1000.7,7.63,7635.34,2024-09-07,4
Exportador_04,Kazajistán,Rosas,1832.5,7.48,13707.1,2024-09-07,5
Exportador_08,Estados Unidos,Rosas,689.1,6.04,4162.16,2024-09-07,3
Exportador_10,Estados Unidos,Rosas,674.7,6.51,4392.3,2024-09-07,3
Exportador_12,Estados Unidos,Rosas,1812.2,6.34,11489.35,2024-09-07,2
Exportador_13,Canadá,Rosas,1018.8,6.89,7019.53,2024-09-07,3
Exportador_01,México,Crisantemos,751.5,3.01,2262.01,2024-09-08,3
Exportador_03,Kazajistán,Rosas,375.0,8.41,3153.75,2024-09-08,6
Exportador_04,Estados Unidos,Rosas,800.1,6.55,5240.65,2024-09-08,2
Exportador_08,Países Bajos,Gypsophila,524.6,5.0,2623.0,2024-09-08,4
Exportador_11,Países Bajos,Rosas,296.2,6.78,2008.24,2024-09-08,4
Exportador_13,Italia,Rosas,1409.6,7.41,10445.14,2024-09-08,6
Exportador_02,Rusia,Rosas,920.6,7.38,6794.03,2024-09-09,7
Exportador_03,Estados Unidos,Rosas,2911.0,6.54,19037.94,2024-09-09,2
Exportador_12,Estados Unidos,Rosas,492.9,7.01,3455.23,2024-09-09,1
Exportador_01,Italia,Rosas,505.9,6.6,3338.94,2024-09-10,4
Exportador_01,Países Bajos,Flores de verano,461.3,4.47,2062.01,2024-09-10,4
Exportador_04,Estados Unidos,Claveles,346.2,3.7,1280.94,2024-09-10,2
Exportador_08,Países Bajos,Rosas,532.7,7.36,3920.67,2024-09-10,3
Exportador_13,Estados Unidos,Rosas,318.8,7.09,2260.29,2024-09-10,1
Exportador_01,Países Bajos,Rosas,466.2,7.26,3384.61,2024-09-11,5
Exportador_03,Estados Unidos,Rosas,878.0,6.86,6023.08,2024-09-11,1
Exportador_04,Estados Unidos,Rosas,1131.8,6.68,7560.42,2024-09-11,3
Exportador_08,Rusia,Rosas,606.0,7.33,4441.98,2024-09-11,7
Exportador_01,Países Bajos,Rosas,577.6,7.25,4187.6,2024-09-12,5
Exportador_01,Kazajistán,Crisantemos,408.6,3.89,1589.45,2024-09-12,6
Exportador_02,Japón,Rosas,1385.6,8.87,12290.27,2024-09-12,5
Exportador_02,Estados Unidos,Rosas,800.5,6.41,5131.2,2024-09-12,3
Exportador_06,Países Bajos,Rosas,259.7,6.71,1742.59,2024-09-12,4
Exportador_11,Estados Unidos,Rosas,867.3,6.8,5897.64,2024-09-12,3
Exportador_01,Ucrania,Rosas,667.7,7.56,5047.81,2024-09-13,6
Exportador_01,Estados Unidos,Rosas,1495.6,6.43,9616.71,2024-09-13,3
Exportador_01,Italia,Rosas,499.4,6.28,3136.23,2024-09-13,3
Exportador_03,Estados Unidos,Rosas,732.6,6.2,4542.12,2024-09-13,3
Exportador_04,Rusia,Rosas,1522.0,7.15,10882.3,2024-09-13,7
Exportador_13,Rusia,Crisantemos,438.1,3.41,1493.92,2024-09-13,6
Exportador_01,Países Bajos,Crisantemos,528.4,3.35,1770.14,2024-09-14,5
Exportador_01,Rusia,Claveles,188.8,3.84,724.99,2024-09-14,7
Exportador_01,México,Rosas,633.5,5.56,3522.26,2024-09-14,4
Exportador_02,Canadá,Rosas,858.5,6.53,5606.01,2024-09-14,4
Exportador_03,Italia,Rosas,1395.1,7.36,10267.94,2024-09-14,5
Exportador_04,Estados Unidos,Rosas,731.5,6.0,4389.0,2024-09-14,2
Exportador_10,Estados Unidos,Rosas,734.0,6.15,4514.1,2024-09-14,1
Exportador_11,Rusia,Flores de verano,785.7,4.8,3771.36,2024-09-14,5
Exportador_11,Estados Unidos,Rosas,170.7,6.29,1073.7,2024-09-14,1
Exportador_01,Estados Unidos,Flores de verano,2042.9,3.92,8008.17,2024-09-15,2
Exportador_01,Estados Unidos,Gypsophila,618.2,4.51,2788.08,2024-09-15,2
Exportador_01,México,Rosas,502.9,6.66,3349.31,2024-09-15,4
Exportador_04,Países Bajos,Claveles,659.1,4.05,2669.36,2024-09-15,4
Exportador_05,Canadá,Gypsophila,537.3,4.44,2385.61,2024-09-15,4
Exportador_10,Estados Unidos,Gypsophila,329.9,4.78,1576.92,2024-09-15,2
Exportador_10,Países Bajos,Rosas,728.9,6.8,4956.52,2024-09-15,3
Exportador_10,Estados Unidos,Rosas,1168.9,7.03,8217.37,2024-09-15,1
Exportador_14,Estados Unidos,Rosas,663.4,6.12,4060.01,2024-09-15,2
Exportador_01,Italia,Gypsophila,350.3,4.4,1541.32,2024-09-16,3
Exportador_04,México,Rosas,822.5,6.51,5354.47,2024-09-16,4
Exportador_06,Países Bajos,Rosas,1202.8,7.09,8527.85,2024-09-16,6
Exportador_08,Estados Unidos,Claveles,286.0,3.25,929.5,2024-09-16,1
Exportador_01,Ucrania,Gypsophila,756.4,5.4,4084.56,2024-09-17,4
Exportador_09,Estados Unidos,Claveles,120.1,3.29,395.13,2024-09-17,1
Exportador_09,Rusia,Rosas,1265.6,7.51,9504.66,2024-09-17,7
Exportador_01,Japón,Rosas,1128.3,7.98,9003.83,2024-09-18,6
Exportador_01,Ucrania,Rosas,676.8,7.77,5258.74,2024-09-18,6
Exportador_02,Estados Unidos,Flores de verano,625.6,3.95,2471.12,2024-09-18,2
Exportador_02,Estados Unidos,Rosas,779.1,6.23,4853.79,2024-09-18,3
Exportador_02,Estados Unidos,Rosas,811.7,5.86,4756.56,2024-09-18,2
Exportador_03,Estados Unidos,Rosas,811.8,7.12,5780.02,2024-09-18,2
Exportador_04,Estados Unidos,Rosas,899.3,6.57,5908.4,2024-09-18,3
Exportador_07,Estados Unidos,Rosas,1409.6,6.28,8852.29,2024-09-18,3
Exportador_08,Alemania,Rosas,701.3,7.6,5329.88,2024-09-18,3
Exportador_15,Ucrania,Rosas,338.8,7.59,2571.49,2024-09-18,8
Exportador_01,Rusia,Rosas,961.7,7.24,6962.71,2024-09-19,5
Exportador_01,Alemania,Flores de verano,539.8,4.49,2423.7,2024-09-19,4
Exportador_01,Rusia,Rosas,237.3,6.75,1601.78,2024-09-19,7
Exportador_03,Rusia,Hortensias,198.8,7.31,1453.23,2024-09-19,5
Exportador_04,Estados Unidos,Rosas,887.4,6.87,6096.44,2024-09-19,2
Exportador_10,Japón,Flores de verano,241.0,5.0,1205.0,2024-09-19,8
Exportador_01,Estados Unidos,Rosas,3259.2,6.82,22227.74,2024-09-20,3
Exportador_02,Estados Unidos,Rosas,449.4,6.76,3037.94,2024-09-20,3
Exportador_15,Estados Unidos,Claveles,611.2,3.77,2304.22,2024-09-20,2
Exportador_02,Estados Unidos,Gypsophila,298.6,4.25,1269.05,2024-09-21,2
Exportador_02,Kazajistán,Rosas,465.4,7.1,3304.34,2024-09-21,5
Exportador_02,Italia,Crisantemos,398.1,3.42,1361.5,2024-09-21,6
Exportador_06,México,Rosas,882.0,6.17,5441.94,2024-09-21,2
Exportador_08,Japón,Gypsophila,266.4,6.06,1614.38,2024-09-21,5
Exportador_08,Estados Unidos,Rosas,821.8,6.99,5744.38,2024-09-21,2
Exportador_10,Kazajistán,Rosas,2461.1,7.8,19196.58,2024-09-21,8
Exportador_14,Estados Unidos,Rosas,1332.0,5.99,7978.68,2024-09-21,1
Exportador_15,Países Bajos,Rosas,604.8,7.36,4451.33,2024-09-21,4
Exportador_15,Japón,Rosas,1116.4,8.58,9578.71,2024-09-21,8
Exportador_04,Rusia,Rosas,1106.5,6.84,7568.46,2024-09-22,4
Exportador_04,Países Bajos,Claveles,735.2,4.13,3036.38,2024-09-22,3
Exportador_10,Países Bajos,Rosas,1349.7,6.65,8975.51,2024-09-22,5
Exportador_01,Estados Unidos,Rosas,408.1,6.26,2554.71,2024-09-23,2
Exportador_01,Estados Unidos,Rosas,279.9,6.37,1782.96,2024-09-23,3
Exportador_01,Rusia,Rosas,1456.9,7.83,11407.53,2024-09-23,4
Exportador_02,Estados Unidos,Gypsophila,930.9,4.41,4105.27,2024-09-23,3
Exportador_02,Rusia,Gypsophila,1272.6,5.62,7152.01,2024-09-23,6
Exportador_04,Rusia,Flores de verano,1523.3,4.27,6504.49,2024-09-23,5
Exportador_06,Estados Unidos,Rosas,1692.3,6.05,10238.41,2024-09-23,3
Exportador_10,Estados Unidos,Rosas,539.8,6.4,3454.72,2024-09-23,3
Exportador_10,Estados Unidos,Flores de verano,305.2,4.08,1245.22,2024-09-23,2
Exportador_14,Rusia,Rosas,1039.0,7.49,7782.11,2024-09-23,4
Exportador_01,Kazajistán,Rosas,1324.8,8.5,11260.8,2024-09-24,7
Exportador_01,Estados Unidos,Rosas,731.5,6.88,5032.72,2024-09-24,2
Exportador_02,Estados Unidos,Rosas,482.0,6.61,3186.02,2024-09-24,1
Exportador_02,Rusia,Rosas,1325.4,6.86,9092.24,2024-09-24,7
Exportador_03,Estados Unidos,Rosas,787.8,6.47,5097.07,2024-09-24,3
Exportador_04,Estados Unidos,Rosas,858.5,5.95,5108.07,2024-09-24,2
Exportador_13,Canadá,Rosas,470.2,6.49,3051.6,2024-09-24,4
Exportador_15,Estados Unidos,Rosas,911.2,6.49,5913.69,2024-09-24,3
Exportador_01,Rusia,Rosas,743.4,7.5,5575.5,2024-09-25,6
Exportador_01,España,Rosas,999.3,6.73,6725.29,2024-09-25,4
Exportador_04,Rusia,Rosas,557.6,7.19,4009.14,2024-09-25,4
Exportador_04,Ucrania,Claveles,552.1,4.01,2213.92,2024-09-25,7
Exportador_01,Estados Unidos,Rosas,955.4,6.51,6219.65,2024-09-26,3
Exportador_07,Chile,Rosas,422.5,6.76,2856.1,2024-09-26,4
Exportador_10,México,Rosas,1467.0,6.72,9858.24,2024-09-26,3
Exportador_01,Estados Unidos,Rosas,2622.6,7.03,18436.88,2024-09-27,1
Exportador_01,Estados Unidos,Rosas,2011.1,6.25,12569.38,2024-09-27,3
Exportador_02,Estados Unidos,Rosas,661.6,7.07,4677.51,2024-09-27,2
Exportador_02,Chile,Rosas,978.8,5.95,5823.86,2024-09-27,3
Exportador_08,Rusia,Rosas,1378.2,7.52,10364.06,2024-09-27,4
Exportador_10,Japón,Rosas,3035.9,8.04,24408.64,2024-09-27,5
Exportador_14,Canadá,Rosas,3744.8,6.47,24228.86,2024-09-27,2
Exportador_01,Estados Unidos,Rosas,712.9,7.05,5025.94,2024-09-28,1
Exportador_04,Japón,Rosas,259.7,7.5,1947.75,2024-09-28,5
Exportador_06,Canadá,Rosas,2887.6,6.5,18769.4,2024-09-28,2
Exportador_11,Chile,Rosas,731.4,6.22,4549.31,2024-09-28,4
Exportador_11,Estados Unidos,Crisantemos,497.4,3.31,1646.39,2024-09-28,3
Exportador_13,Estados Unidos,Gypsophila,686.6,4.1,2815.06,2024-09-28,2
Exportador_01,Canadá,Rosas,658.1,6.77,4455.34,2024-09-29,2
Exportador_01,Países Bajos,Rosas,3353.9,6.65,22303.44,2024-09-29,6
Exportador_02,Rusia,Rosas,716.0,7.76,5556.16,2024-09-29,6
Exportador_03,Rusia,Rosas,752.1,7.76,5836.3,2024-09-29,4
Exportador_06,España,Rosas,1551.5,6.25,9696.88,2024-09-29,4
Exportador_07,Estados Unidos,Gypsophila,266.1,4.4,1170.84,2024-09-29,3
Exportador_09,Canadá,Claveles,434.9,3.87,1683.06,2024-09-29,3
Exportador_09,España,Rosas,954.8,6.29,6005.69,2024-09-29,6
Exportador_09,Países Bajos,Rosas,2915.0,7.38,21512.7,2024-09-29,4
Exportador_11,Chile,Rosas,1371.8,6.49,8902.98,2024-09-29,2
Exportador_11,Italia,Gypsophila,461.5,4.61,2127.52,2024-09-29,5
Exportador_01,Estados Unidos,Rosas,954.8,7.09,6769.53,2024-09-30,1
Exportador_04,Kazajistán,Rosas,819.0,7.72,6322.68,2024-09-30,5
Exportador_04,España,Rosas,1398.3,6.78,9480.47,2024-09-30,4
Exportador_14,Estados Unidos,Rosas,345.6,5.92,2045.95,2024-09-30,1
Exportador_04,Estados Unidos,Rosas,408.8,5.92,2420.1,2024-10-01,3
Exportador_11,Estados Unidos,Gypsophila,190.9,4.74,904.87,2024-10-01,2
Exportador_14,Estados Unidos,Gypsophila,640.8,4.74,3037.39,2024-10-01,3
Exportador_01,Estados Unidos,Claveles,375.2,3.5,1313.2,2024-10-02,2
Exportador_03,Estados Unidos,Rosas,955.2,6.83,6524.02,2024-10-02,3
Exportador_03,Estados Unidos,Rosas,2955.4,6.02,17791.51,2024-10-02,3
Exportador_05,Estados Unidos,Hortensias,143.3,5.66,811.08,2024-10-02,1
Exportador_05,Canadá,Claveles,217.1,3.77,818.47,2024-10-02,4
Exportador_07,Chile,Rosas,655.2,6.6,4324.32,2024-10-02,4
Exportador_12,Estados Unidos,Rosas,381.8,6.21,2370.98,2024-10-02,1
Exportador_14,Rusia,Rosas,582.5,8.04,4683.3,2024-10-02,5
Exportador_01,Estados Unidos,Rosas,556.1,7.03,3909.38,2024-10-03,2
Exportador_01,Italia,Rosas,1247.0,7.12,8878.64,2024-10-03,4
Exportador_01,Estados Unidos,Rosas,228.7,7.04,1610.05,2024-10-03,1
Exportador_05,Alemania,Rosas,1223.8,7.5,9178.5,2024-10-03,3
Exportador_07,Estados Unidos,Rosas,948.9,6.89,6537.92,2024-10-03,2
Exportador_11,Estados Unidos,Gypsophila,179.0,4.95,886.05,2024-10-03,1
Exportador_12,Rusia,Hortensias,110.4,6.38,704.35,2024-10-03,6
Exportador_01,España,Crisantemos,462.0,3.3,1524.6,2024-10-04,3
Exportador_05,Estados Unidos,Rosas,903.7,6.91,6244.57,2024-10-04,3
Exportador_07,Japón,Claveles,422.3,4.42,1866.57,2024-10-04,6
Exportador_09,Estados Unidos,Hortensias,300.6,5.48,1647.29,2024-10-04,2
Exportador_10,Rusia,Claveles,225.2,3.95,889.54,2024-10-04,7
Exportador_12,Chile,Flores de verano,1090.4,3.74,4078.1,2024-10-04,4
Exportador_01,Países Bajos,Rosas,2704.5,7.02,18985.59,2024-10-05,4
Exportador_01,España,Rosas,1489.2,6.44,9590.45,2024-10-05,5
Exportador_06,Países Bajos,Rosas,880.2,6.83,6011.77,2024-10-05,6
Exportador_11,Rusia,Rosas,675.1,7.14,4820.21,2024-10-05,7
Exportador_01,Alemania,Hortensias,217.2,6.9,1498.68,2024-10-06,6
Exportador_01,Estados Unidos,Rosas,1339.3,6.93,9281.35,2024-10-06,2
Exportador_01,Estados Unidos,Rosas,348.2,6.88,2395.62,2024-10-06,1
Exportador_02,Japón,Rosas,2262.5,7.76,17557.0,2024-10-06,6
Exportador_02,Estados Unidos,Crisantemos,312.6,3.3,1031.58,2024-10-06,1
Exportador_09,Estados Unidos,Gypsophila,671.5,4.7,3156.05,2024-10-06,1
Exportador_11,Estados Unidos,Rosas,1845.7,6.33,11683.28,2024-10-06,1
Exportador_01,Estados Unidos,Rosas,1516.0,6.85,10384.6,2024-10-07,3
Exportador_01,Estados Unidos,Rosas,574.6,6.83,3924.52,2024-10-07,3
Exportador_05,Kazajistán,Gypsophila,136.0,5.14,699.04,2024-10-07,6
Exportador_05,Estados Unidos,Claveles,244.8,3.53,864.14,2024-10-07,3
Exportador_06,Italia,Claveles,690.9,3.66,2528.69,2024-10-07,4
Exportador_12,Países Bajos,Rosas,1135.8,7.02,7973.32,2024-10-07,6
Exportador_01,Estados Unidos,Rosas,1466.8,5.96,8742.13,2024-10-08,2
Exportador_03,Estados Unidos,Rosas,544.9,6.54,3563.65,2024-10-08,3
Exportador_07,Canadá,Rosas,660.8,7.27,4804.02,2024-10-08,3
Exportador_01,Italia,Rosas,836.5,6.98,5838.77,2024-10-09,4
Exportador_02,Rusia,Rosas,1329.0,6.95,9236.55,2024-10-09,7
Exportador_05,Italia,Rosas,1208.0,7.02,8480.16,2024-10-09,3
Exportador_06,España,Gypsophila,255.4,4.38,1118.65,2024-10-09,5
Exportador_12,Rusia,Flores de verano,379.3,4.97,1885.12,2024-10-09,5
Exportador_15,Chile,Rosas,678.6,6.36,4315.9,2024-10-09,4
Exportador_01,Ucrania,Rosas,973.5,7.7,7495.95,2024-10-10,4
Exportador_03,Estados Unidos,Rosas,599.7,6.43,3856.07,2024-10-10,2
Exportador_05,Canadá,Rosas,2011.9,7.26,14606.39,2024-10-10,2
Exportador_08,Japón,Hortensias,299.8,7.94,2380.41,2024-10-10,8
Exportador_08,Rusia,Rosas,1189.3,7.93,9431.15,2024-10-10,6
Exportador_09,Estados Unidos,Gypsophila,321.1,4.56,1464.22,2024-10-10,1
Exportador_01,Estados Unidos,Rosas,541.1,5.99,3241.19,2024-10-11,1
Exportador_01,Estados Unidos,Rosas,660.2,6.59,4350.72,2024-10-11,1
Exportador_01,Italia,Hortensias,801.2,5.9,4727.08,2024-10-11,6
Exportador_02,Italia,Flores de verano,524.2,4.71,2468.98,2024-10-11,5
Exportador_03,Rusia,Rosas,761.2,7.53,5731.84,2024-10-11,7
Exportador_04,Estados Unidos,Rosas,766.5,6.56,5028.24,2024-10-11,3
Exportador_07,Países Bajos,Claveles,149.0,3.48,518.52,2024-10-11,5
Exportador_14,Chile,Rosas,636.1,6.58,4185.54,2024-10-11,4
Exportador_01,Kazajistán,Rosas,922.3,8.17,7535.19,2024-10-12,7
Exportador_02,Estados Unidos,Rosas,949.6,6.09,5783.06,2024-10-12,1
Exportador_02,Rusia,Rosas,809.7,6.83,5530.25,2024-10-12,7
Exportador_03,Países Bajos,Gypsophila,243.5,4.91,1195.59,2024-10-12,5
Exportador_04,Canadá,Rosas,1176.2,7.35,8645.07,2024-10-12,2
Exportador_06,México,Rosas,1141.5,6.12,6985.98,2024-10-12,3
Exportador_09,Estados Unidos,Rosas,2189.8,6.91,15131.52,2024-10-12,3
Exportador_15,Estados Unidos,Claveles,310.4,3.56,1105.02,2024-10-12,3
Exportador_01,Canadá,Rosas,1121.7,7.09,7952.85,2024-10-13,3
Exportador_02,Estados Unidos,Rosas,1067.8,6.82,7282.4,2024-10-13,3
Exportador_04,Países Bajos,Crisantemos,747.3,3.15,2353.99,2024-10-13,4
Exportador_05,Rusia,Rosas,1336.7,6.99,9343.53,2024-10-13,7
Exportador_06,Alemania,Rosas,1162.7,6.6,7673.82,2024-10-13,5
Exportador_07,Estados Unidos,Rosas,1610.9,5.98,9633.18,2024-10-13,1
Exportador_15,Estados Unidos,Rosas,348.3,6.14,2138.56,2024-10-13,3
Exportador_01,Rusia,Rosas,1107.8,7.35,8142.33,2024-10-14,4
Exportador_01,Rusia,Rosas,1310.7,7.49,9817.14,2024-10-14,6
Exportador_01,Italia,Flores de verano,1117.6,4.08,4559.81,2024-10-14,3
Exportador_04,Estados Unidos,Gypsophila,807.7,4.7,3796.19,2024-10-14,2
Exportador_09,Rusia,Rosas,418.7,7.54,3157.0,2024-10-14,7
Exportador_14,Estados Unidos,Rosas,560.6,5.98,3352.39,2024-10-14,3
Exportador_15,Japón,Rosas,939.2,7.89,7410.29,2024-10-14,5
Exportador_02,Rusia,Rosas,319.0,7.67,2446.73,2024-10-15,7
Exportador_02,Alemania,Rosas,677.3,6.56,4443.09,2024-10-15,6
Exportador_05,Estados Unidos,Rosas,297.3,6.62,1968.13,2024-10-15,3
Exportador_07,Países Bajos,Rosas,773.6,7.14,5523.5,2024-10-15,5
Exportador_07,Rusia,Rosas,604.3,7.32,4423.48,2024-10-15,4
Exportador_09,Italia,Gypsophila,781.4,4.45,3477.23,2024-10-15,4
Exportador_13,Canadá,Rosas,1546.7,6.76,10455.69,2024-10-15,4
Exportador_02,Estados Unidos,Rosas,648.7,6.59,4274.93,2024-10-16,2
Exportador_02,Estados Unidos,Claveles,401.4,3.67,1473.14,2024-10-16,1
Exportador_04,Estados Unidos,Rosas,1176.3,6.04,7104.85,2024-10-16,3
Exportador_06,Estados Unidos,Rosas,261.2,6.49,1695.19,2024-10-16,1
Exportador_09,Ucrania,Rosas,1288.2,6.9,8888.58,2024-10-16,8
Exportador_01,México,Rosas,794.6,5.86,4656.36,2024-10-17,3
Exportador_02,Estados Unidos,Claveles,587.0,3.62,2124.94,2024-10-17,3
Exportador_04,Países Bajos,Rosas,1081.6,7.39,7993.02,2024-10-17,4
Exportador_07,Estados Unidos,Gypsophila,478.7,4.35,2082.34,2024-10-17,1
Exportador_09,Japón,Rosas,2127.7,8.72,18553.54,2024-10-17,5
Exportador_10,Estados Unidos,Rosas,1215.7,6.0,7294.2,2024-10-17,1
Exportador_14,Japón,Flores de verano,160.8,5.46,877.97,2024-10-17,5
Exportador_01,Estados Unidos,Rosas,895.7,6.08,5445.86,2024-10-18,1
Exportador_01,Estados Unidos,Gypsophila,409.5,4.14,1695.33,2024-10-18,1
Exportador_03,Japón,Hortensias,179.0,8.07,1444.53,2024-10-18,5
Exportador_07,México,Rosas,516.5,6.21,3207.47,2024-10-18,3
Exportador_07,Kazajistán,Rosas,963.7,7.18,6919.37,2024-10-18,7
Exportador_01,Estados Unidos,Rosas,1399.3,7.11,9949.02,2024-10-19,2
Exportador_01,Alemania,Rosas,1053.9,6.63,6987.36,2024-10-19,6
Exportador_01,Rusia,Rosas,670.6,7.63,5116.68,2024-10-19,6
Exportador_02,Canadá,Rosas,988.3,6.56,6483.25,2024-10-19,2
Exportador_03,Kazajistán,Rosas,764.6,7.23,5528.06,2024-10-19,9
Exportador_10,España,Rosas,313.0,7.23,2262.99,2024-10-19,4
Exportador_11,Rusia,Rosas,314.7,8.11,2552.22,2024-10-19,4
Exportador_12,Alemania,Gypsophila,397.1,4.81,1910.05,2024-10-19,6
Exportador_01,Estados Unidos,Rosas,764.7,6.67,5100.55,2024-10-20,1
Exportador_01,Estados Unidos,Rosas,1836.0,6.74,12374.64,2024-10-20,3
Exportador_03,Rusia,Flores de verano,320.3,5.12,1639.94,2024-10-20,7
Exportador_03,Alemania,Rosas,1491.9,7.66,11427.95,2024-10-20,3
Exportador_05,Estados Unidos,Rosas,757.2,7.01,5307.97,2024-10-20,3
Exportador_09,Estados Unidos,Rosas,2284.9,6.99,15971.45,2024-10-20,1
Exportador_14,Japón,Rosas,1395.5,8.79,12266.44,2024-10-20,7
Exportador_15,Estados Unidos,Rosas,463.7,6.81,3157.8,2024-10-20,2
Exportador_01,Kazajistán,Gypsophila,533.5,5.5,2934.25,2024-10-21,9
Exportador_02,Estados Unidos,Rosas,1136.6,6.04,6865.06,2024-10-21,3
Exportador_04,Países Bajos,Rosas,578.5,6.43,3719.75,2024-10-21,3
Exportador_06,Estados Unidos,Rosas,740.3,6.9,5108.07,2024-10-21,2
Exportador_15,Estados Unidos,Rosas,469.4,5.89,2764.77,2024-10-21,1
Exportador_01,Estados Unidos,Crisantemos,316.1,3.25,1027.33,2024-10-22,2
Exportador_03,Canadá,Rosas,641.5,7.34,4708.61,2024-10-22,4
Exportador_04,Rusia,Rosas,745.7,7.85,5853.74,2024-10-22,5
Exportador_10,Estados Unidos,Rosas,1788.7,5.95,10642.77,2024-10-22,2
Exportador_10,Estados Unidos,Rosas,1737.2,6.17,10718.52,2024-10-22,1
Exportador_13,Países Bajos,Rosas,1391.6,6.25,8697.5,2024-10-22,6
Exportador_01,Kazajistán,Gypsophila,327.0,5.41,1769.07,2024-10-23,9
Exportador_01,Rusia,Rosas,1050.2,7.96,8359.59,2024-10-23,6
Exportador_01,Rusia,Rosas,982.8,7.24,7115.47,2024-10-23,5
Exportador_04,Estados Unidos,Rosas,561.3,6.4,3592.32,2024-10-23,3
Exportador_01,Alemania,Rosas,275.8,6.52,1798.22,2024-10-24,3
Exportador_01,Estados Unidos,Rosas,604.8,5.9,3568.32,2024-10-24,2
Exportador_02,Estados Unidos,Gypsophila,932.1,4.18,3896.18,2024-10-24,1
Exportador_06,Estados Unidos,Claveles,350.2,3.92,1372.78,2024-10-24,1
Exportador_09,Países Bajos,Rosas,514.2,6.92,3558.26,2024-10-24,6
Exportador_10,Estados Unidos,Hortensias,446.9,5.41,2417.73,2024-10-24,3
Exportador_10,Estados Unidos,Rosas,530.4,6.42,3405.17,2024-10-24,1
Exportador_01,Rusia,Rosas,650.2,6.96,4525.39,2024-10-25,4
Exportador_01,Estados Unidos,Rosas,965.4,6.05,5840.67,2024-10-25,1
Exportador_02,Rusia,Gypsophila,218.4,5.26,1148.78,2024-10-25,5
Exportador_02,México,Rosas,1562.5,6.5,10156.25,2024-10-25,2
Exportador_05,Japón,Rosas,798.9,7.71,6159.52,2024-10-25,7
Exportador_09,Rusia,Rosas,1643.1,7.85,12898.33,2024-10-25,7
Exportador_01,Estados Unidos,Flores de verano,683.2,4.01,2739.63,2024-10-26,1
Exportador_04,España,Gypsophila,336.0,5.08,1706.88,2024-10-26,5
Exportador_05,Estados Unidos,Hortensias,80.4,6.28,504.91,2024-10-26,2
Exportador_05,Estados Unidos,Rosas,670.9,7.01,4703.01,2024-10-26,2
Exportador_06,España,Gypsophila,794.4,4.94,3924.34,2024-10-26,3
Exportador_11,Estados Unidos,Rosas,610.6,6.73,4109.34,2024-10-26,2
Exportador_12,Países Bajos,Rosas,2236.4,6.22,13910.41,2024-10-26,5
Exportador_13,Japón,Crisantemos,391.8,4.18,1637.72,2024-10-26,5
Exportador_03,Estados Unidos,Rosas,616.0,6.35,3911.6,2024-10-27,3
Exportador_01,Rusia,Rosas,251.0,7.85,1970.35,2024-10-28,4
Exportador_01,Rusia,Rosas,1116.6,6.87,7671.04,2024-10-28,6
Exportador_02,Estados Unidos,Rosas,1332.0,7.04,9377.28,2024-10-28,2
Exportador_03,Estados Unidos,Claveles,1382.3,3.71,5128.33,2024-10-28,1
Exportador_04,Estados Unidos,Gypsophila,683.6,4.4,3007.84,2024-10-28,2
Exportador_01,Rusia,Gypsophila,662.4,4.98,3298.75,2024-10-29,7
Exportador_01,Italia,Rosas,534.9,7.19,3845.93,2024-10-29,3
Exportador_01,Italia,Rosas,1329.6,6.88,9147.65,2024-10-29,4
Exportador_02,Países Bajos,Rosas,1662.9,7.19,11956.25,2024-10-29,4
Exportador_02,Estados Unidos,Rosas,739.3,6.62,4894.17,2024-10-29,1
Exportador_02,Estados Unidos,Rosas,1710.7,6.73,11513.01,2024-10-29,2
Exportador_04,Ucrania,Rosas,2018.7,7.73,15604.55,2024-10-29,7
Exportador_12,Estados Unidos,Rosas,475.8,6.71,3192.62,2024-10-29,1
Exportador_14,Alemania,Rosas,609.3,7.03,4283.38,2024-10-29,3
Exportador_01,Canadá,Rosas,1315.7,6.63,8723.09,2024-10-30,2
Exportador_01,Estados Unidos,Rosas,770.8,6.43,4956.24,2024-10-30,1
Exportador_03,Italia,Rosas,994.1,6.37,6332.42,2024-10-30,4
Exportador_04,Canadá,Rosas,458.3,6.78,3107.27,2024-10-30,3
Exportador_08,Alemania,Hortensias,881.3,6.74,5939.96,2024-10-30,3
Exportador_09,Estados Unidos,Gypsophila,240.9,4.63,1115.37,2024-10-30,1
Exportador_09,Ucrania,Rosas,752.6,6.59,4959.63,2024-10-30,7
Exportador_11,Estados Unidos,Rosas,436.8,7.13,3114.38,2024-10-30,3
Exportador_01,Estados Unidos,Rosas,773.7,6.94,5369.48,2024-10-31,2
Exportador_01,Estados Unidos,Rosas,923.9,6.59,6088.5,2024-10-31,2
Exportador_02,Kazajistán,Rosas,710.2,8.13,5773.93,2024-10-31,5
Exportador_04,Estados Unidos,Rosas,659.9,6.62,4368.54,2024-10-31,2
Exportador_05,Alemania,Hortensias,301.7,6.12,1846.4,2024-10-31,6
Exportador_06,Estados Unidos,Rosas,917.4,6.31,5788.79,2024-10-31,2
Exportador_13,Canadá,Gypsophila,645.5,4.71,3040.3,2024-10-31,4
Exportador_01,Estados Unidos,Rosas,503.2,5.98,3009.14,2024-11-01,3
Exportador_04,Estados Unidos,Rosas,1759.2,6.87,12085.7,2024-11-01,2
Exportador_04,Estados Unidos,Rosas,662.1,6.71,4442.69,2024-11-02,1
Exportador_04,España,Gypsophila,291.6,4.54,1323.86,2024-11-02,4
Exportador_05,Estados Unidos,Rosas,1163.9,5.99,6971.76,2024-11-02,3
Exportador_05,Estados Unidos,Rosas,625.3,7.08,4427.12,2024-11-02,2
Exportador_10,Canadá,Rosas,1164.3,6.19,7207.02,2024-11-02,4
Exportador_01,Estados Unidos,Crisantemos,338.9,3.47,1175.98,2024-11-03,3
Exportador_01,Países Bajos,Rosas,659.3,6.64,4377.75,2024-11-03,4
Exportador_01,Japón,Rosas,914.8,7.94,7263.51,2024-11-03,8
Exportador_01,Alemania,Rosas,1026.7,6.8,6981.56,2024-11-03,6
Exportador_05,Canadá,Rosas,1521.2,7.05,10724.46,2024-11-03,2
Exportador_06,Estados Unidos,Rosas,949.6,6.67,6333.83,2024-11-03,1
Exportador_06,Estados Unidos,Rosas,336.9,5.98,2014.66,2024-11-03,3
Exportador_01,Estados Unidos,Rosas,1413.1,7.11,10047.14,2024-11-04,3
Exportador_01,Estados Unidos,Crisantemos,454.1,3.14,1425.87,2024-11-04,2
Exportador_05,Rusia,Rosas,631.3,7.83,4943.08,2024-11-04,6
Exportador_06,Chile,Rosas,1452.3,6.04,8771.89,2024-11-04,4
Exportador_10,Chile,Rosas,581.9,5.81,3380.84,2024-11-04,2
Exportador_01,Rusia,Rosas,1543.5,6.79,10480.36,2024-11-05,5
Exportador_06,Estados Unidos,Claveles,407.0,3.29,1339.03,2024-11-05,3
Exportador_07,Estados Unidos,Rosas,1302.7,6.64,8649.93,2024-11-05,3
Exportador_09,Japón,Rosas,717.3,7.6,5451.48,2024-11-05,8
Exportador_09,Rusia,Rosas,1530.1,7.75,11858.27,2024-11-05,7
Exportador_14,Japón,Rosas,2177.7,8.87,19316.2,2024-11-05,8
Exportador_01,Rusia,Hortensias,106.1,6.74,715.11,2024-11-06,4
Exportador_01,Ucrania,Rosas,222.9,7.36,1640.54,2024-11-06,6
Exportador_01,Kazajistán,Claveles,431.7,4.59,1981.5,2024-11-06,8
Exportador_04,Estados Unidos,Rosas,887.0,5.97,5295.39,2024-11-06,3
Exportador_05,Estados Unidos,Rosas,811.7,5.92,4805.26,2024-11-06,3
Exportador_07,Estados Unidos,Gypsophila,632.5,4.7,2972.75,2024-11-06,3
Exportador_03,Italia,Rosas,1130.6,7.51,8490.81,2024-11-07,6
Exportador_05,Italia,Rosas,727.8,7.15,5203.77,2024-11-07,5
Exportador_09,Japón,Rosas,1121.1,7.75,8688.52,2024-11-07,8
Exportador_14,Japón,Flores de verano,362.8,5.06,1835.77,2024-11-07,6
Exportador_02,Rusia,Rosas,769.8,7.88,6066.02,2024-11-08,4
Exportador_03,Rusia,Rosas,284.8,7.97,2269.86,2024-11-08,6
Exportador_04,Países Bajos,Gypsophila,436.4,4.91,2142.72,2024-11-08,6
Exportador_04,Estados Unidos,Claveles,379.4,3.25,1233.05,2024-11-08,2
Exportador_05,Rusia,Rosas,1091.5,7.04,7684.16,2024-11-08,6
Exportador_06,España,Rosas,371.9,6.24,2320.66,2024-11-08,4
Exportador_07,Estados Unidos,Crisantemos,684.8,3.44,2355.71,2024-11-08,1
Exportador_01,España,Rosas,826.2,6.44,5320.73,2024-11-09,5
Exportador_02,Kazajistán,Claveles,1035.9,4.26,4412.93,2024-11-09,5
Exportador_06,Estados Unidos,Rosas,270.4,6.54,1768.42,2024-11-09,1
Exportador_10,España,Rosas,1188.0,7.37,8755.56,2024-11-09,6
Exportador_14,Estados Unidos,Hortensias,222.1,6.56,1456.98,2024-11-09,3
Exportador_15,Estados Unidos,Rosas,878.7,6.89,6054.24,2024-11-09,1
Exportador_01,Estados Unidos,Rosas,387.9,6.73,2610.57,2024-11-10,1
Exportador_07,Ucrania,Rosas,2283.4,7.79,17787.69,2024-11-10,7
Exportador_08,Estados Unidos,Rosas,765.3,6.04,4622.41,2024-11-10,2
Exportador_09,Rusia,Claveles,1210.2,3.93,4756.09,2024-11-10,4
Exportador_10,Estados Unidos,Flores de verano,473.7,4.29,2032.17,2024-11-10,1
Exportador_12,Estados Unidos,Rosas,1131.6,6.25,7072.5,2024-11-10,1
Exportador_12,Estados Unidos,Rosas,1049.6,6.85,7189.76,2024-11-10,2
Exportador_15,Estados Unidos,Rosas,970.0,6.41,6217.7,2024-11-10,3
Exportador_01,Estados Unidos,Rosas,306.1,6.16,1885.58,2024-11-11,1
Exportador_02,Estados Unidos,Rosas,318.1,6.86,2182.17,2024-11-11,3
Exportador_02,Estados Unidos,Rosas,620.5,6.78,4206.99,2024-11-11,3
Exportador_11,España,Rosas,647.1,6.57,4251.45,2024-11-11,6
Exportador_13,Kazajistán,Hortensias,351.9,6.48,2280.31,2024-11-11,9
Exportador_01,Estados Unidos,Gypsophila,1707.7,4.3,7343.11,2024-11-12,2
Exportador_02,Estados Unidos,Crisantemos,155.0,3.12,483.6,2024-11-12,2
Exportador_02,Estados Unidos,Claveles,418.9,3.39,1420.07,2024-11-12,1
Exportador_02,Estados Unidos,Gypsophila,473.2,4.66,2205.11,2024-11-12,3
Exportador_03,Estados Unidos,Rosas,996.2,5.97,5947.31,2024-11-12,1
Exportador_06,Estados Unidos,Claveles,107.2,3.94,422.37,2024-11-12,3
Exportador_06,Estados Unidos,Rosas,1540.7,6.66,10261.06,2024-11-12,1
Exportador_07,México,Rosas,2091.4,6.47,13531.36,2024-11-12,4
Exportador_14,Japón,Hortensias,756.3,7.34,5551.24,2024-11-12,6
Exportador_01,Países Bajos,Rosas,753.3,7.13,5371.03,2024-11-13,5
Exportador_02,Rusia,Rosas,619.0,7.77,4809.63,2024-11-13,7
Exportador_03,Estados Unidos,Rosas,1079.3,6.65,7177.35,2024-11-13,1
Exportador_04,Italia,Rosas,525.4,6.34,3331.04,2024-11-13,3
Exportador_08,Estados Unidos,Rosas,1364.6,6.63,9047.3,2024-11-13,3
Exportador_10,Estados Unidos,Rosas,2076.4,6.8,14119.52,2024-11-13,2
Exportador_01,Ucrania,Rosas,976.8,7.07,6905.98,2024-11-14,8
Exportador_01,Alemania,Rosas,534.7,7.41,3962.13,2024-11-14,3
Exportador_03,Estados Unidos,Rosas,811.2,6.01,4875.31,2024-11-14,1
Exportador_07,Chile,Rosas,1356.4,6.68,9060.75,2024-11-14,2
Exportador_14,Rusia,Rosas,2253.8,6.81,15348.38,2024-11-14,7
Exportador_15,México,Rosas,481.0,6.51,3131.31,2024-11-14,4
Exportador_02,Ucrania,Rosas,562.9,7.25,4081.02,2024-11-15,7
Exportador_05,Rusia,Flores de verano,407.8,4.31,1757.62,2024-11-15,6
Exportador_08,Estados Unidos,Rosas,400.4,6.56,2626.62,2024-11-15,2
Exportador_11,Estados Unidos,Rosas,823.7,6.15,5065.76,2024-11-15,1
Exportador_11,Italia,Rosas,525.3,6.18,3246.35,2024-11-15,5
Exportador_14,Rusia,Rosas,761.4,7.68,5847.55,2024-11-15,5
Exportador_01,Estados Unidos,Rosas,989.4,6.54,6470.68,2024-11-16,1
Exportador_01,España,Rosas,816.6,6.78,5536.55,2024-11-16,6
Exportador_01,Estados Unidos,Gypsophila,617.5,4.45,2747.88,2024-11-16,2
Exportador_02,Rusia,Rosas,589.1,7.65,4506.62,2024-11-16,5
Exportador_03,Rusia,Rosas,592.9,7.22,4280.74,2024-11-16,7
Exportador_04,Rusia,Rosas,2506.2,7.45,18671.19,2024-11-16,5
Exportador_07,España,Rosas,1207.0,7.37,8895.59,2024-11-16,3
Exportador_14,México,Rosas,594.0,6.41,3807.54,2024-11-16,2
Exportador_01,Kazajistán,Rosas,1721.3,7.82,13460.57,2024-11-17,6
Exportador_01,Rusia,Rosas,793.2,7.45,5909.34,2024-11-17,5
Exportador_01,Estados Unidos,Crisantemos,197.9,3.32,657.03,2024-11-17,3
Exportador_01,Rusia,Rosas,1229.3,7.61,9354.97,2024-11-18,6
Exportador_01,Chile,Rosas,1803.6,5.65,10190.34,2024-11-18,4
Exportador_01,Rusia,Rosas,1148.3,8.04,9232.33,2024-11-18,4
Exportador_01,Estados Unidos,Rosas,645.0,7.12,4592.4,2024-11-19,2
Exportador_01,Estados Unidos,Rosas,870.9,7.04,6131.14,2024-11-19,2
Exportador_02,Alemania,Rosas,806.9,6.35,5123.81,2024-11-19,5
Exportador_03,Alemania,Flores de verano,177.7,4.73,840.52,2024-11-19,5
Exportador_03,Rusia,Flores de verano,728.5,4.71,3431.24,2024-11-19,5
Exportador_05,Estados Unidos,Flores de verano,976.0,3.75,3660.0,2024-11-19,3
Exportador_06,Estados Unidos,Rosas,601.3,6.64,3992.63,2024-11-19,2
Exportador_09,España,Rosas,910.5,7.42,6755.91,2024-11-19,5
Exportador_11,Estados Unidos,Rosas,659.7,7.09,4677.27,2024-11-19,1
Exportador_14,España,Claveles,378.3,4.08,1543.46,2024-11-19,5
Exportador_15,Estados Unidos,Rosas,978.1,6.24,6103.34,2024-11-19,3
Exportador_01,Estados Unidos,Rosas,1043.1,6.42,6696.7,2024-11-20,2
Exportador_02,Italia,Rosas,264.5,6.56,1735.12,2024-11-20,3
Exportador_02,Estados Unidos,Rosas,921.3,7.08,6522.8,2024-11-20,2
Exportador_04,Ucrania,Rosas,867.3,6.67,5784.89,2024-11-20,8
Exportador_05,Rusia,Rosas,1821.3,7.64,13914.73,2024-11-20,6
Exportador_07,Países Bajos,Rosas,712.3,6.61,4708.3,2024-11-20,5
Exportador_14,Estados Unidos,Rosas,700.2,7.08,4957.42,2024-11-20,1
Exportador_15,Rusia,Rosas,1187.5,7.37,8751.88,2024-11-20,7
Exportador_04,Rusia,Rosas,1324.2,7.52,9957.98,2024-11-21,7
Exportador_05,Estados Unidos,Rosas,787.0,6.03,4745.61,2024-11-21,3
Exportador_06,Estados Unidos,Crisantemos,512.8,3.15,1615.32,2024-11-21,3
Exportador_15,Estados Unidos,Rosas,837.5,6.52,5460.5,2024-11-21,3
Exportador_01,Estados Unidos,Rosas,783.4,6.12,4794.41,2024-11-22,3
Exportador_01,Estados Unidos,Rosas,1769.9,6.01,10637.1,2024-11-22,1
Exportador_01,Estados Unidos,Claveles,149.8,3.84,575.23,2024-11-23,3
Exportador_02,Estados Unidos,Rosas,1440.8,6.42,9249.94,2024-11-23,3
Exportador_02,Estados Unidos,Crisantemos,754.1,3.2,2413.12,2024-11-23,1
Exportador_03,Estados Unidos,Rosas,2049.0,6.91,14158.59,2024-11-23,2
Exportador_03,Estados Unidos,Rosas,629.3,6.62,4165.97,2024-11-23,2
Exportador_04,Rusia,Rosas,1916.7,7.7,14758.59,2024-11-23,4
Exportador_07,España,Rosas,961.8,6.15,5915.07,2024-11-23,3
Exportador_01,Estados Unidos,Claveles,1002.1,3.26,3266.85,2024-11-24,1
Exportador_07,Estados Unidos,Rosas,1234.6,6.39,7889.09,2024-11-24,3
Exportador_08,Estados Unidos,Rosas,1123.4,6.57,7380.74,2024-11-24,3
Exportador_01,Rusia,Rosas,1335.3,7.64,10201.69,2024-11-25,6
Exportador_01,Italia,Rosas,1121.6,6.53,7324.05,2024-11-25,6
Exportador_01,Rusia,Rosas,446.6,7.4,3304.84,2024-11-25,4
Exportador_02,Chile,Rosas,549.7,6.16,3386.15,2024-11-25,2
Exportador_02,Estados Unidos,Rosas,457.9,6.66,3049.61,2024-11-25,2
Exportador_03,Rusia,Rosas,272.9,7.23,1973.07,2024-11-25,4
Exportador_04,Estados Unidos,Rosas,1466.0,6.75,9895.5,2024-11-25,1
Exportador_05,Países Bajos,Rosas,881.2,7.32,6450.38,2024-11-25,5
Exportador_06,Estados Unidos,Gypsophila,588.3,4.22,2482.63,2024-11-25,1
Exportador_10,Estados Unidos,Rosas,648.3,6.28,4071.32,2024-11-25,3
Exportador_11,Estados Unidos,Rosas,3552.5,7.07,25116.17,2024-11-25,3
Exportador_14,Países Bajos,Rosas,694.8,7.01,4870.55,2024-11-25,5
Exportador_01,Estados Unidos,Rosas,824.2,6.77,5579.83,2024-11-26,1
Exportador_01,Estados Unidos,Rosas,738.3,5.88,4341.2,2024-11-26,1
Exportador_01,Rusia,Claveles,525.7,3.82,2008.17,2024-11-26,7
Exportador_01,Alemania,Rosas,1285.5,7.62,9795.51,2024-11-26,6
Exportador_01,Estados Unidos,Rosas,1391.9,7.11,9896.41,2024-11-26,2
Exportador_01,Ucrania,Rosas,350.1,6.66,2331.67,2024-11-26,5
Exportador_05,Estados Unidos,Rosas,698.6,7.14,4988.0,2024-11-26,3
Exportador_09,Japón,Flores de verano,638.4,5.3,3383.52,2024-11-26,5
Exportador_09,Kazajistán,Rosas,355.6,7.22,2567.43,2024-11-26,8
Exportador_01,Ucrania,Rosas,623.9,7.03,4386.02,2024-11-27,8
Exportador_02,Kazajistán,Rosas,1024.8,8.35,8557.08,2024-11-27,6
Exportador_03,México,Rosas,1598.0,5.82,9300.36,2024-11-27,2
Exportador_13,Japón,Rosas,892.3,7.45,6647.64,2024-11-27,8
Exportador_13,Estados Unidos,Rosas,691.9,7.09,4905.57,2024-11-27,3
Exportador_01,Japón,Rosas,1158.9,8.65,10024.49,2024-11-28,6
Exportador_02,Kazajistán,Crisantemos,240.9,3.78,910.6,2024-11-28,5
Exportador_04,México,Rosas,334.4,6.74,2253.86,2024-11-28,4
Exportador_08,Estados Unidos,Gypsophila,514.3,4.37,2247.49,2024-11-28,3
Exportador_09,Países Bajos,Rosas,848.8,7.45,6323.56,2024-11-28,6
Exportador_10,Estados Unidos,Rosas,2593.0,6.35,16465.55,2024-11-28,2
Exportador_01,Rusia,Rosas,1035.3,7.1,7350.63,2024-11-29,7
Exportador_01,México,Rosas,777.4,5.62,4368.99,2024-11-29,3
Exportador_01,Estados Unidos,Rosas,479.2,6.71,3215.43,2024-11-29,2
Exportador_04,Estados Unidos,Rosas,599.1,5.92,3546.67,2024-11-29,1
Exportador_05,Estados Unidos,Rosas,619.2,6.53,4043.38,2024-11-29,1
Exportador_01,Estados Unidos,Flores de verano,334.8,4.24,1419.55,2024-11-30,2
Exportador_01,Estados Unidos,Rosas,578.6,6.87,3974.98,2024-11-30,1
Exportador_02,Países Bajos,Rosas,1037.6,6.18,6412.37,2024-11-30,3
Exportador_02,Estados Unidos,Rosas,1607.8,6.17,9920.13,2024-11-30,1
Exportador_02,Estados Unidos,Flores de verano,368.8,4.31,1589.53,2024-11-30,1
Exportador_03,Chile,Gypsophila,430.2,4.55,1957.41,2024-11-30,4
Exportador_03,Kazajistán,Rosas,1617.7,7.66,12391.58,2024-11-30,5
Exportador_09,Estados Unidos,Rosas,722.5,6.68,4826.3,2024-11-30,1
Exportador_01,Rusia,Rosas,1222.4,7.21,8813.5,2024-12-01,4
Exportador_02,México,Rosas,2383.6,6.0,14301.6,2024-12-01,4
Exportador_02,España,Gypsophila,910.1,4.8,4368.48,2024-12-01,4
Exportador_03,Estados Unidos,Rosas,513.4,6.34,3254.96,2024-12-01,2
Exportador_10,México,Crisantemos,870.5,2.95,2567.98,2024-12-01,4
Exportador_01,Estados Unidos,Rosas,694.2,6.51,4519.24,2024-12-02,1
Exportador_01,Rusia,Flores de verano,272.0,5.09,1384.48,2024-12-02,4
Exportador_02,Estados Unidos,Flores de verano,400.0,4.06,1624.0,2024-12-02,3
Exportador_05,Estados Unidos,Rosas,1474.3,6.16,9081.69,2024-12-02,1
Exportador_06,Kazajistán,Rosas,1409.3,7.9,11133.47,2024-12-02,7
Exportador_07,Estados Unidos,Gypsophila,301.0,4.43,1333.43,2024-12-02,2
Exportador_15,Kazajistán,Rosas,3232.3,7.41,23951.34,2024-12-02,7
Exportador_01,Países Bajos,Rosas,1584.1,6.28,9948.15,2024-12-03,3
Exportador_06,Estados Unidos,Flores de verano,342.3,4.25,1454.78,2024-12-03,1
Exportador_09,Canadá,Rosas,1532.9,7.04,10791.62,2024-12-03,2
Exportador_11,Ucrania,Rosas,804.1,6.94,5580.45,2024-12-03,6
Exportador_01,Ucrania,Rosas,768.6,6.45,4957.47,2024-12-04,8
Exportador_03,Estados Unidos,Claveles,379.1,3.79,1436.79,2024-12-04,2
Exportador_06,Rusia,Rosas,785.3,6.85,5379.3,2024-12-04,5
Exportador_07,Estados Unidos,Rosas,908.8,6.74,6125.31,2024-12-04,2
Exportador_07,Italia,Rosas,541.8,6.52,3532.54,2024-12-04,5
Exportador_01,Ucrania,Rosas,2127.5,7.46,15871.15,2024-12-05,5
Exportador_01,Estados Unidos,Rosas,1674.2,6.01,10061.94,2024-12-05,3
Exportador_02,Japón,Gypsophila,496.1,5.75,2852.58,2024-12-05,6
Exportador_03,Chile,Crisantemos,499.9,3.01,1504.7,2024-12-05,2
Exportador_03,Estados Unidos,Rosas,204.9,7.13,1460.94,2024-12-05,3
Exportador_07,Italia,Gypsophila,261.3,4.29,1120.98,2024-12-05,6
Exportador_07,Rusia,Flores de verano,959.8,4.34,4165.53,2024-12-05,7
Exportador_08,Kazajistán,Rosas,657.7,7.35,4834.1,2024-12-05,5
Exportador_08,Estados Unidos,Rosas,1123.4,6.46,7257.16,2024-12-05,3
Exportador_14,Estados Unidos,Rosas,732.1,6.81,4985.6,2024-12-05,1
Exportador_01,México,Rosas,806.1,6.08,4901.09,2024-12-06,2
Exportador_03,Estados Unidos,Hortensias,205.3,5.96,1223.59,2024-12-06,2
Exportador_05,Estados Unidos,Rosas,306.0,6.65,2034.9,2024-12-06,1
Exportador_08,Estados Unidos,Rosas,998.6,6.46,6450.96,2024-12-06,3
Exportador_09,Ucrania,Rosas,758.5,7.05,5347.43,2024-12-06,7
Exportador_15,Estados Unidos,Rosas,649.5,6.07,3942.47,2024-12-06,3
Exportador_01,Kazajistán,Rosas,248.0,7.1,1760.8,2024-12-07,8
Exportador_01,Italia,Claveles,414.5,4.02,1666.29,2024-12-07,6
Exportador_01,Países Bajos,Claveles,1032.9,3.99,4121.27,2024-12-07,6
Exportador_02,Estados Unidos,Rosas,584.7,6.56,3835.63,2024-12-07,3
Exportador_02,Países Bajos,Gypsophila,362.4,4.65,1685.16,2024-12-07,4
Exportador_02,Países Bajos,Rosas,606.9,6.22,3774.92,2024-12-07,6
Exportador_02,Estados Unidos,Rosas,2081.9,6.69,13927.91,2024-12-07,1
Exportador_02,México,Rosas,1021.2,6.54,6678.65,2024-12-07,3
Exportador_03,Países Bajos,Rosas,773.5,7.5,5801.25,2024-12-07,6
Exportador_04,Estados Unidos,Rosas,728.7,5.99,4364.91,2024-12-07,1
Exportador_06,Estados Unidos,Rosas,927.0,6.61,6127.47,2024-12-07,3
Exportador_07,Países Bajos,Rosas,1202.5,6.16,7407.4,2024-12-07,6
Exportador_08,Japón,Rosas,818.1,8.4,6872.04,2024-12-07,5
Exportador_09,Canadá,Rosas,1582.8,6.54,10351.51,2024-12-07,4
Exportador_12,Estados Unidos,Rosas,703.9,6.5,4575.35,2024-12-07,1
Exportador_01,Rusia,Crisantemos,206.7,3.52,727.58,2024-12-08,7
Exportador_02,Estados Unidos,Rosas,720.6,6.98,5029.79,2024-12-08,3
Exportador_03,Alemania,Gypsophila,1202.1,4.66,5601.79,2024-12-08,4
Exportador_03,Estados Unidos,Rosas,1064.1,5.88,6256.91,2024-12-08,2
Exportador_04,Estados Unidos,Rosas,804.2,7.13,5733.95,2024-12-08,1
Exportador_08,Rusia,Rosas,819.6,7.18,5884.73,2024-12-08,6
Exportador_01,Estados Unidos,Claveles,248.5,3.66,909.51,2024-12-09,1
Exportador_02,Canadá,Rosas,747.3,6.17,4610.84,2024-12-09,2
Exportador_04,Rusia,Gypsophila,588.4,5.01,2947.88,2024-12-09,7
Exportador_05,México,Rosas,588.3,5.98,3518.03,2024-12-09,4
Exportador_05,España,Rosas,696.3,7.04,4901.95,2024-12-09,6
Exportador_05,Rusia,Rosas,1689.3,7.6,12838.68,2024-12-09,5
Exportador_09,Rusia,Rosas,789.7,6.98,5512.11,2024-12-09,6
Exportador_11,Kazajistán,Rosas,468.6,8.01,3753.49,2024-12-09,7
Exportador_02,Estados Unidos,Rosas,659.8,6.67,4400.87,2024-12-10,1
Exportador_02,España,Claveles,145.9,3.89,567.55,2024-12-10,3
Exportador_02,Estados Unidos,Rosas,935.2,7.1,6639.92,2024-12-10,1
Exportador_05,Estados Unidos,Rosas,557.6,6.74,3758.22,2024-12-10,1
Exportador_05,Estados Unidos,Flores de verano,439.2,4.35,1910.52,2024-12-10,1
Exportador_06,Países Bajos,Rosas,1014.6,7.11,7213.81,2024-12-10,4
Exportador_01,Kazajistán,Rosas,1508.3,7.29,10995.51,2024-12-11,8
Exportador_01,Países Bajos,Rosas,1934.8,6.98,13504.9,2024-12-11,3
Exportador_01,Estados Unidos,Rosas,600.4,6.65,3992.66,2024-12-11,3
Exportador_03,Estados Unidos,Rosas,945.3,7.04,6654.91,2024-12-11,2
Exportador_04,Rusia,Rosas,718.0,7.17,5148.06,2024-12-11,4
Exportador_06,Estados Unidos,Rosas,2000.3,6.16,12321.85,2024-12-11,3
Exportador_06,Estados Unidos,Claveles,204.3,3.65,745.7,2024-12-11,2
Exportador_12,México,Rosas,1344.0,5.68,7633.92,2024-12-11,3
Exportador_01,Países Bajos,Rosas,1184.3,7.42,8787.51,2024-12-12,5
Exportador_01,Kazajistán,Rosas,798.7,7.78,6213.89,2024-12-12,7
Exportador_01,Kazajistán,Rosas,485.7,8.11,3939.03,2024-12-12,6
Exportador_01,Alemania,Rosas,900.5,7.47,6726.73,2024-12-12,6
Exportador_02,Kazajistán,Rosas,534.3,7.6,4060.68,2024-12-12,9
Exportador_03,Canadá,Gypsophila,456.5,4.41,2013.16,2024-12-12,4
Exportador_03,Canadá,Rosas,1164.9,6.3,7338.87,2024-12-12,3
Exportador_04,Estados Unidos,Rosas,822.1,6.97,5730.04,2024-12-12,2
Exportador_06,Chile,Flores de verano,606.5,3.78,2292.57,2024-12-12,2
Exportador_15,Estados Unidos,Gypsophila,917.5,4.62,4238.85,2024-12-12,3
Exportador_15,Estados Unidos,Flores de verano,100.4,4.42,443.77,2024-12-12,1
Exportador_01,Canadá,Rosas,733.6,6.54,4797.74,2024-12-13,3
Exportador_03,Estados Unidos,Rosas,1154.7,5.86,6766.54,2024-12-13,3
Exportador_03,Canadá,Hortensias,198.0,5.91,1170.18,2024-12-13,2
Exportador_03,Japón,Rosas,655.9,7.91,5188.17,2024-12-13,6
Exportador_05,Estados Unidos,Rosas,1140.1,6.54,7456.25,2024-12-13,1
Exportador_10,Estados Unidos,Rosas,2092.0,6.73,14079.16,2024-12-13,2
Exportador_13,Chile,Rosas,1020.3,6.41,6540.12,2024-12-13,3
Exportador_02,Ucrania,Rosas,605.8,6.63,4016.45,2024-12-14,5
Exportador_08,Estados Unidos,Hortensias,95.1,6.59,626.71,2024-12-14,2
Exportador_01,Estados Unidos,Rosas,703.5,6.54,4600.89,2024-12-15,3
Exportador_01,España,Hortensias,225.0,6.25,1406.25,2024-12-15,4
Exportador_01,Estados Unidos,Gypsophila,528.5,4.81,2542.08,2024-12-15,1
Exportador_02,Ucrania,Claveles,331.4,3.77,1249.38,2024-12-15,6
Exportador_02,Estados Unidos,Rosas,477.2,6.72,3206.78,2024-12-15,2
Exportador_06,España,Rosas,1012.1,7.11,7196.03,2024-12-15,4
Exportador_11,Estados Unidos,Rosas,769.6,6.89,5302.54,2024-12-15,2
Exportador_12,Estados Unidos,Rosas,513.1,6.92,3550.65,2024-12-15,2
Exportador_01,Estados Unidos,Rosas,1298.8,6.07,7883.72,2024-12-16,3
Exportador_02,Estados Unidos,Gypsophila,419.8,4.73,1985.65,2024-12-16,2
Exportador_04,Países Bajos,Rosas,1225.1,7.22,8845.22,2024-12-16,6
Exportador_06,Países Bajos,Gypsophila,594.3,4.55,2704.06,2024-12-16,4
Exportador_08,Rusia,Rosas,3141.2,8.04,25255.25,2024-12-16,5
Exportador_01,Rusia,Rosas,856.3,6.84,5857.09,2024-12-17,5
Exportador_01,Canadá,Rosas,773.6,6.85,5299.16,2024-12-17,2
Exportador_01,Países Bajos,Flores de verano,621.4,4.04,2510.46,2024-12-17,6
Exportador_01,España,Rosas,1630.8,7.49,12214.69,2024-12-17,5
Exportador_04,Estados Unidos,Rosas,712.9,6.48,4619.59,2024-12-17,1
Exportador_05,Italia,Rosas,1284.8,6.86,8813.73,2024-12-17,4
Exportador_07,Estados Unidos,Flores de verano,296.7,4.09,1213.5,2024-12-17,3
Exportador_08,Kazajistán,Rosas,175.9,8.29,1458.21,2024-12-17,7
Exportador_13,Países Bajos,Rosas,836.0,6.57,5492.52,2024-12-17,4
Exportador_01,Rusia,Rosas,968.6,7.81,7564.77,2024-12-18,5
Exportador_01,Estados Unidos,Rosas,2298.6,6.59,15147.77,2024-12-18,2
Exportador_01,Rusia,Rosas,556.7,6.88,3830.1,2024-12-18,4
Exportador_06,Rusia,Rosas,1442.4,6.89,9938.14,2024-12-18,7
Exportador_07,Estados Unidos,Flores de verano,409.4,3.78,1547.53,2024-12-18,3
Exportador_15,Alemania,Rosas,2171.4,7.11,15438.65,2024-12-18,4
Exportador_01,Estados Unidos,Flores de verano,236.9,4.1,971.29,2024-12-19,1
Exportador_02,Kazajistán,Rosas,992.1,7.37,7311.78,2024-12-19,5
Exportador_02,Estados Unidos,Crisantemos,293.9,3.14,922.85,2024-12-19,3
Exportador_03,Estados Unidos,Rosas,1328.0,6.63,8804.64,2024-12-19,2
Exportador_04,Chile,Rosas,829.2,6.43,5331.76,2024-12-19,3
Exportador_04,Estados Unidos,Rosas,197.0,6.41,1262.77,2024-12-19,3
Exportador_04,España,Rosas,288.3,7.05,2032.52,2024-12-19,3
Exportador_07,Estados Unidos,Rosas,1382.8,5.93,8200.0,2024-12-19,2
Exportador_07,Estados Unidos,Rosas,1386.5,6.92,9594.58,2024-12-19,2
Exportador_09,Rusia,Rosas,578.4,7.12,4118.21,2024-12-19,6
Exportador_14,Estados Unidos,Rosas,2307.9,6.45,14885.96,2024-12-19,2
Exportador_15,Japón,Rosas,1050.6,8.74,9182.24,2024-12-19,8
Exportador_01,Estados Unidos,Hortensias,152.1,5.77,877.62,2024-12-20,2
Exportador_01,Rusia,Rosas,788.2,6.94,5470.11,2024-12-20,6
Exportador_02,Rusia,Rosas,1249.9,7.04,8799.3,2024-12-20,7
Exportador_03,España,Rosas,916.9,7.18,6583.34,2024-12-20,6
Exportador_04,Canadá,Flores de verano,1368.6,4.2,5748.12,2024-12-20,4
Exportador_11,Estados Unidos,Rosas,542.6,6.8,3689.68,2024-12-20,2
Exportador_13,Estados Unidos,Rosas,1306.5,5.99,7825.94,2024-12-20,3
Exportador_01,México,Rosas,1404.5,6.48,9101.16,2024-12-21,2
Exportador_01,Estados Unidos,Rosas,804.0,6.22,5000.88,2024-12-21,2
Exportador_02,Kazajistán,Hortensias,210.8,7.83,1650.56,2024-12-21,9
Exportador_03,Alemania,Claveles,1073.9,3.9,4188.21,2024-12-21,6
Exportador_06,Estados Unidos,Rosas,819.5,6.22,5097.29,2024-12-21,2
Exportador_08,Chile,Hortensias,224.4,5.73,1285.81,2024-12-21,2
Exportador_08,Kazajistán,Rosas,652.4,7.27,4742.95,2024-12-21,8
Exportador_01,Estados Unidos,Flores de verano,533.2,3.94,2100.81,2024-12-22,3
Exportador_04,Estados Unidos,Rosas,1533.5,6.41,9829.74,2024-12-22,1
Exportador_04,Países Bajos,Crisantemos,497.8,3.47,1727.37,2024-12-22,3
Exportador_05,México,Rosas,1222.7,6.58,8045.37,2024-12-22,2
Exportador_08,Estados Unidos,Rosas,1214.3,5.9,7164.37,2024-12-22,3
Exportador_12,Kazajistán,Crisantemos,500.1,3.7,1850.37,2024-12-22,5
Exportador_12,Estados Unidos,Rosas,1235.8,7.1,8774.18,2024-12-22,2
Exportador_01,Países Bajos,Flores de verano,245.9,4.49,1104.09,2024-12-23,4
Exportador_02,Rusia,Claveles,880.4,4.22,3715.29,2024-12-23,5
Exportador_06,Kazajistán,Rosas,509.1,8.33,4240.8,2024-12-23,8
Exportador_07,Países Bajos,Rosas,493.2,7.32,3610.22,2024-12-23,5
Exportador_08,Estados Unidos,Rosas,1046.1,7.04,7364.54,2024-12-23,3
Exportador_13,Estados Unidos,Claveles,392.0,3.85,1509.2,2024-12-23,3
Exportador_04,Estados Unidos,Rosas,811.8,6.69,5430.94,2024-12-24,2
Exportador_06,Estados Unidos,Rosas,1847.4,6.41,11841.83,2024-12-24,1
Exportador_10,Estados Unidos,Rosas,670.6,6.36,4265.02,2024-12-24,1
Exportador_15,México,Rosas,225.4,5.88,1325.35,2024-12-24,3
Exportador_01,Canadá,Rosas,1014.9,6.29,6383.72,2024-12-25,2
Exportador_02,Países Bajos,Rosas,729.6,6.59,4808.06,2024-12-25,3
Exportador_02,España,Rosas,1970.0,6.4,12608.0,2024-12-25,4
Exportador_02,Países Bajos,Rosas,1504.1,6.15,9250.22,2024-12-25,6
Exportador_04,México,Rosas,928.7,5.77,5358.6,2024-12-25,3
Exportador_04,Estados Unidos,Rosas,830.0,7.12,5909.6,2024-12-25,2
Exportador_07,Estados Unidos,Claveles,498.7,3.34,1665.66,2024-12-25,1
Exportador_09,Kazajistán,Rosas,1123.6,8.3,9325.88,2024-12-25,7
Exportador_13,Estados Unidos,Rosas,157.5,6.16,970.2,2024-12-25,2
Exportador_14,Estados Unidos,Rosas,1065.5,5.97,6361.03,2024-12-25,3
Exportador_01,Estados Unidos,Rosas,333.1,6.5,2165.15,2024-12-26,2
Exportador_01,Estados Unidos,Rosas,563.5,6.86,3865.61,2024-12-26,1
Exportador_01,Estados Unidos,Rosas,1177.9,5.95,7008.51,2024-12-26,3
Exportador_06,Rusia,Gypsophila,350.7,5.66,1984.96,2024-12-26,6
Exportador_10,España,Rosas,945.7,7.3,6903.61,2024-12-26,3
Exportador_12,Estados Unidos,Rosas,2243.7,6.97,15638.59,2024-12-26,3
Exportador_13,Kazajistán,Rosas,943.8,8.35,7880.73,2024-12-26,6
Exportador_01,Estados Unidos,Rosas,523.5,6.85,3585.97,2024-12-27,1
Exportador_04,Chile,Rosas,978.4,5.93,5801.91,2024-12-27,2
Exportador_13,Estados Unidos,Rosas,722.0,6.3,4548.6,2024-12-27,3
Exportador_14,Países Bajos,Rosas,527.8,6.18,3261.8,2024-12-27,6
Exportador_01,Estados Unidos,Crisantemos,221.2,3.46,765.35,2024-12-28,1
Exportador_02,Estados Unidos,Rosas,1968.8,6.33,12462.5,2024-12-28,1
Exportador_02,Chile,Rosas,541.2,6.04,3268.85,2024-12-28,2
Exportador_03,Estados Unidos,Crisantemos,391.6,2.92,1143.47,2024-12-28,3
Exportador_04,Estados Unidos,Rosas,1144.9,7.01,8025.75,2024-12-28,2
Exportador_06,Kazajistán,Rosas,851.5,7.86,6692.79,2024-12-28,7
Exportador_09,Rusia,Rosas,694.1,8.09,5615.27,2024-12-28,7
Exportador_10,Estados Unidos,Rosas,885.8,6.98,6182.88,2024-12-28,2
Exportador_01,Rusia,Rosas,2060.2,6.85,14112.37,2024-12-29,6
Exportador_02,Estados Unidos,Gypsophila,304.2,4.62,1405.4,2024-12-29,1
Exportador_05,Estados Unidos,Rosas,1182.9,6.97,8244.81,2024-12-29,2
Exportador_05,Países Bajos,Rosas,1141.3,6.74,7692.36,2024-12-29,6
Exportador_05,Estados Unidos,Rosas,539.7,6.39,3448.68,2024-12-29,1
Exportador_07,Chile,Rosas,604.8,5.78,3495.74,2024-12-29,3
Exportador_09,Rusia,Rosas,744.3,7.9,5879.97,2024-12-29,6
Exportador_12,Países Bajos,Rosas,825.5,6.25,5159.38,2024-12-29,5
Exportador_13,Rusia,Rosas,610.4,7.64,4663.46,2024-12-29,7
Exportador_01,Ucrania,Rosas,493.1,6.54,3224.87,2024-12-30,5
Exportador_01,Alemania,Hortensias,431.8,6.74,2910.33,2024-12-30,4
Exportador_02,Estados Unidos,Rosas,688.7,6.5,4476.55,2024-12-30,2
Exportador_03,Estados Unidos,Rosas,411.7,6.09,2507.25,2024-12-30,2
Exportador_04,Japón,Rosas,572.5,7.97,4562.82,2024-12-30,6
Exportador_05,Estados Unidos,Rosas,670.9,6.81,4568.83,2024-12-30,3
Exportador_07,Estados Unidos,Rosas,681.0,7.08,4821.48,2024-12-30,3
Exportador_08,Ucrania,Hortensias,99.6,6.65,662.34,2024-12-30,7
Exportador_15,Ucrania,Rosas,566.1,6.91,3911.75,2024-12-30,5
Exportador_01,Rusia,Claveles,772.9,4.2,3246.18,2024-12-31,4
Exportador_02,Canadá,Rosas,277.9,7.2,2000.88,2024-12-31,4
Exportador_08,Rusia,Rosas,822.4,7.09,5830.82,2024-12-31,4
Exportador_11,Estados Unidos,Rosas,966.2,6.6,6376.92,2024-12-31,2
Exportador_13,Kazajistán,Rosas,1054.4,8.02,8456.29,2024-12-31,5
Exportador_01,Rusia,Gypsophila,654.2,5.51,3604.64,2025-01-01,5
Exportador_07,Estados Unidos,Rosas,1024.8,6.53,6691.94,2025-01-01,3
Exportador_01,Estados Unidos,Rosas,330.4,6.96,2299.58,2025-01-02,3
Exportador_01,Alemania,Rosas,872.4,7.05,6150.42,2025-01-02,3
Exportador_02,Alemania,Gypsophila,594.7,4.83,2872.4,2025-01-02,5
Exportador_03,Rusia,Rosas,1347.9,7.91,10661.89,2025-01-02,4
Exportador_09,Rusia,Rosas,1398.0,6.96,9730.08,2025-01-02,7
Exportador_12,Estados Unidos,Hortensias,228.8,6.04,1381.95,2025-01-02,3
Exportador_01,Canadá,Rosas,388.9,6.7,2605.63,2025-01-03,3
Exportador_02,Estados Unidos,Rosas,423.5,5.93,2511.36,2025-01-03,3
Exportador_02,Alemania,Rosas,482.9,7.26,3505.85,2025-01-03,3
Exportador_03,Estados Unidos,Gypsophila,273.5,4.09,1118.62,2025-01-03,1
Exportador_04,Estados Unidos,Rosas,1189.6,7.11,8458.06,2025-01-03,3
Exportador_04,México,Gypsophila,652.1,4.42,2882.28,2025-01-03,3
Exportador_06,Países Bajos,Claveles,561.5,3.75,2105.62,2025-01-03,5
Exportador_06,Rusia,Hortensias,509.5,6.96,3546.12,2025-01-03,6
Exportador_08,Rusia,Rosas,1158.8,6.94,8042.07,2025-01-03,6
Exportador_08,Estados Unidos,Flores de verano,655.5,4.25,2785.88,2025-01-03,1
Exportador_09,Chile,Rosas,2644.8,6.38,16873.82,2025-01-03,2
Exportador_01,Kazajistán,Rosas,489.0,7.39,3613.71,2025-01-04,6
Exportador_05,Japón,Rosas,864.9,7.63,6599.19,2025-01-04,8
Exportador_13,Estados Unidos,Rosas,1419.4,6.19,8786.09,2025-01-04,2
Exportador_01,Estados Unidos,Flores de verano,196.7,3.71,729.76,2025-01-05,1
Exportador_01,Estados Unidos,Gypsophila,227.3,4.81,1093.31,2025-01-05,1
Exportador_01,Rusia,Gypsophila,724.6,4.72,3420.11,2025-01-05,4
Exportador_01,Ucrania,Rosas,2080.7,6.77,14086.34,2025-01-05,8
Exportador_02,Estados Unidos,Rosas,1231.3,6.93,8532.91,2025-01-05,1
Exportador_06,Estados Unidos,Rosas,338.4,6.9,2334.96,2025-01-05,1
Exportador_06,Estados Unidos,Rosas,960.1,7.01,6730.3,2025-01-05,3
Exportador_11,Canadá,Flores de verano,225.2,4.5,1013.4,2025-01-05,3
Exportador_14,Estados Unidos,Crisantemos,341.8,3.28,1121.1,2025-01-05,3
Exportador_15,Estados Unidos,Rosas,1387.7,7.05,9783.28,2025-01-05,1
Exportador_02,Italia,Rosas,1009.2,6.33,6388.24,2025-01-06,4
Exportador_02,Estados Unidos,Rosas,2233.8,7.02,15681.28,2025-01-06,3
Exportador_03,Rusia,Rosas,1712.7,6.81,11663.49,2025-01-06,4
Exportador_04,Países Bajos,Rosas,857.2,6.15,5271.78,2025-01-06,4
Exportador_05,Estados Unidos,Flores de verano,179.9,4.38,787.96,2025-01-06,1
Exportador_07,Países Bajos,Rosas,692.5,6.68,4625.9,2025-01-06,5
Exportador_08,Rusia,Rosas,467.6,6.86,3207.74,2025-01-06,4
Exportador_11,Estados Unidos,Flores de verano,248.2,3.97,985.35,2025-01-06,2
Exportador_12,Países Bajos,Rosas,567.6,7.15,4058.34,2025-01-06,3
Exportador_15,Países Bajos,Rosas,1862.8,6.17,11493.48,2025-01-06,4
Exportador_02,Rusia,Rosas,828.1,7.33,6069.97,2025-01-07,7
Exportador_04,Estados Unidos,Crisantemos,446.2,3.05,1360.91,2025-01-07,1
Exportador_06,Estados Unidos,Rosas,1276.9,6.05,7725.24,2025-01-07,1
Exportador_06,Estados Unidos,Rosas,1162.1,6.57,7635.0,2025-01-07,1
Exportador_10,Rusia,Rosas,2370.3,7.73,18322.42,2025-01-07,7
Exportador_12,Estados Unidos,Rosas,451.7,6.44,2908.95,2025-01-07,1
Exportador_14,Kazajistán,Claveles,937.0,4.38,4104.06,2025-01-07,9
Exportador_15,Rusia,Rosas,734.8,7.49,5503.65,2025-01-07,6
Exportador_01,Estados Unidos,Rosas,1056.7,7.05,7449.74,2025-01-08,1
Exportador_01,Estados Unidos,Rosas,363.5,6.18,2246.43,2025-01-08,2
Exportador_03,México,Flores de verano,223.2,4.13,921.82,2025-01-08,3
Exportador_03,Italia,Rosas,763.6,6.63,5062.67,2025-01-08,6
Exportador_04,Estados Unidos,Gypsophila,471.8,4.21,1986.28,2025-01-08,1
Exportador_08,Alemania,Rosas,1202.7,6.44,7745.39,2025-01-08,3
Exportador_11,Estados Unidos,Rosas,423.2,6.34,2683.09,2025-01-08,2
Exportador_02,Estados Unidos,Rosas,407.8,6.6,2691.48,2025-01-09,1
Exportador_02,Chile,Rosas,737.8,6.63,4891.61,2025-01-09,4
Exportador_03,Estados Unidos,Rosas,1095.9,7.05,7726.1,2025-01-09,2
Exportador_15,Estados Unidos,Rosas,1163.3,6.86,7980.24,2025-01-09,1
Exportador_15,Estados Unidos,Rosas,977.6,6.15,6012.24,2025-01-09,3
Exportador_03,Kazajistán,Gypsophila,411.4,5.36,2205.1,2025-01-10,9
Exportador_03,Estados Unidos,Rosas,579.1,6.77,3920.51,2025-01-10,3
Exportador_04,Estados Unidos,Rosas,1139.9,6.65,7580.34,2025-01-10,3
Exportador_04,Estados Unidos,Hortensias,354.8,6.25,2217.5,2025-01-10,3
Exportador_10,Estados Unidos,Gypsophila,525.4,4.56,2395.82,2025-01-10,3
Exportador_11,Japón,Flores de verano,332.4,4.87,1618.79,2025-01-10,8
Exportador_01,Estados Unidos,Gypsophila,768.3,4.58,3518.81,2025-01-11,3
Exportador_01,Estados Unidos,Rosas,281.2,6.81,1914.97,2025-01-11,3
Exportador_01,Países Bajos,Claveles,934.9,3.95,3692.86,2025-01-11,6
Exportador_01,Rusia,Rosas,895.3,7.72,6911.72,2025-01-11,6
Exportador_03,Estados Unidos,Rosas,1067.4,6.42,6852.71,2025-01-11,3
Exportador_03,Italia,Rosas,967.6,7.28,7044.13,2025-01-11,5
Exportador_04,Rusia,Gypsophila,307.5,4.81,1479.07,2025-01-11,6
Exportador_05,Rusia,Flores de verano,233.1,5.07,1181.82,2025-01-11,5
Exportador_10,Estados Unidos,Gypsophila,1340.5,4.58,6139.49,2025-01-11,3
Exportador_13,Estados Unidos,Rosas,1318.9,6.17,8137.61,2025-01-11,1
Exportador_01,España,Rosas,1303.4,6.16,8028.94,2025-01-12,5
Exportador_01,Estados Unidos,Flores de verano,318.4,4.47,1423.25,2025-01-12,3
Exportador_02,Estados Unidos,Rosas,1166.0,7.03,8196.98,2025-01-12,2
Exportador_03,Rusia,Rosas,1252.2,8.16,10217.95,2025-01-12,6
Exportador_01,Italia,Rosas,754.9,7.21,5442.83,2025-01-13,4
Exportador_02,Países Bajos,Rosas,1049.0,6.33,6640.17,2025-01-13,4
Exportador_02,Estados Unidos,Rosas,672.1,6.16,4140.14,2025-01-13,1
Exportador_02,Rusia,Rosas,1458.7,6.8,9919.16,2025-01-13,5
Exportador_03,Estados Unidos,Rosas,1067.6,5.97,6373.57,2025-01-13,3
Exportador_06,Canadá,Rosas,915.9,6.33,5797.65,2025-01-13,3
Exportador_08,Países Bajos,Rosas,1196.2,7.49,8959.54,2025-01-13,4
Exportador_01,Alemania,Hortensias,348.3,6.47,2253.5,2025-01-14,4
Exportador_01,Estados Unidos,Rosas,1489.8,6.69,9966.76,2025-01-14,1
Exportador_03,Estados Unidos,Rosas,826.1,6.6,5452.26,2025-01-14,1
Exportador_04,Chile,Rosas,946.4,6.48,6132.67,2025-01-14,3
Exportador_12,Estados Unidos,Rosas,1413.4,6.2,8763.08,2025-01-14,2
Exportador_12,Estados Unidos,Rosas,1169.2,6.08,7108.74,2025-01-14,2
Exportador_01,Estados Unidos,Rosas,327.9,6.51,2134.63,2025-01-15,2
Exportador_02,Kazajistán,Rosas,1229.5,7.34,9024.53,2025-01-15,6
Exportador_04,Estados Unidos,Crisantemos,324.2,3.17,1027.71,2025-01-15,3
Exportador_05,Kazajistán,Rosas,1774.4,7.88,13982.27,2025-01-15,6
Exportador_05,México,Rosas,594.6,6.54,3888.68,2025-01-15,3
Exportador_10,Rusia,Rosas,1167.2,8.17,9536.02,2025-01-15,6
Exportador_11,Japón,Rosas,779.6,7.66,5971.74,2025-01-15,7
Exportador_01,Rusia,Crisantemos,702.4,3.49,2451.38,2025-01-16,5
Exportador_01,Estados Unidos,Rosas,527.9,6.91,3647.79,2025-01-16,2
Exportador_01,Estados Unidos,Rosas,1911.7,6.31,12062.83,2025-01-16,2
Exportador_01,México,Rosas,1219.8,5.81,7087.04,2025-01-16,3
Exportador_04,Estados Unidos,Rosas,1077.3,7.09,7638.06,2025-01-16,1
Exportador_04,Estados Unidos,Rosas,482.2,7.13,3438.09,2025-01-16,1
Exportador_07,Alemania,Rosas,1276.9,7.23,9231.99,2025-01-16,5
Exportador_09,Rusia,Crisantemos,409.9,3.77,1545.32,2025-01-16,7
Exportador_01,Alemania,Rosas,733.1,6.32,4633.19,2025-01-17,6
Exportador_01,Alemania,Crisantemos,362.7,3.12,1131.62,2025-01-17,3
Exportador_01,Japón,Rosas,1678.5,8.49,14250.47,2025-01-17,6
Exportador_03,Canadá,Rosas,1227.5,6.44,7905.1,2025-01-17,4
Exportador_04,Estados Unidos,Gypsophila,170.3,4.13,703.34,2025-01-17,3
Exportador_08,Estados Unidos,Crisantemos,477.9,3.43,1639.2,2025-01-17,3
Exportador_01,Italia,Rosas,1210.1,6.34,7672.03,2025-01-18,4
Exportador_02,México,Rosas,367.1,6.52,2393.49,2025-01-18,4
Exportador_11,Alemania,Flores de verano,388.0,4.84,1877.92,2025-01-18,4
Exportador_13,Estados Unidos,Rosas,1068.8,6.66,7118.21,2025-01-18,1
Exportador_14,Estados Unidos,Gypsophila,1127.1,4.21,4745.09,2025-01-18,3
Exportador_01,Estados Unidos,Rosas,323.4,6.32,2043.89,2025-01-19,2
Exportador_02,Kazajistán,Rosas,1604.5,8.51,13654.3,2025-01-19,5
Exportador_13,Países Bajos,Rosas,278.9,7.08,1974.61,2025-01-19,5
Exportador_01,Países Bajos,Rosas,1241.6,7.21,8951.94,2025-01-20,4
Exportador_01,Kazajistán,Rosas,506.2,7.66,3877.49,2025-01-20,9
Exportador_01,Canadá,Rosas,689.4,6.33,4363.9,2025-01-20,4
Exportador_02,Estados Unidos,Rosas,510.2,6.51,3321.4,2025-01-20,1
Exportador_02,Japón,Rosas,1064.3,7.54,8024.82,2025-01-20,6
Exportador_02,Rusia,Rosas,607.3,8.13,4937.35,2025-01-20,6
Exportador_06,Países Bajos,Rosas,501.9,6.29,3156.95,2025-01-20,3
Exportador_09,Rusia,Rosas,1349.6,7.41,10000.54,2025-01-20,5
Exportador_02,Alemania,Rosas,612.9,7.67,4700.94,2025-01-21,4
Exportador_03,Estados Unidos,Flores de verano,383.1,4.15,1589.87,2025-01-21,2
Exportador_04,Países Bajos,Rosas,1359.3,6.24,8482.03,2025-01-21,6
Exportador_04,Italia,Rosas,687.7,7.05,4848.28,2025-01-21,5
Exportador_05,Kazajistán,Rosas,363.4,7.61,2765.47,2025-01-21,5
Exportador_08,Estados Unidos,Rosas,900.7,7.05,6349.94,2025-01-21,1
Exportador_09,Estados Unidos,Rosas,369.4,6.54,2415.88,2025-01-21,1
Exportador_01,Chile,Flores de verano,292.8,4.15,1215.12,2025-01-22,3
Exportador_01,Estados Unidos,Claveles,390.7,3.29,1285.4,2025-01-22,3
Exportador_01,Rusia,Rosas,1160.7,7.48,8682.04,2025-01-22,4
Exportador_02,Estados Unidos,Rosas,546.2,6.61,3610.38,2025-01-22,1
Exportador_03,Rusia,Rosas,1066.2,6.97,7431.41,2025-01-22,6
Exportador_03,España,Rosas,1497.2,7.03,10525.32,2025-01-22,6
Exportador_05,Estados Unidos,Gypsophila,287.3,4.48,1287.1,2025-01-22,3
Exportador_01,Rusia,Rosas,373.0,8.17,3047.41,2025-01-23,5
Exportador_03,Rusia,Rosas,865.7,7.38,6388.87,2025-01-23,7
Exportador_05,Alemania,Rosas,692.4,6.5,4500.6,2025-01-23,4
Exportador_08,Estados Unidos,Rosas,902.3,5.99,5404.78,2025-01-23,2
Exportador_11,Italia,Flores de verano,534.2,4.33,2313.09,2025-01-23,4
Exportador_13,Kazajistán,Rosas,202.3,7.39,1495.0,2025-01-23,8
Exportador_01,Estados Unidos,Rosas,1084.8,6.2,6725.76,2025-01-24,3
Exportador_02,Estados Unidos,Hortensias,124.3,6.34,788.06,2025-01-24,2
Exportador_03,Estados Unidos,Hortensias,274.0,6.52,1786.48,2025-01-24,1
Exportador_05,Ucrania,Rosas,1562.6,7.78,12157.03,2025-01-24,4
Exportador_05,Canadá,Rosas,476.6,6.41,3055.01,2025-01-24,3
Exportador_06,España,Rosas,803.0,7.09,5693.27,2025-01-24,5
Exportador_01,Estados Unidos,Rosas,863.8,8.42,7273.2,2025-01-25,2
Exportador_01,Alemania,Hortensias,258.7,7.74,2002.34,2025-01-25,5
Exportador_01,España,Claveles,1923.5,4.69,9021.22,2025-01-25,6
Exportador_01,Rusia,Rosas,854.0,9.48,8095.92,2025-01-25,6
Exportador_01,Rusia,Rosas,1631.4,9.96,16248.74,2025-01-25,7
Exportador_01,Estados Unidos,Rosas,752.6,8.72,6562.67,2025-01-25,2
Exportador_01,Estados Unidos,Gypsophila,315.6,5.24,1653.74,2025-01-25,2
Exportador_01,Estados Unidos,Rosas,1317.7,8.01,10554.78,2025-01-25,1
Exportador_02,Estados Unidos,Crisantemos,239.5,4.26,1020.27,2025-01-25,3
Exportador_03,Estados Unidos,Gypsophila,502.7,6.07,3051.39,2025-01-25,2
Exportador_03,Ucrania,Rosas,1411.4,9.76,13775.26,2025-01-25,4
Exportador_04,Estados Unidos,Claveles,1377.9,4.38,6035.2,2025-01-25,3
Exportador_05,Estados Unidos,Rosas,2859.0,8.85,25302.15,2025-01-25,1
Exportador_06,Rusia,Crisantemos,786.0,4.27,3356.22,2025-01-25,7
Exportador_07,Estados Unidos,Flores de verano,1163.0,5.43,6315.09,2025-01-25,1
Exportador_09,España,Rosas,505.2,9.25,4673.1,2025-01-25,6
Exportador_10,Ucrania,Rosas,1254.5,8.88,11139.96,2025-01-25,8
Exportador_14,Rusia,Rosas,1487.9,8.75,13019.12,2025-01-25,4
Exportador_15,Rusia,Gypsophila,361.4,6.31,2280.43,2025-01-25,5
Exportador_15,Japón,Rosas,259.7,9.23,2397.03,2025-01-25,7
Exportador_01,México,Rosas,1167.7,7.06,8243.96,2025-01-26,3
Exportador_01,Kazajistán,Rosas,1615.5,8.92,14410.26,2025-01-26,6
Exportador_01,Alemania,Rosas,1103.9,9.3,10266.27,2025-01-26,5
Exportador_01,Estados Unidos,Rosas,324.8,8.62,2799.78,2025-01-26,3
Exportador_01,Estados Unidos,Rosas,1137.6,8.28,9419.33,2025-01-26,2
Exportador_01,España,Rosas,1107.5,9.12,10100.4,2025-01-26,3
Exportador_01,Estados Unidos,Rosas,3116.0,8.04,25052.64,2025-01-26,1
Exportador_02,Rusia,Rosas,972.5,8.97,8723.33,2025-01-26,4
Exportador_02,Estados Unidos,Flores de verano,393.3,4.75,1868.17,2025-01-26,3
Exportador_02,Estados Unidos,Rosas,3895.8,8.65,33698.67,2025-01-26,2
Exportador_02,Estados Unidos,Hortensias,194.6,8.01,1558.75,2025-01-26,3
Exportador_02,Alemania,Rosas,877.8,7.92,6952.18,2025-01-26,4
Exportador_02,Países Bajos,Rosas,543.9,8.85,4813.51,2025-01-26,6
Exportador_02,Rusia,Rosas,880.3,9.44,8310.03,2025-01-26,7
Exportador_02,Rusia,Rosas,2007.2,9.5,19068.4,2025-01-26,4
Exportador_02,Estados Unidos,Rosas,1167.2,8.21,9582.71,2025-01-26,2
Exportador_03,Chile,Rosas,513.2,7.35,3772.02,2025-01-26,3
Exportador_03,Estados Unidos,Flores de verano,210.8,5.38,1134.1,2025-01-26,1
Exportador_03,Estados Unidos,Crisantemos,512.7,3.73,1912.37,2025-01-26,3
Exportador_03,Estados Unidos,Rosas,530.2,8.12,4305.22,2025-01-26,1
Exportador_04,Países Bajos,Rosas,2065.4,9.29,19187.57,2025-01-26,5
Exportador_04,Estados Unidos,Rosas,2154.6,7.77,16741.24,2025-01-26,2
Exportador_05,Países Bajos,Rosas,3498.1,8.4,29384.04,2025-01-26,3
Exportador_06,Estados Unidos,Rosas,864.5,7.86,6794.97,2025-01-26,2
Exportador_10,España,Rosas,1552.7,9.38,14564.33,2025-01-26,4
Exportador_11,Estados Unidos,Rosas,576.9,8.53,4920.96,2025-01-26,3
Exportador_13,Ucrania,Flores de verano,594.1,5.76,3422.02,2025-01-26,4
Exportador_15,Estados Unidos,Gypsophila,496.7,5.72,2841.12,2025-01-26,1
Exportador_01,Estados Unidos,Rosas,675.5,7.95,5370.23,2025-01-27,1
Exportador_01,Estados Unidos,Rosas,973.6,8.36,8139.3,2025-01-27,3
Exportador_01,Estados Unidos,Rosas,2923.1,7.43,21718.63,2025-01-27,2
Exportador_02,Estados Unidos,Rosas,1358.9,8.56,11632.18,2025-01-27,1
Exportador_02,España,Rosas,1569.9,8.85,13893.61,2025-01-27,3
Exportador_02,Rusia,Rosas,1271.4,9.18,11671.45,2025-01-27,5
Exportador_03,Estados Unidos,Rosas,1123.6,8.03,9022.51,2025-01-27,1
Exportador_03,Italia,Rosas,2255.7,8.02,18090.71,2025-01-27,3
Exportador_03,Países Bajos,Rosas,1507.9,8.86,13359.99,2025-01-27,3
Exportador_03,Estados Unidos,Rosas,1599.9,8.23,13167.18,2025-01-27,2
Exportador_03,Estados Unidos,Rosas,3289.8,7.61,25035.38,2025-01-27,2
Exportador_04,Estados Unidos,Rosas,1864.7,8.0,14917.6,2025-01-27,2
Exportador_04,Estados Unidos,Rosas,1417.8,8.74,12391.57,2025-01-27,1
Exportador_04,Ucrania,Flores de verano,894.6,5.84,5224.46,2025-01-27,5
Exportador_05,Italia,Gypsophila,1061.2,5.49,5825.99,2025-01-27,3
Exportador_05,Estados Unidos,Gypsophila,589.8,5.12,3019.78,2025-01-27,3
Exportador_05,España,Claveles,471.7,4.49,2117.93,2025-01-27,4
Exportador_05,Kazajistán,Rosas,2334.4,10.29,24020.98,2025-01-27,6
Exportador_05,Países Bajos,Rosas,1156.1,7.84,9063.82,2025-01-27,4
Exportador_07,México,Rosas,413.5,7.9,3266.65,2025-01-27,3
Exportador_07,México,Rosas,1124.3,8.29,9320.45,2025-01-27,2
Exportador_07,Rusia,Rosas,826.3,8.43,6965.71,2025-01-27,7
Exportador_07,Rusia,Gypsophila,402.9,6.02,2425.46,2025-01-27,5
Exportador_09,Italia,Rosas,1383.3,8.56,11841.05,2025-01-27,4
Exportador_09,Estados Unidos,Rosas,735.2,8.64,6352.13,2025-01-27,1
Exportador_10,Kazajistán,Rosas,2887.0,10.58,30544.46,2025-01-27,5
Exportador_11,Italia,Rosas,659.7,9.27,6115.42,2025-01-27,5
Exportador_11,Canadá,Rosas,565.3,8.32,4703.3,2025-01-27,4
Exportador_01,Italia,Hortensias,324.4,8.01,2598.44,2025-01-28,6
Exportador_01,Chile,Rosas,1361.7,8.35,11370.19,2025-01-28,2
Exportador_01,Estados Unidos,Rosas,772.3,8.51,6572.27,2025-01-28,3
Exportador_01,Estados Unidos,Rosas,838.7,8.27,6936.05,2025-01-28,1
Exportador_01,Estados Unidos,Rosas,2449.6,7.4,18127.04,2025-01-28,3
Exportador_01,Estados Unidos,Gypsophila,544.0,5.33,2899.52,2025-01-28,2
Exportador_02,Estados Unidos,Gypsophila,338.4,5.13,1735.99,2025-01-28,2
Exportador_02,Estados Unidos,Rosas,1502.0,8.41,12631.82,2025-01-28,3
Exportador_02,Ucrania,Gypsophila,1015.6,5.77,5860.01,2025-01-28,6
Exportador_03,México,Rosas,1599.3,7.85,12554.5,2025-01-28,3
Exportador_04,Kazajistán,Rosas,1240.7,9.6,11910.72,2025-01-28,6
Exportador_04,Estados Unidos,Rosas,1036.7,8.77,9091.86,2025-01-28,2
Exportador_04,Ucrania,Rosas,1503.9,9.34,14046.43,2025-01-28,8
Exportador_05,Chile,Rosas,1564.6,7.21,11280.77,2025-01-28,2
Exportador_07,Estados Unidos,Rosas,674.7,8.44,5694.47,2025-01-28,1
Exportador_07,Japón,Rosas,1781.2,9.97,17758.56,2025-01-28,7
Exportador_08,España,Gypsophila,286.5,5.4,1547.1,2025-01-28,5
Exportador_11,Estados Unidos,Flores de verano,395.5,5.26,2080.33,2025-01-28,3
Exportador_13,Estados Unidos,Claveles,1299.6,4.64,6030.14,2025-01-28,2
Exportador_13,Estados Unidos,Rosas,2657.6,7.77,20649.55,2025-01-28,3
Exportador_14,Países Bajos,Gypsophila,1024.6,5.78,5922.19,2025-01-28,4
Exportador_01,Estados Unidos,Rosas,1435.6,7.75,11125.9,2025-01-29,3
Exportador_01,Chile,Rosas,625.1,8.21,5132.07,2025-01-29,2
Exportador_01,Estados Unidos,Rosas,2545.6,8.22,20924.83,2025-01-29,1
Exportador_01,Chile,Flores de verano,335.9,5.12,1719.81,2025-01-29,3
Exportador_02,Kazajistán,Rosas,1724.5,9.42,16244.79,2025-01-29,6
Exportador_02,Estados Unidos,Rosas,1016.2,8.77,8912.07,2025-01-29,3
Exportador_02,España,Rosas,593.5,8.75,5193.12,2025-01-29,5
Exportador_02,Rusia,Gypsophila,982.1,7.02,6894.34,2025-01-29,6
Exportador_03,España,Rosas,666.5,9.04,6025.16,2025-01-29,4
Exportador_03,Italia,Rosas,495.2,7.71,3817.99,2025-01-29,4
Exportador_03,Estados Unidos,Gypsophila,948.2,5.96,5651.27,2025-01-29,2
Exportador_04,Estados Unidos,Rosas,1247.0,8.48,10574.56,2025-01-29,2
Exportador_04,Estados Unidos,Rosas,1091.3,7.82,8533.97,2025-01-29,2
Exportador_04,Chile,Rosas,3521.4,7.81,27502.13,2025-01-29,2
Exportador_05,Alemania,Claveles,847.1,5.18,4387.98,2025-01-29,3
Exportador_05,España,Rosas,1611.3,9.02,14533.93,2025-01-29,3
Exportador_07,Ucrania,Crisantemos,850.2,4.54,3859.91,2025-01-29,5
Exportador_07,España,Rosas,1621.9,8.36,13559.08,2025-01-29,6
Exportador_07,México,Rosas,2707.6,7.55,20442.38,2025-01-29,2
Exportador_08,Estados Unidos,Rosas,948.2,7.49,7102.02,2025-01-29,2
Exportador_09,España,Rosas,433.0,9.07,3927.31,2025-01-29,5
Exportador_09,España,Gypsophila,835.7,5.4,4512.78,2025-01-29,6
Exportador_09,Países Bajos,Rosas,849.6,9.04,7680.38,2025-01-29,3
Exportador_10,Rusia,Rosas,1699.4,9.6,16314.24,2025-01-29,6
Exportador_10,Canadá,Rosas,1059.6,8.31,8805.28,2025-01-29,4
Exportador_10,Canadá,Rosas,575.8,9.13,5257.05,2025-01-29,4
Exportador_12,Estados Unidos,Rosas,1793.9,7.96,14279.44,2025-01-29,2
Exportador_12,Países Bajos,Rosas,1041.7,9.21,9594.06,2025-01-29,5
Exportador_13,Ucrania,Rosas,2198.7,9.6,21107.52,2025-01-29,5
Exportador_01,Japón,Claveles,1428.4,5.3,7570.52,2025-01-30,7
Exportador_01,Estados Unidos,Rosas,1200.1,8.18,9816.82,2025-01-30,1
Exportador_01,Países Bajos,Rosas,668.6,8.86,5923.8,2025-01-30,5
Exportador_01,España,Rosas,578.6,7.78,4501.51,2025-01-30,5
Exportador_03,Estados Unidos,Rosas,569.0,8.08,4597.52,2025-01-30,3
Exportador_03,Estados Unidos,Rosas,1364.0,7.72,10530.08,2025-01-30,3
Exportador_03,Chile,Rosas,1093.7,7.29,7973.07,2025-01-30,3
Exportador_03,Italia,Rosas,544.8,9.09,4952.23,2025-01-30,3
Exportador_04,Chile,Rosas,4561.1,7.16,32657.48,2025-01-30,4
Exportador_05,Países Bajos,Hortensias,134.0,7.2,964.8,2025-01-30,6
Exportador_05,Estados Unidos,Rosas,1914.5,8.92,17077.34,2025-01-30,3
Exportador_07,Italia,Rosas,1669.7,8.05,13441.09,2025-01-30,4
Exportador_07,Países Bajos,Rosas,871.5,8.42,7338.03,2025-01-30,6
Exportador_08,México,Rosas,5775.6,7.21,41642.08,2025-01-30,2
Exportador_08,Japón,Claveles,857.7,5.58,4785.97,2025-01-30,5
Exportador_11,Estados Unidos,Rosas,1017.8,7.68,7816.7,2025-01-30,3
Exportador_12,Estados Unidos,Rosas,1202.1,8.08,9712.97,2025-01-30,3
Exportador_01,Canadá,Rosas,975.8,8.17,7972.29,2025-01-31,3
Exportador_01,Estados Unidos,Rosas,601.7,8.69,5228.77,2025-01-31,1
Exportador_02,Países Bajos,Rosas,910.4,8.43,7674.67,2025-01-31,3
Exportador_02,Canadá,Rosas,815.7,7.77,6337.99,2025-01-31,4
Exportador_02,Estados Unidos,Rosas,1425.9,8.14,11606.83,2025-01-31,2
Exportador_02,Estados Unidos,Rosas,972.1,7.44,7232.42,2025-01-31,1
Exportador_02,Países Bajos,Rosas,998.6,8.45,8438.17,2025-01-31,6
Exportador_03,Estados Unidos,Rosas,542.6,8.93,4845.42,2025-01-31,1
Exportador_04,Rusia,Rosas,664.5,8.57,5694.77,2025-01-31,4
Exportador_04,Países Bajos,Rosas,652.8,7.72,5039.62,2025-01-31,3
Exportador_04,Estados Unidos,Gypsophila,450.3,5.87,2643.26,2025-01-31,1
Exportador_05,Estados Unidos,Rosas,2099.9,8.48,17807.15,2025-01-31,2
Exportador_05,Estados Unidos,Rosas,1110.4,7.6,8439.04,2025-01-31,1
Exportador_05,Estados Unidos,Rosas,1343.0,8.83,11858.69,2025-01-31,1
Exportador_06,Estados Unidos,Rosas,2057.7,7.54,15515.06,2025-01-31,3
Exportador_06,Rusia,Hortensias,362.8,9.48,3439.34,2025-01-31,5
Exportador_07,Rusia,Rosas,666.7,10.22,6813.67,2025-01-31,7
Exportador_08,Ucrania,Rosas,957.9,8.35,7998.46,2025-01-31,5
Exportador_14,España,Crisantemos,2254.3,4.59,10347.24,2025-01-31,3
Exportador_14,Estados Unidos,Rosas,828.0,7.38,6110.64,2025-01-31,2
Exportador_15,Kazajistán,Flores de verano,1072.7,5.57,5974.94,2025-01-31,8
Exportador_01,Estados Unidos,Rosas,881.2,8.12,7155.34,2025-02-01,2
Exportador_01,México,Rosas,619.3,7.56,4681.91,2025-02-01,3
Exportador_01,Estados Unidos,Rosas,565.1,7.33,4142.18,2025-02-01,3
Exportador_01,Estados Unidos,Claveles,1487.1,4.29,6379.66,2025-02-01,3
Exportador_01,Rusia,Rosas,803.9,9.35,7516.46,2025-02-01,4
Exportador_01,Estados Unidos,Rosas,455.5,8.25,3757.88,2025-02-01,3
Exportador_02,Ucrania,Rosas,931.5,9.07,8448.7,2025-02-01,8
Exportador_02,Estados Unidos,Hortensias,98.4,7.89,776.38,2025-02-01,1
Exportador_02,Estados Unidos,Rosas,549.1,7.91,4343.38,2025-02-01,1
Exportador_03,Canadá,Flores de verano,383.0,5.68,2175.44,2025-02-01,4
Exportador_03,Canadá,Hortensias,606.2,8.45,5122.39,2025-02-01,3
Exportador_05,Estados Unidos,Rosas,797.0,7.65,6097.05,2025-02-01,1
Exportador_06,Estados Unidos,Gypsophila,846.9,5.24,4437.76,2025-02-01,2
Exportador_08,Italia,Rosas,717.0,8.94,6409.98,2025-02-01,5
Exportador_09,Rusia,Rosas,665.8,9.1,6058.78,2025-02-01,6
Exportador_10,Estados Unidos,Rosas,1859.6,8.23,15304.51,2025-02-01,3
Exportador_11,Estados Unidos,Rosas,1284.4,8.08,10377.95,2025-02-01,2
Exportador_12,Alemania,Rosas,2025.0,8.16,16524.0,2025-02-01,6
Exportador_13,Rusia,Rosas,352.8,9.03,3185.78,2025-02-01,7
Exportador_13,Rusia,Rosas,1108.9,9.38,10401.48,2025-02-01,5
Exportador_15,Estados Unidos,Hortensias,288.9,7.08,2045.41,2025-02-01,2
Exportador_01,Kazajistán,Rosas,894.4,9.64,8622.02,2025-02-02,9
Exportador_01,Estados Unidos,Rosas,3321.2,8.67,28794.8,2025-02-02,2
Exportador_01,Italia,Gypsophila,400.5,5.83,2334.91,2025-02-02,6
Exportador_01,México,Crisantemos,1110.0,4.09,4539.9,2025-02-02,4
Exportador_01,Estados Unidos,Rosas,932.7,7.74,7219.1,2025-02-02,2
Exportador_01,Países Bajos,Rosas,1738.7,8.05,13996.54,2025-02-02,3
Exportador_01,Alemania,Rosas,593.9,8.08,4798.71,2025-02-02,5
Exportador_02,Japón,Rosas,885.5,9.17,8120.03,2025-02-02,5
Exportador_02,Estados Unidos,Flores de verano,296.8,5.33,1581.94,2025-02-02,2
Exportador_02,España,Gypsophila,603.6,6.42,3875.11,2025-02-02,3
Exportador_02,Estados Unidos,Rosas,617.1,7.82,4825.72,2025-02-02,1
Exportador_02,Estados Unidos,Rosas,629.2,7.92,4983.26,2025-02-02,1
Exportador_03,Países Bajos,Hortensias,358.0,7.15,2559.7,2025-02-02,6
Exportador_03,Estados Unidos,Flores de verano,386.1,4.91,1895.75,2025-02-02,2
Exportador_03,Estados Unidos,Rosas,2546.2,7.87,20038.59,2025-02-02,3
Exportador_03,Estados Unidos,Rosas,2056.3,7.43,15278.31,2025-02-02,1
Exportador_04,Estados Unidos,Hortensias,554.8,7.27,4033.4,2025-02-02,3
Exportador_04,México,Rosas,788.4,7.83,6173.17,2025-02-02,3
Exportador_05,Países Bajos,Hortensias,632.9,8.1,5126.49,2025-02-02,5
Exportador_06,Japón,Claveles,1192.8,5.32,6345.7,2025-02-02,6
Exportador_07,Estados Unidos,Rosas,674.4,7.59,5118.7,2025-02-02,3
Exportador_08,Estados Unidos,Hortensias,262.2,7.65,2005.83,2025-02-02,2
Exportador_08,Estados Unidos,Rosas,1370.4,8.41,11525.06,2025-02-02,2
Exportador_10,Rusia,Rosas,921.9,9.67,8914.77,2025-02-02,6
Exportador_11,Estados Unidos,Claveles,1221.7,4.47,5461.0,2025-02-02,3
Exportador_13,Estados Unidos,Rosas,1614.9,8.07,13032.24,2025-02-02,3
Exportador_14,Estados Unidos,Rosas,988.5,8.61,8510.98,2025-02-02,3
Exportador_15,Estados Unidos,Rosas,2165.2,8.09,17516.47,2025-02-02,1
Exportador_01,Kazajistán,Rosas,883.8,9.83,8687.75,2025-02-03,8
Exportador_01,Países Bajos,Rosas,2074.8,8.03,16660.64,2025-02-03,3
Exportador_01,Canadá,Rosas,2126.5,8.45,17968.92,2025-02-03,4
Exportador_01,España,Rosas,1304.1,8.85,11541.28,2025-02-03,6
Exportador_01,Países Bajos,Rosas,896.5,8.63,7736.8,2025-02-03,6
Exportador_01,Italia,Crisantemos,405.7,4.33,1756.68,2025-02-03,4
Exportador_03,Kazajistán,Rosas,1344.0,9.52,12794.88,2025-02-03,8
Exportador_04,Chile,Rosas,638.6,7.92,5057.71,2025-02-03,4
Exportador_07,España,Rosas,989.1,8.63,8535.93,2025-02-03,4
Exportador_07,Estados Unidos,Rosas,572.8,8.2,4696.96,2025-02-03,3
Exportador_07,Rusia,Rosas,1651.2,9.51,15702.91,2025-02-03,7
Exportador_08,Estados Unidos,Claveles,1639.1,4.36,7146.48,2025-02-03,3
Exportador_08,Italia,Rosas,668.2,9.0,6013.8,2025-02-03,5
Exportador_09,Países Bajos,Rosas,1732.0,7.75,13423.0,2025-02-03,5
Exportador_09,Japón,Rosas,1230.2,9.78,12031.36,2025-02-03,6
Exportador_09,Países Bajos,Rosas,566.5,9.0,5098.5,2025-02-03,6
Exportador_10,Estados Unidos,Rosas,3357.3,8.38,28134.17,2025-02-03,2
Exportador_11,Estados Unidos,Hortensias,429.8,6.99,3004.3,2025-02-03,1
Exportador_11,Estados Unidos,Gypsophila,328.0,5.2,1705.6,2025-02-03,3
Exportador_14,Estados Unidos,Gypsophila,506.6,5.34,2705.24,2025-02-03,2
Exportador_14,Estados Unidos,Rosas,278.1,8.3,2308.23,2025-02-03,3
Exportador_14,Estados Unidos,Rosas,383.0,8.0,3064.0,2025-02-03,3
Exportador_14,Italia,Rosas,1289.6,8.45,10897.12,2025-02-03,3
Exportador_01,Estados Unidos,Gypsophila,470.9,5.69,2679.42,2025-02-04,2
Exportador_01,Estados Unidos,Rosas,1299.9,7.89,10256.21,2025-02-04,3
Exportador_01,Países Bajos,Rosas,949.0,8.65,8208.85,2025-02-04,5
Exportador_01,Italia,Rosas,2403.9,8.34,20048.53,2025-02-04,6
Exportador_01,Estados Unidos,Rosas,1186.9,7.38,8759.32,2025-02-04,2
Exportador_02,Canadá,Crisantemos,648.0,4.57,2961.36,2025-02-04,2
Exportador_02,Chile,Rosas,1466.0,8.32,12197.12,2025-02-04,4
Exportador_03,Estados Unidos,Claveles,233.4,4.32,1008.29,2025-02-04,3
Exportador_04,Ucrania,Rosas,1552.2,8.73,13550.71,2025-02-04,5
Exportador_04,Estados Unidos,Rosas,1629.4,8.82,14371.31,2025-02-04,1
Exportador_05,Japón,Rosas,1059.3,10.08,10677.74,2025-02-04,6
Exportador_06,Canadá,Crisantemos,437.9,4.48,1961.79,2025-02-04,2
Exportador_06,España,Rosas,1585.2,9.03,14314.36,2025-02-04,5
Exportador_06,España,Rosas,1152.9,8.95,10318.45,2025-02-04,5
Exportador_07,Japón,Gypsophila,213.3,6.68,1424.84,2025-02-04,8
Exportador_08,Canadá,Rosas,1337.1,8.28,11071.19,2025-02-04,3
Exportador_09,Rusia,Rosas,644.8,10.24,6602.75,2025-02-04,7
Exportador_12,Rusia,Gypsophila,822.0,6.53,5367.66,2025-02-04,7
Exportador_13,Rusia,Hortensias,606.5,8.42,5106.73,2025-02-04,6
Exportador_14,Chile,Rosas,1736.4,7.73,13422.37,2025-02-04,2
Exportador_14,Estados Unidos,Rosas,1580.5,8.71,13766.16,2025-02-04,2
Exportador_01,Rusia,Gypsophila,702.4,6.1,4284.64,2025-02-05,7
Exportador_01,Estados Unidos,Rosas,2153.5,8.59,18498.56,2025-02-05,1
Exportador_01,Estados Unidos,Rosas,2167.5,8.81,19095.67,2025-02-05,3
Exportador_01,Rusia,Rosas,712.3,9.99,7115.88,2025-02-05,7
Exportador_01,Kazajistán,Rosas,898.9,10.2,9168.78,2025-02-05,5
Exportador_01,Estados Unidos,Rosas,773.8,8.81,6817.18,2025-02-05,1
Exportador_01,Rusia,Rosas,1421.4,8.55,12152.97,2025-02-05,5
Exportador_01,Países Bajos,Gypsophila,294.0,6.26,1840.44,2025-02-05,6
Exportador_02,Países Bajos,Claveles,391.4,4.47,1749.56,2025-02-05,3
Exportador_02,Estados Unidos,Claveles,787.0,4.41,3470.67,2025-02-05,2
Exportador_03,Estados Unidos,Rosas,920.5,8.81,8109.61,2025-02-05,3
Exportador_03,Estados Unidos,Rosas,796.8,8.63,6876.38,2025-02-05,2
Exportador_03,Canadá,Rosas,853.3,8.04,6860.53,2025-02-05,2
Exportador_04,España,Rosas,1193.8,7.78,9287.76,2025-02-05,6
Exportador_05,Chile,Rosas,736.8,7.51,5533.37,2025-02-05,3
Exportador_05,Estados Unidos,Rosas,698.1,8.76,6115.36,2025-02-05,1
Exportador_06,Canadá,Claveles,878.9,4.77,4192.35,2025-02-05,4
Exportador_07,Rusia,Hortensias,317.9,8.49,2698.97,2025-02-05,6
Exportador_07,Ucrania,Claveles,893.6,5.29,4727.14,2025-02-05,4
Exportador_07,México,Rosas,1575.0,8.46,13324.5,2025-02-05,2
Exportador_09,Alemania,Rosas,911.9,8.02,7313.44,2025-02-05,5
Exportador_09,Kazajistán,Gypsophila,606.7,6.59,3998.15,2025-02-05,5
Exportador_10,México,Flores de verano,282.9,4.56,1290.02,2025-02-05,4
Exportador_10,Japón,Rosas,1315.7,9.77,12854.39,2025-02-05,5
Exportador_10,Estados Unidos,Claveles,429.9,4.16,1788.38,2025-02-05,3
Exportador_10,Japón,Rosas,997.4,9.21,9186.05,2025-02-05,5
Exportador_10,Estados Unidos,Rosas,733.4,7.9,5793.86,2025-02-05,3
Exportador_13,Rusia,Rosas,1417.0,9.87,13985.79,2025-02-05,6
Exportador_14,Rusia,Crisantemos,1021.8,4.59,4690.06,2025-02-05,7
Exportador_15,Estados Unidos,Claveles,332.1,4.55,1511.06,2025-02-05,3
Exportador_01,Estados Unidos,Rosas,1014.9,8.14,8261.29,2025-02-06,2
Exportador_01,España,Rosas,580.4,9.1,5281.64,2025-02-06,3
Exportador_02,España,Rosas,562.2,8.22,4621.28,2025-02-06,6
Exportador_02,Japón,Rosas,745.6,10.6,7903.36,2025-02-06,5
Exportador_02,Rusia,Rosas,744.7,8.63,6426.76,2025-02-06,7
Exportador_03,Estados Unidos,Rosas,740.0,7.36,5446.4,2025-02-06,2
Exportador_04,Estados Unidos,Rosas,271.1,7.77,2106.45,2025-02-06,1
Exportador_04,Estados Unidos,Gypsophila,581.0,5.68,3300.08,2025-02-06,2
Exportador_05,Italia,Rosas,2115.6,7.95,16819.02,2025-02-06,3
Exportador_06,Estados Unidos,Crisantemos,193.1,3.9,753.09,2025-02-06,2
Exportador_06,Estados Unidos,Rosas,1080.0,7.98,8618.4,2025-02-06,3
Exportador_06,España,Rosas,1889.8,8.13,15364.07,2025-02-06,3
Exportador_09,Kazajistán,Rosas,1082.8,9.88,10698.06,2025-02-06,9
Exportador_09,Chile,Rosas,400.5,7.38,2955.69,2025-02-06,2
Exportador_11,Estados Unidos,Rosas,905.0,8.65,7828.25,2025-02-06,2
Exportador_13,Estados Unidos,Rosas,544.2,8.92,4854.26,2025-02-06,3
Exportador_01,Estados Unidos,Gypsophila,477.8,5.79,2766.46,2025-02-07,1
Exportador_01,Japón,Rosas,1015.2,9.51,9654.55,2025-02-07,7
Exportador_01,Estados Unidos,Crisantemos,505.5,3.73,1885.52,2025-02-07,2
Exportador_02,Países Bajos,Flores de verano,423.2,5.67,2399.54,2025-02-07,3
Exportador_02,Estados Unidos,Rosas,1803.7,7.85,14159.05,2025-02-07,2
Exportador_03,Alemania,Crisantemos,462.1,4.53,2093.31,2025-02-07,4
Exportador_03,Estados Unidos,Rosas,749.6,7.43,5569.53,2025-02-07,1
Exportador_04,Kazajistán,Rosas,958.4,10.04,9622.34,2025-02-07,6
Exportador_04,Japón,Rosas,1684.2,11.03,18576.73,2025-02-07,6
Exportador_05,Chile,Rosas,1977.3,7.84,15502.03,2025-02-07,3
Exportador_06,Estados Unidos,Rosas,1736.8,7.87,13668.62,2025-02-07,2
Exportador_06,Estados Unidos,Rosas,2419.7,8.02,19405.99,2025-02-07,2
Exportador_08,Ucrania,Claveles,435.4,5.1,2220.54,2025-02-07,8
Exportador_10,Estados Unidos,Rosas,1315.6,7.59,9985.4,2025-02-07,3
Exportador_11,Alemania,Rosas,775.8,9.16,7106.33,2025-02-07,3
Exportador_12,Países Bajos,Rosas,1637.7,8.09,13248.99,2025-02-07,3
Exportador_13,Estados Unidos,Rosas,2230.6,7.99,17822.49,2025-02-07,3
Exportador_14,Chile,Gypsophila,556.9,4.94,2751.09,2025-02-07,4
Exportador_15,España,Rosas,1369.7,8.15,11163.06,2025-02-07,3
Exportador_15,Ucrania,Rosas,1567.2,8.27,12960.74,2025-02-07,7
Exportador_01,Rusia,Rosas,708.1,10.03,7102.24,2025-02-08,4
Exportador_01,Kazajistán,Rosas,1104.1,10.17,11228.7,2025-02-08,7
Exportador_01,Alemania,Rosas,1392.9,8.3,11561.07,2025-02-08,3
Exportador_01,Japón,Rosas,1166.0,9.52,11100.32,2025-02-08,5
Exportador_01,Canadá,Rosas,563.0,8.76,4931.88,2025-02-08,4
Exportador_01,Estados Unidos,Rosas,605.5,7.35,4450.43,2025-02-08,3
Exportador_01,Japón,Rosas,2021.4,9.4,19001.16,2025-02-08,8
Exportador_01,Estados Unidos,Rosas,1662.3,7.47,12417.38,2025-02-08,1
Exportador_01,Estados Unidos,Rosas,800.0,7.66,6128.0,2025-02-08,3
Exportador_01,Rusia,Rosas,1612.1,10.1,16282.21,2025-02-08,5
Exportador_01,Rusia,Rosas,1287.0,9.68,12458.16,2025-02-08,4
Exportador_01,Países Bajos,Rosas,818.8,9.02,7385.58,2025-02-08,5
Exportador_03,Alemania,Hortensias,364.8,8.15,2973.12,2025-02-08,4
Exportador_03,Estados Unidos,Rosas,1601.5,7.71,12347.57,2025-02-08,2
Exportador_03,Kazajistán,Rosas,1264.3,10.05,12706.22,2025-02-08,9
Exportador_04,Estados Unidos,Gypsophila,474.6,5.75,2728.95,2025-02-08,2
Exportador_04,Rusia,Rosas,1919.1,9.87,18941.52,2025-02-08,6
Exportador_04,Países Bajos,Rosas,1314.1,8.96,11774.34,2025-02-08,4
Exportador_05,Alemania,Rosas,949.8,8.43,8006.81,2025-02-08,6
Exportador_06,Estados Unidos,Flores de verano,395.7,4.64,1836.05,2025-02-08,1
Exportador_06,Ucrania,Flores de verano,511.8,5.39,2758.6,2025-02-08,8
Exportador_06,Estados Unidos,Rosas,936.3,7.93,7424.86,2025-02-08,2
Exportador_07,Estados Unidos,Gypsophila,362.2,5.55,2010.21,2025-02-08,1
Exportador_08,Alemania,Rosas,1799.0,8.7,15651.3,2025-02-08,3
Exportador_10,Estados Unidos,Rosas,737.4,8.21,6054.05,2025-02-08,1
Exportador_11,Estados Unidos,Rosas,1831.9,7.34,13446.15,2025-02-08,3
Exportador_12,Estados Unidos,Hortensias,276.0,7.1,1959.6,2025-02-08,3
Exportador_12,Chile,Rosas,1389.2,7.56,10502.35,2025-02-08,2
Exportador_14,Estados Unidos,Rosas,1411.3,7.5,10584.75,2025-02-08,3
Exportador_01,Italia,Rosas,1455.3,8.93,12995.83,2025-02-09,6
Exportador_01,Países Bajos,Rosas,2436.2,8.3,20220.46,2025-02-09,5
Exportador_01,Estados Unidos,Rosas,2003.1,7.67,15363.78,2025-02-09,3
Exportador_01,Japón,Gypsophila,1857.1,6.66,12368.29,2025-02-09,7
Exportador_01,Estados Unidos,Rosas,923.3,8.74,8069.64,2025-02-09,1
Exportador_01,Rusia,Rosas,1342.1,9.31,12494.95,2025-02-09,7
Exportador_01,Rusia,Rosas,1003.9,9.43,9466.78,2025-02-09,5
Exportador_02,Canadá,Rosas,800.3,8.72,6978.62,2025-02-09,2
Exportador_02,España,Rosas,2087.3,8.78,18326.49,2025-02-09,5
Exportador_02,Estados Unidos,Rosas,1095.9,7.55,8274.05,2025-02-09,3
Exportador_02,Rusia,Gypsophila,1179.0,7.07,8335.53,2025-02-09,4
Exportador_02,Chile,Rosas,463.4,7.5,3475.5,2025-02-09,3
Exportador_03,Italia,Rosas,1481.0,8.0,11848.0,2025-02-09,4
Exportador_04,Kazajistán,Flores de verano,276.8,6.68,1849.02,2025-02-09,9
Exportador_05,Estados Unidos,Rosas,641.9,8.41,5398.38,2025-02-09,1
Exportador_06,Estados Unidos,Rosas,414.1,7.32,3031.21,2025-02-09,3
Exportador_07,Estados Unidos,Rosas,1075.2,7.86,8451.07,2025-02-09,3
Exportador_07,Estados Unidos,Rosas,844.4,8.21,6932.52,2025-02-09,2
Exportador_09,México,Rosas,1158.3,7.29,8444.01,2025-02-09,4
Exportador_09,Estados Unidos,Rosas,2301.9,7.68,17678.59,2025-02-09,1
Exportador_09,Rusia,Rosas,1012.9,9.99,10118.87,2025-02-09,5
Exportador_10,Italia,Crisantemos,264.1,4.49,1185.81,2025-02-09,6
Exportador_11,Rusia,Rosas,1264.3,10.04,12693.57,2025-02-09,7
Exportador_14,Estados Unidos,Flores de verano,401.7,5.07,2036.62,2025-02-09,1
Exportador_15,Rusia,Rosas,785.9,9.71,7631.09,2025-02-09,5
Exportador_01,Países Bajos,Rosas,1560.9,8.9,13892.01,2025-02-10,4
Exportador_01,Chile,Rosas,2252.1,7.54,16980.83,2025-02-10,2
Exportador_01,Estados Unidos,Crisantemos,384.5,3.95,1518.78,2025-02-10,2
Exportador_01,Estados Unidos,Claveles,350.2,4.14,1449.83,2025-02-10,2
Exportador_01,Estados Unidos,Rosas,736.7,8.51,6269.32,2025-02-10,1
Exportador_02,Estados Unidos,Rosas,664.2,7.93,5267.11,2025-02-10,1
Exportador_02,Estados Unidos,Rosas,414.5,7.5,3108.75,2025-02-10,3
Exportador_02,Canadá,Claveles,388.6,4.66,1810.88,2025-02-10,3
Exportador_02,Kazajistán,Rosas,1006.5,10.51,10578.32,2025-02-10,6
Exportador_03,Estados Unidos,Rosas,1769.7,7.55,13361.24,2025-02-10,3
Exportador_03,Estados Unidos,Flores de verano,749.7,4.88,3658.54,2025-02-10,2
Exportador_03,Estados Unidos,Rosas,1268.2,8.35,10589.47,2025-02-10,1
Exportador_04,Estados Unidos,Rosas,702.0,8.42,5910.84,2025-02-10,2
Exportador_06,Italia,Rosas,366.1,9.24,3382.76,2025-02-10,5
Exportador_06,Estados Unidos,Rosas,918.7,8.88,8158.06,2025-02-10,2
Exportador_07,Estados Unidos,Rosas,1375.7,7.84,10785.49,2025-02-10,2
Exportador_07,Estados Unidos,Rosas,2263.0,7.45,16859.35,2025-02-10,3
Exportador_08,Estados Unidos,Rosas,530.8,7.46,3959.77,2025-02-10,2
Exportador_14,Rusia,Rosas,819.6,9.14,7491.14,2025-02-10,6
Exportador_14,Estados Unidos,Rosas,1111.2,7.42,8245.1,2025-02-10,3
Exportador_15,Italia,Rosas,1083.8,8.79,9526.6,2025-02-10,3
Exportador_01,Países Bajos,Rosas,528.3,6.15,3249.05,2025-02-11,5
Exportador_01,Estados Unidos,Rosas,887.9,6.39,5673.68,2025-02-11,2
Exportador_02,Italia,Rosas,449.4,6.77,3042.44,2025-02-11,4
Exportador_04,Países Bajos,Rosas,985.6,6.56,6465.54,2025-02-11,5
Exportador_06,Chile,Rosas,645.3,6.63,4278.34,2025-02-11,2
Exportador_06,Estados Unidos,Rosas,1007.8,6.56,6611.17,2025-02-11,1
Exportador_09,Estados Unidos,Rosas,941.6,7.08,6666.53,2025-02-11,1
Exportador_09,Estados Unidos,Rosas,251.2,6.87,1725.74,2025-02-11,1
Exportador_15,Rusia,Gypsophila,1161.3,5.61,6514.89,2025-02-11,5
Exportador_02,Estados Unidos,Rosas,277.6,5.9,1637.84,2025-02-12,2
Exportador_02,Estados Unidos,Rosas,1592.5,7.08,11274.9,2025-02-12,2
Exportador_03,Estados Unidos,Rosas,1212.6,6.34,7687.88,2025-02-12,2
Exportador_04,Estados Unidos,Rosas,914.2,6.85,6262.27,2025-02-12,3
Exportador_04,Estados Unidos,Claveles,467.4,3.42,1598.51,2025-02-12,2
Exportador_04,Estados Unidos,Rosas,608.0,7.14,4341.12,2025-02-12,1
Exportador_06,Alemania,Rosas,2114.4,6.62,13997.33,2025-02-12,6
Exportador_06,España,Rosas,934.0,6.66,6220.44,2025-02-12,5
Exportador_09,Estados Unidos,Hortensias,177.9,5.86,1042.49,2025-02-12,1
Exportador_02,Canadá,Rosas,1330.8,7.16,9528.53,2025-02-13,2
Exportador_03,Alemania,Gypsophila,447.0,4.45,1989.15,2025-02-13,6
Exportador_05,Rusia,Gypsophila,497.7,4.97,2473.57,2025-02-13,4
Exportador_05,Rusia,Flores de verano,744.5,4.31,3208.79,2025-02-13,4
Exportador_08,Rusia,Claveles,539.4,4.26,2297.84,2025-02-13,4
Exportador_02,Italia,Rosas,1208.1,6.52,7876.81,2025-02-14,5
Exportador_03,Rusia,Rosas,1785.7,7.06,12607.04,2025-02-14,6
Exportador_04,Italia,Gypsophila,295.6,5.09,1504.6,2025-02-14,5
Exportador_05,Estados Unidos,Crisantemos,286.8,2.92,837.46,2025-02-14,1
Exportador_05,Estados Unidos,Rosas,1131.3,6.64,7511.83,2025-02-14,3
Exportador_06,Rusia,Hortensias,957.7,6.51,6234.63,2025-02-14,5
Exportador_08,Alemania,Crisantemos,322.8,3.34,1078.15,2025-02-14,3
Exportador_09,Estados Unidos,Rosas,1243.2,6.09,7571.09,2025-02-14,3
Exportador_13,Kazajistán,Rosas,995.3,7.12,7086.54,2025-02-14,9
Exportador_01,Estados Unidos,Rosas,1072.0,6.33,6785.76,2025-02-15,2
Exportador_02,Países Bajos,Crisantemos,178.2,3.43,611.23,2025-02-15,5
Exportador_02,Estados Unidos,Rosas,768.9,5.88,4521.13,2025-02-15,1
Exportador_03,España,Rosas,332.8,6.36,2116.61,2025-02-15,3
Exportador_05,Japón,Rosas,949.5,7.88,7482.06,2025-02-15,6
Exportador_08,Estados Unidos,Rosas,809.1,6.69,5412.88,2025-02-15,2
Exportador_09,Italia,Rosas,974.9,6.79,6619.57,2025-02-15,6
Exportador_09,Rusia,Rosas,971.8,7.09,6890.06,2025-02-15,4
Exportador_01,Chile,Rosas,218.2,6.2,1352.84,2025-02-16,2
Exportador_01,Ucrania,Rosas,454.4,7.63,3467.07,2025-02-16,8
Exportador_01,Estados Unidos,Rosas,450.5,6.86,3090.43,2025-02-16,1
Exportador_02,México,Rosas,2063.7,5.59,11536.08,2025-02-16,4
Exportador_04,Estados Unidos,Rosas,1894.7,6.86,12997.64,2025-02-16,1
Exportador_09,Italia,Rosas,1178.9,6.48,7639.27,2025-02-16,3
Exportador_01,Estados Unidos,Gypsophila,635.9,4.26,2708.93,2025-02-17,2
Exportador_01,Estados Unidos,Rosas,3513.0,6.57,23080.41,2025-02-17,1
Exportador_01,Estados Unidos,Rosas,564.3,5.93,3346.3,2025-02-17,1
Exportador_02,Alemania,Hortensias,410.9,6.7,2753.03,2025-02-17,6
Exportador_02,Estados Unidos,Rosas,1286.3,6.15,7910.74,2025-02-17,3
Exportador_03,Japón,Claveles,323.3,4.66,1506.58,2025-02-17,6
Exportador_05,España,Rosas,749.5,6.79,5089.11,2025-02-17,3
Exportador_09,Kazajistán,Flores de verano,155.9,5.37,837.18,2025-02-17,6
Exportador_15,Estados Unidos,Hortensias,267.3,6.25,1670.62,2025-02-17,2
Exportador_01,Estados Unidos,Gypsophila,419.1,4.91,2057.78,2025-02-18,1
Exportador_01,Chile,Rosas,338.1,6.28,2123.27,2025-02-18,2
Exportador_01,Estados Unidos,Rosas,1458.6,5.96,8693.26,2025-02-18,3
Exportador_01,Países Bajos,Flores de verano,790.4,4.51,3564.7,2025-02-18,4
Exportador_02,Países Bajos,Claveles,620.8,3.81,2365.25,2025-02-18,6
Exportador_04,Estados Unidos,Gypsophila,313.4,4.83,1513.72,2025-02-18,1
Exportador_05,Países Bajos,Rosas,509.0,7.44,3786.96,2025-02-18,4
Exportador_05,Estados Unidos,Rosas,1321.3,6.11,8073.14,2025-02-18,2
Exportador_07,Japón,Rosas,608.1,8.36,5083.72,2025-02-18,8
Exportador_08,Ucrania,Flores de verano,184.5,4.18,771.21,2025-02-18,5
Exportador_11,Países Bajos,Rosas,1622.5,6.92,11227.7,2025-02-18,3
Exportador_01,Estados Unidos,Rosas,829.5,6.82,5657.19,2025-02-19,1
Exportador_08,Países Bajos,Rosas,525.7,6.97,3664.13,2025-02-19,5
Exportador_09,Estados Unidos,Gypsophila,694.2,4.93,3422.41,2025-02-19,3
Exportador_12,Kazajistán,Rosas,699.6,8.55,5981.58,2025-02-19,7
Exportador_03,Canadá,Rosas,588.8,7.2,4239.36,2025-02-20,3
Exportador_09,Estados Unidos,Rosas,986.6,6.47,6383.3,2025-02-20,3
Exportador_14,Países Bajos,Rosas,627.2,7.19,4509.57,2025-02-20,6
Exportador_01,Países Bajos,Gypsophila,194.0,4.69,909.86,2025-02-21,5
Exportador_01,Italia,Hortensias,288.6,6.34,1829.72,2025-02-21,4
Exportador_02,Estados Unidos,Rosas,452.1,6.55,2961.26,2025-02-21,1
Exportador_02,Kazajistán,Crisantemos,202.5,3.83,775.58,2025-02-21,7
Exportador_04,Italia,Rosas,403.4,7.11,2868.17,2025-02-21,6
Exportador_04,Estados Unidos,Rosas,2233.7,6.97,15568.89,2025-02-21,2
Exportador_05,Estados Unidos,Gypsophila,695.4,4.84,3365.74,2025-02-21,3
Exportador_15,Alemania,Gypsophila,451.0,5.31,2394.81,2025-02-21,3
Exportador_01,España,Gypsophila,497.7,4.6,2289.42,2025-02-22,3
Exportador_01,Kazajistán,Rosas,744.9,10.3,7672.47,2025-02-22,5
Exportador_01,Chile,Gypsophila,1040.6,4.39,4568.23,2025-02-22,3
Exportador_02,Estados Unidos,Rosas,1853.5,6.74,12492.59,2025-02-22,2
Exportador_03,Estados Unidos,Gypsophila,517.2,4.56,2358.43,2025-02-22,2
Exportador_03,Rusia,Gypsophila,697.3,6.51,4539.42,2025-02-22,6
Exportador_03,Rusia,Crisantemos,823.3,4.68,3853.04,2025-02-22,6
Exportador_05,Estados Unidos,Rosas,1531.5,6.61,10123.22,2025-02-22,1
Exportador_06,Estados Unidos,Flores de verano,249.4,4.16,1037.5,2025-02-22,1
Exportador_07,Países Bajos,Claveles,389.8,4.06,1582.59,2025-02-22,4
Exportador_08,Rusia,Gypsophila,1890.6,6.62,12515.77,2025-02-22,5
Exportador_09,Países Bajos,Flores de verano,140.1,4.18,585.62,2025-02-22,3
Exportador_14,Estados Unidos,Rosas,946.6,7.07,6692.46,2025-02-22,1
Exportador_14,Kazajistán,Gypsophila,431.6,7.38,3185.21,2025-02-22,5
Exportador_01,Kazajistán,Gypsophila,544.2,7.36,4005.31,2025-02-23,6
Exportador_01,Alemania,Rosas,513.1,6.85,3514.74,2025-02-23,6
Exportador_02,Países Bajos,Flores de verano,205.9,4.7,967.73,2025-02-23,3
Exportador_02,Rusia,Flores de verano,984.0,5.87,5776.08,2025-02-23,7
Exportador_02,Rusia,Rosas,1034.5,9.75,10086.38,2025-02-23,7
Exportador_02,Rusia,Rosas,688.3,8.6,5919.38,2025-02-23,4
Exportador_08,España,Rosas,3051.7,6.24,19042.61,2025-02-23,5
Exportador_14,Kazajistán,Hortensias,799.5,8.45,6755.77,2025-02-23,9
Exportador_01,Estados Unidos,Crisantemos,367.6,3.26,1198.38,2025-02-24,3
Exportador_01,Alemania,Rosas,1589.3,6.34,10076.16,2025-02-24,5
Exportador_01,Rusia,Rosas,2502.5,9.41,23548.53,2025-02-24,4
Exportador_02,México,Claveles,1022.1,3.28,3352.49,2025-02-24,4
Exportador_11,Ucrania,Gypsophila,1121.8,6.63,7437.53,2025-02-24,4
Exportador_12,Estados Unidos,Rosas,1573.7,6.33,9961.52,2025-02-24,1
Exportador_13,Kazajistán,Rosas,1565.3,8.93,13978.13,2025-02-24,8
Exportador_01,Rusia,Rosas,775.5,9.93,7700.72,2025-02-25,5
Exportador_01,Rusia,Rosas,2177.3,10.02,21816.55,2025-02-25,7
Exportador_01,Estados Unidos,Rosas,622.2,5.92,3683.42,2025-02-25,1
Exportador_02,Estados Unidos,Gypsophila,359.0,4.38,1572.42,2025-02-25,1
Exportador_04,Rusia,Rosas,1534.0,9.14,14020.76,2025-02-25,4
Exportador_05,Ucrania,Rosas,1388.3,8.04,11161.93,2025-02-25,7
Exportador_07,España,Rosas,2216.5,7.41,16424.26,2025-02-25,4
Exportador_11,Rusia,Gypsophila,857.7,6.53,5600.78,2025-02-25,7
Exportador_15,Kazajistán,Rosas,449.3,9.62,4322.27,2025-02-25,8
Exportador_15,Ucrania,Rosas,241.9,9.11,2203.71,2025-02-25,6
Exportador_01,Rusia,Rosas,1821.9,8.51,15504.37,2025-02-26,5
Exportador_04,Canadá,Flores de verano,245.6,4.32,1060.99,2025-02-26,2
Exportador_07,España,Hortensias,283.3,6.74,1909.44,2025-02-26,3
Exportador_09,Ucrania,Claveles,1003.9,5.34,5360.83,2025-02-26,5
Exportador_10,Rusia,Gypsophila,1200.9,6.07,7289.46,2025-02-26,4
Exportador_12,Italia,Rosas,1061.4,7.25,7695.15,2025-02-26,5
Exportador_13,Japón,Rosas,1133.6,7.48,8479.33,2025-02-26,7
Exportador_13,México,Hortensias,823.8,5.13,4226.09,2025-02-26,2
Exportador_01,México,Claveles,952.4,3.67,3495.31,2025-02-27,3
Exportador_01,Rusia,Rosas,1894.2,8.78,16631.08,2025-02-27,6
Exportador_02,Ucrania,Rosas,522.8,8.83,4616.32,2025-02-27,7
Exportador_02,Rusia,Gypsophila,487.0,6.03,2936.61,2025-02-27,6
Exportador_02,Ucrania,Rosas,1075.5,9.28,9980.64,2025-02-27,7
Exportador_02,Rusia,Claveles,1534.3,5.44,8346.59,2025-02-27,7
Exportador_02,Estados Unidos,Rosas,1564.6,6.32,9888.27,2025-02-27,2
Exportador_02,Estados Unidos,Crisantemos,667.9,3.39,2264.18,2025-02-27,2
Exportador_03,Rusia,Flores de verano,175.2,5.96,1044.19,2025-02-27,6
Exportador_04,Japón,Rosas,1199.3,7.87,9438.49,2025-02-27,6
Exportador_04,Estados Unidos,Rosas,1258.5,7.03,8847.26,2025-02-27,1
Exportador_07,España,Rosas,518.2,7.13,3694.77,2025-02-27,6
Exportador_12,Estados Unidos,Flores de verano,464.2,3.69,1712.9,2025-02-27,3
Exportador_15,Estados Unidos,Rosas,777.3,6.66,5176.82,2025-02-27,1
Exportador_01,Canadá,Claveles,784.8,3.41,2676.17,2025-02-28,3
Exportador_01,Canadá,Rosas,706.1,6.22,4391.94,2025-02-28,2
Exportador_01,Rusia,Rosas,1527.1,9.54,14568.53,2025-02-28,4
Exportador_01,Kazajistán,Rosas,823.3,9.65,7944.85,2025-02-28,6
Exportador_02,Kazajistán,Rosas,1279.5,8.98,11489.91,2025-02-28,5
Exportador_02,Rusia,Gypsophila,458.3,5.98,2740.63,2025-02-28,5
Exportador_03,Kazajistán,Rosas,425.1,9.78,4157.48,2025-02-28,6
Exportador_03,Rusia,Crisantemos,344.0,4.16,1431.04,2025-02-28,4
Exportador_05,México,Claveles,928.8,3.14,2916.43,2025-02-28,2
Exportador_07,Rusia,Rosas,447.5,9.47,4237.83,2025-02-28,5
Exportador_08,Chile,Rosas,930.1,6.37,5924.74,2025-02-28,4
Exportador_11,Estados Unidos,Crisantemos,162.8,3.16,514.45,2025-02-28,1
Exportador_14,Estados Unidos,Rosas,1036.0,6.56,6796.16,2025-02-28,3
Exportador_15,Kazajistán,Rosas,1442.4,9.06,13068.14,2025-02-28,9
Exportador_01,Italia,Rosas,2403.3,6.2,14900.46,2025-03-01,5
Exportador_01,Rusia,Rosas,1672.3,9.79,16371.82,2025-03-01,4
Exportador_01,Estados Unidos,Rosas,1207.2,6.08,7339.78,2025-03-01,2
Exportador_01,Rusia,Rosas,838.9,9.94,8338.67,2025-03-01,4
Exportador_01,Estados Unidos,Gypsophila,402.1,4.53,1821.51,2025-03-01,3
Exportador_02,Rusia,Rosas,927.8,10.01,9287.28,2025-03-01,6
Exportador_03,Estados Unidos,Rosas,1231.0,6.31,7767.61,2025-03-01,1
Exportador_05,Kazajistán,Rosas,892.4,10.52,9388.05,2025-03-01,7
Exportador_10,Italia,Rosas,1161.3,6.84,7943.29,2025-03-01,5
Exportador_01,Estados Unidos,Rosas,2112.9,6.32,13353.53,2025-03-02,3
Exportador_01,Ucrania,Rosas,761.6,8.57,6526.91,2025-03-02,5
Exportador_01,Alemania,Rosas,686.0,6.61,4534.46,2025-03-02,4
Exportador_01,Chile,Rosas,1833.1,6.64,12171.78,2025-03-02,2
Exportador_02,Estados Unidos,Rosas,685.0,6.12,4192.2,2025-03-02,1
Exportador_02,Estados Unidos,Rosas,871.7,6.42,5596.31,2025-03-02,3
Exportador_03,Rusia,Rosas,954.4,8.61,8217.38,2025-03-02,4
Exportador_04,Japón,Rosas,876.2,8.22,7202.36,2025-03-02,8
Exportador_04,Estados Unidos,Rosas,503.6,6.4,3223.04,2025-03-02,1
Exportador_04,México,Rosas,867.3,5.83,5056.36,2025-03-02,3
Exportador_05,Estados Unidos,Rosas,675.4,6.07,4099.68,2025-03-02,3
Exportador_05,Estados Unidos,Hortensias,495.2,6.43,3184.14,2025-03-02,2
Exportador_06,Chile,Rosas,601.3,5.84,3511.59,2025-03-02,2
Exportador_06,Kazajistán,Rosas,883.6,10.26,9065.74,2025-03-02,6
Exportador_08,México,Rosas,428.1,6.19,2649.94,2025-03-02,2
Exportador_13,Rusia,Rosas,2836.9,8.86,25134.93,2025-03-02,5
Exportador_14,Países Bajos,Rosas,826.2,6.7,5535.54,2025-03-02,6
Exportador_15,Kazajistán,Flores de verano,385.0,6.39,2460.15,2025-03-02,6
Exportador_01,Rusia,Rosas,1214.8,8.91,10823.87,2025-03-03,4
Exportador_01,Kazajistán,Rosas,1055.4,9.26,9773.0,2025-03-03,5
Exportador_01,Estados Unidos,Rosas,2806.4,6.47,18157.41,2025-03-03,3
Exportador_02,España,Claveles,930.0,3.48,3236.4,2025-03-03,6
Exportador_03,Kazajistán,Rosas,2226.9,10.44,23248.84,2025-03-03,6
Exportador_06,Alemania,Flores de verano,205.6,4.3,884.08,2025-03-03,3
Exportador_07,Kazajistán,Rosas,1013.4,10.43,10569.76,2025-03-03,9
Exportador_08,México,Rosas,1199.1,5.57,6678.99,2025-03-03,2
Exportador_09,Rusia,Rosas,1039.9,10.13,10534.19,2025-03-03,7
Exportador_09,España,Rosas,451.5,7.37,3327.55,2025-03-03,5
Exportador_10,Rusia,Crisantemos,435.7,4.9,2134.93,2025-03-03,7
Exportador_15,Canadá,Rosas,984.8,6.28,6184.54,2025-03-03,2
Exportador_01,Chile,Rosas,2425.4,5.6,13582.24,2025-03-04,3
Exportador_01,Rusia,Flores de verano,415.8,6.28,2611.22,2025-03-04,6
Exportador_01,Italia,Rosas,2343.0,6.16,14432.88,2025-03-04,4
Exportador_02,Rusia,Claveles,956.1,4.89,4675.33,2025-03-04,6
Exportador_02,Países Bajos,Hortensias,356.5,6.72,2395.68,2025-03-04,5
Exportador_05,Estados Unidos,Rosas,1267.4,6.62,8390.19,2025-03-04,2
Exportador_06,Kazajistán,Rosas,1715.1,10.19,17476.87,2025-03-04,6
Exportador_08,Rusia,Rosas,1356.0,9.85,13356.6,2025-03-04,7
Exportador_08,Kazajistán,Rosas,518.4,10.71,5552.06,2025-03-04,5
Exportador_11,Estados Unidos,Rosas,1425.3,6.88,9806.06,2025-03-04,3
Exportador_11,Estados Unidos,Rosas,934.7,6.76,6318.57,2025-03-04,3
Exportador_12,Estados Unidos,Rosas,473.6,6.83,3234.69,2025-03-04,3
Exportador_01,Rusia,Rosas,887.0,9.71,8612.77,2025-03-05,7
Exportador_01,Estados Unidos,Rosas,1089.4,6.17,6721.6,2025-03-05,3
Exportador_01,Rusia,Rosas,2457.3,9.96,24474.71,2025-03-05,4
Exportador_01,Ucrania,Hortensias,373.8,8.89,3323.08,2025-03-05,7
Exportador_01,Rusia,Claveles,670.5,5.49,3681.05,2025-03-05,5
Exportador_02,Estados Unidos,Claveles,538.1,3.89,2093.21,2025-03-05,2
Exportador_02,Kazajistán,Rosas,2338.7,9.41,22007.17,2025-03-05,7
Exportador_06,Canadá,Rosas,1135.4,6.95,7891.03,2025-03-05,2
Exportador_14,Rusia,Rosas,679.5,10.13,6883.34,2025-03-05,4
Exportador_14,Rusia,Gypsophila,711.9,6.37,4534.8,2025-03-05,6
Exportador_03,Estados Unidos,Rosas,592.6,6.03,3573.38,2025-03-06,3
Exportador_04,Canadá,Flores de verano,364.3,4.56,1661.21,2025-03-06,4
Exportador_06,Estados Unidos,Rosas,1494.1,7.07,10563.29,2025-03-06,1
Exportador_08,Rusia,Gypsophila,1026.8,5.55,5698.74,2025-03-06,4
Exportador_09,Estados Unidos,Rosas,1425.8,5.87,8369.45,2025-03-06,3
Exportador_09,Estados Unidos,Rosas,280.0,6.76,1892.8,2025-03-06,1
Exportador_12,Chile,Claveles,392.6,3.63,1425.14,2025-03-06,2
Exportador_13,Canadá,Hortensias,294.4,5.92,1742.85,2025-03-06,2
Exportador_01,Estados Unidos,Rosas,585.4,6.76,3957.3,2025-03-07,1
Exportador_01,Estados Unidos,Rosas,1020.2,6.58,6712.92,2025-03-07,1
Exportador_01,Estados Unidos,Rosas,710.1,6.6,4686.66,2025-03-07,2
Exportador_02,Países Bajos,Rosas,331.0,6.5,2151.5,2025-03-07,6
Exportador_02,Estados Unidos,Rosas,567.9,6.22,3532.34,2025-03-07,2
Exportador_03,Estados Unidos,Rosas,1134.2,6.9,7825.98,2025-03-07,1
Exportador_04,Rusia,Flores de verano,762.5,4.5,3431.25,2025-03-07,4
Exportador_04,Kazajistán,Rosas,1048.7,7.26,7613.56,2025-03-07,7
Exportador_08,Rusia,Rosas,1568.4,7.26,11386.58,2025-03-07,7
Exportador_08,Estados Unidos,Hortensias,440.3,5.9,2597.77,2025-03-07,3
Exportador_11,Rusia,Gypsophila,905.8,5.25,4755.45,2025-03-07,4
Exportador_14,Estados Unidos,Gypsophila,316.9,4.05,1283.44,2025-03-07,3
Exportador_01,Canadá,Rosas,802.8,7.14,5731.99,2025-03-08,2
Exportador_01,Países Bajos,Claveles,356.5,3.58,1276.27,2025-03-08,3
Exportador_04,Estados Unidos,Rosas,547.4,5.93,3246.08,2025-03-08,1
Exportador_01,Japón,Rosas,938.8,8.43,7914.08,2025-03-09,7
Exportador_01,Rusia,Rosas,2423.8,8.19,19850.92,2025-03-09,7
Exportador_02,España,Rosas,1124.7,6.53,7344.29,2025-03-09,4
Exportador_02,Países Bajos,Rosas,986.1,7.04,6942.14,2025-03-09,4
Exportador_02,Países Bajos,Crisantemos,1536.5,3.59,5516.03,2025-03-09,3
Exportador_08,Estados Unidos,Rosas,540.6,6.19,3346.31,2025-03-09,1
Exportador_01,Rusia,Rosas,1319.8,7.88,10400.02,2025-03-10,7
Exportador_02,Estados Unidos,Rosas,622.2,6.68,4156.3,2025-03-10,3
Exportador_03,Kazajistán,Flores de verano,271.4,4.51,1224.01,2025-03-10,6
Exportador_06,Estados Unidos,Crisantemos,492.9,3.04,1498.42,2025-03-10,3
Exportador_13,Alemania,Rosas,643.0,6.55,4211.65,2025-03-10,5
Exportador_01,Estados Unidos,Gypsophila,420.4,4.71,1980.08,2025-03-11,3
Exportador_01,Países Bajos,Rosas,650.0,7.15,4647.5,2025-03-11,3
Exportador_02,Estados Unidos,Rosas,284.7,6.61,1881.87,2025-03-11,1
Exportador_02,Italia,Rosas,564.5,6.86,3872.47,2025-03-11,4
Exportador_03,Países Bajos,Rosas,693.1,6.59,4567.53,2025-03-11,6
Exportador_04,Canadá,Gypsophila,495.3,4.33,2144.65,2025-03-11,3
Exportador_05,Italia,Rosas,889.4,6.31,5612.11,2025-03-11,3
Exportador_05,Estados Unidos,Rosas,1300.7,6.72,8740.7,2025-03-11,2
Exportador_08,Rusia,Rosas,524.2,7.87,4125.45,2025-03-11,4
Exportador_10,Rusia,Rosas,1367.5,7.45,10187.88,2025-03-11,4
Exportador_01,Estados Unidos,Rosas,977.3,6.53,6381.77,2025-03-12,2
Exportador_02,Estados Unidos,Gypsophila,1575.4,4.43,6979.02,2025-03-12,3
Exportador_14,Estados Unidos,Gypsophila,231.9,4.67,1082.97,2025-03-12,2
Exportador_15,Kazajistán,Rosas,1333.1,7.35,9798.28,2025-03-12,5
Exportador_09,Estados Unidos,Claveles,469.3,3.3,1548.69,2025-03-13,2
Exportador_12,Estados Unidos,Rosas,2193.2,6.22,13641.7,2025-03-13,1
Exportador_01,Rusia,Hortensias,296.2,7.32,2168.18,2025-03-14,7
Exportador_01,Estados Unidos,Rosas,3042.6,6.82,20750.53,2025-03-14,3
Exportador_02,Estados Unidos,Rosas,685.0,6.14,4205.9,2025-03-14,2
Exportador_03,Estados Unidos,Rosas,735.0,6.07,4461.45,2025-03-14,3
Exportador_05,México,Rosas,519.1,6.08,3156.13,2025-03-14,4
Exportador_10,México,Rosas,935.9,5.85,5475.01,2025-03-14,4
Exportador_01,Estados Unidos,Rosas,517.1,6.64,3433.54,2025-03-15,2
Exportador_01,Estados Unidos,Flores de verano,507.7,4.47,2269.42,2025-03-15,2
Exportador_01,Kazajistán,Rosas,1261.0,7.28,9180.08,2025-03-15,6
Exportador_01,España,Rosas,506.0,6.52,3299.12,2025-03-15,6
Exportador_02,Canadá,Rosas,1046.5,6.68,6990.62,2025-03-15,3
Exportador_06,Estados Unidos,Hortensias,94.9,6.58,624.44,2025-03-15,3
Exportador_01,Estados Unidos,Rosas,453.2,6.26,2837.03,2025-03-16,1
Exportador_03,Alemania,Rosas,427.5,7.07,3022.43,2025-03-16,6
Exportador_04,Estados Unidos,Rosas,609.0,6.33,3854.97,2025-03-16,2
Exportador_08,Estados Unidos,Rosas,1287.0,6.66,8571.42,2025-03-16,2
Exportador_01,Rusia,Rosas,367.0,7.58,2781.86,2025-03-17,7
Exportador_02,Países Bajos,Rosas,329.5,7.38,2431.71,2025-03-17,5
Exportador_03,Canadá,Rosas,1580.4,7.46,11789.78,2025-03-17,4
Exportador_04,Canadá,Rosas,477.4,6.22,2969.43,2025-03-17,2
Exportador_05,Rusia,Rosas,428.9,7.05,3023.74,2025-03-17,7
Exportador_06,Estados Unidos,Rosas,1725.7,6.17,10647.57,2025-03-17,2
Exportador_02,Japón,Rosas,951.9,8.88,8452.87,2025-03-18,6
Exportador_03,Rusia,Rosas,1167.4,8.04,9385.9,2025-03-18,4
Exportador_07,Canadá,Hortensias,268.8,6.53,1755.26,2025-03-18,4
Exportador_12,Estados Unidos,Rosas,815.1,6.66,5428.57,2025-03-18,2
Exportador_14,México,Gypsophila,733.9,4.22,3097.06,2025-03-18,3
Exportador_01,Países Bajos,Rosas,1304.7,7.16,9341.65,2025-03-19,4
Exportador_01,Estados Unidos,Rosas,1695.4,6.13,10392.8,2025-03-19,1
Exportador_01,Estados Unidos,Rosas,878.3,6.81,5981.22,2025-03-19,3
Exportador_01,Ucrania,Rosas,2016.2,7.2,14516.64,2025-03-19,5
Exportador_02,Italia,Crisantemos,426.1,3.48,1482.83,2025-03-19,5
Exportador_07,Kazajistán,Rosas,345.4,7.92,2735.57,2025-03-19,5
Exportador_08,España,Rosas,1105.3,6.47,7151.29,2025-03-19,3
Exportador_11,México,Crisantemos,743.3,2.77,2058.94,2025-03-19,3
Exportador_01,Canadá,Rosas,697.7,7.28,5079.26,2025-03-20,4
Exportador_04,Rusia,Rosas,701.5,8.06,5654.09,2025-03-20,5
Exportador_08,Estados Unidos,Rosas,753.6,6.99,5267.66,2025-03-20,1
Exportador_12,Canadá,Rosas,1135.2,7.08,8037.22,2025-03-20,2
Exportador_12,Estados Unidos,Rosas,1100.8,5.88,6472.7,2025-03-20,2
Exportador_14,Chile,Claveles,474.1,3.58,1697.28,2025-03-20,4
Exportador_03,Estados Unidos,Claveles,538.0,3.3,1775.4,2025-03-21,2
Exportador_06,Rusia,Gypsophila,429.3,4.95,2125.04,2025-03-21,6
Exportador_08,Estados Unidos,Rosas,981.9,6.6,6480.54,2025-03-21,2
Exportador_09,Estados Unidos,Rosas,1564.9,7.15,11189.04,2025-03-21,2
Exportador_01,Países Bajos,Rosas,1816.9,7.43,13499.57,2025-03-22,5
Exportador_05,Estados Unidos,Rosas,779.9,6.5,5069.35,2025-03-22,1
Exportador_09,Canadá,Rosas,377.4,7.27,2743.7,2025-03-22,4
Exportador_09,Estados Unidos,Rosas,492.8,6.06,2986.37,2025-03-22,2
Exportador_01,Rusia,Rosas,378.5,6.93,2623.01,2025-03-23,7
Exportador_03,Estados Unidos,Rosas,862.5,6.55,5649.38,2025-03-23,2
Exportador_04,Rusia,Rosas,1893.7,7.09,13426.33,2025-03-23,5
Exportador_04,Estados Unidos,Rosas,2438.8,6.72,16388.74,2025-03-23,2
Exportador_05,Ucrania,Gypsophila,1186.0,4.9,5811.4,2025-03-23,4
Exportador_08,Países Bajos,Rosas,797.3,7.02,5597.05,2025-03-23,4
Exportador_13,Estados Unidos,Claveles,661.0,3.25,2148.25,2025-03-23,1
Exportador_01,Estados Unidos,Rosas,1197.0,6.31,7553.07,2025-03-24,1
Exportador_01,Chile,Rosas,537.9,6.1,3281.19,2025-03-24,3
Exportador_03,Estados Unidos,Rosas,407.3,6.58,2680.03,2025-03-24,2
Exportador_04,México,Crisantemos,216.6,2.75,595.65,2025-03-24,2
Exportador_04,Canadá,Rosas,693.7,7.5,5202.75,2025-03-24,3
Exportador_05,Estados Unidos,Claveles,591.7,3.26,1928.94,2025-03-24,3
Exportador_07,Países Bajos,Rosas,3802.0,6.27,23838.54,2025-03-24,5
Exportador_09,Japón,Rosas,922.6,8.0,7380.8,2025-03-24,5
Exportador_12,Países Bajos,Rosas,890.8,6.68,5950.54,2025-03-24,3
Exportador_14,Rusia,Rosas,610.8,7.07,4318.36,2025-03-24,5
Exportador_02,Estados Unidos,Claveles,481.6,3.87,1863.79,2025-03-25,1
Exportador_04,Rusia,Rosas,1202.3,6.89,8283.85,2025-03-25,4
Exportador_11,Estados Unidos,Rosas,651.2,6.55,4265.36,2025-03-25,1
Exportador_01,Estados Unidos,Rosas,1421.1,6.8,9663.48,2025-03-26,1
Exportador_01,Rusia,Rosas,1947.7,7.34,14296.12,2025-03-26,6
Exportador_02,Estados Unidos,Rosas,1300.4,6.38,8296.55,2025-03-26,2
Exportador_02,Estados Unidos,Hortensias,358.1,5.95,2130.7,2025-03-26,1
Exportador_03,Estados Unidos,Rosas,449.6,6.61,2971.86,2025-03-26,1
Exportador_03,Estados Unidos,Rosas,691.4,7.07,4888.2,2025-03-26,1
Exportador_03,Ucrania,Rosas,420.1,7.12,2991.11,2025-03-26,6
Exportador_06,Estados Unidos,Rosas,1088.1,6.66,7246.75,2025-03-26,3
Exportador_06,Alemania,Claveles,935.1,3.6,3366.36,2025-03-26,4
Exportador_09,Estados Unidos,Gypsophila,575.1,4.31,2478.68,2025-03-26,3
Exportador_10,Estados Unidos,Rosas,943.3,6.7,6320.11,2025-03-26,3
Exportador_15,Países Bajos,Rosas,576.3,6.81,3924.6,2025-03-26,5
Exportador_01,Países Bajos,Rosas,861.6,6.29,5419.46,2025-03-27,3
Exportador_01,Estados Unidos,Rosas,637.2,7.03,4479.52,2025-03-27,3
Exportador_01,Canadá,Rosas,1134.1,7.43,8426.36,2025-03-27,2
Exportador_03,Alemania,Rosas,527.7,6.82,3598.91,2025-03-27,5
Exportador_03,Kazajistán,Rosas,854.0,7.79,6652.66,2025-03-27,9
Exportador_07,Estados Unidos,Rosas,1178.7,6.77,7979.8,2025-03-27,1
Exportador_08,Italia,Rosas,1405.8,7.37,10360.75,2025-03-27,3
Exportador_10,Kazajistán,Rosas,563.1,7.19,4048.69,2025-03-27,5
Exportador_12,Alemania,Claveles,391.5,4.26,1667.79,2025-03-27,6
Exportador_01,Canadá,Rosas,3187.6,7.28,23205.73,2025-03-28,4
Exportador_04,Estados Unidos,Rosas,861.1,7.02,6044.92,2025-03-28,2
Exportador_06,Estados Unidos,Rosas,983.3,6.29,6184.96,2025-03-28,2
Exportador_06,Estados Unidos,Gypsophila,547.0,4.56,2494.32,2025-03-28,3
Exportador_07,Estados Unidos,Rosas,1095.4,6.4,7010.56,2025-03-28,1
Exportador_11,México,Rosas,792.0,5.87,4649.04,2025-03-28,4
Exportador_15,Canadá,Claveles,443.9,3.63,1611.36,2025-03-28,3
Exportador_01,Canadá,Rosas,2432.4,7.13,17343.01,2025-03-29,4
Exportador_02,España,Rosas,1153.8,6.84,7891.99,2025-03-29,6
Exportador_02,Kazajistán,Rosas,1073.0,8.42,9034.66,2025-03-29,9
Exportador_02,Países Bajos,Rosas,653.8,6.62,4328.16,2025-03-29,3
Exportador_03,Rusia,Rosas,800.1,7.86,6288.79,2025-03-29,6
Exportador_06,Estados Unidos,Rosas,2444.9,6.15,15036.14,2025-03-29,1
Exportador_06,Rusia,Flores de verano,138.8,4.27,592.68,2025-03-29,6
Exportador_07,Rusia,Crisantemos,399.5,3.83,1530.09,2025-03-29,4
Exportador_08,Países Bajos,Rosas,1999.8,7.29,14578.54,2025-03-29,5
Exportador_09,Estados Unidos,Rosas,531.9,6.16,3276.5,2025-03-29,2
Exportador_06,Países Bajos,Rosas,1419.4,6.55,9297.07,2025-03-30,5
Exportador_02,Kazajistán,Gypsophila,1321.6,5.27,6964.83,2025-03-31,8
Exportador_02,Rusia,Rosas,743.8,6.98,5191.72,2025-03-31,6
Exportador_02,Países Bajos,Rosas,860.2,6.71,5771.94,2025-03-31,5
Exportador_03,Alemania,Claveles,575.8,3.82,2199.56,2025-03-31,4
Exportador_04,Chile,Rosas,968.9,6.24,6045.94,2025-03-31,2
Exportador_05,Estados Unidos,Claveles,198.1,3.51,695.33,2025-03-31,2
Exportador_01,Estados Unidos,Rosas,401.6,6.64,2666.62,2025-04-01,3
Exportador_01,Canadá,Rosas,463.9,6.55,3038.54,2025-04-01,3
Exportador_02,Canadá,Rosas,711.6,6.97,4959.85,2025-04-01,3
Exportador_04,Rusia,Rosas,1651.9,7.33,12108.43,2025-04-01,5
Exportador_05,México,Claveles,429.8,3.66,1573.07,2025-04-01,3
Exportador_05,Chile,Hortensias,249.1,6.01,1497.09,2025-04-01,2
Exportador_06,Estados Unidos,Rosas,976.9,6.6,6447.54,2025-04-01,2
Exportador_07,México,Rosas,889.8,5.57,4956.19,2025-04-01,2
Exportador_04,Rusia,Gypsophila,572.9,4.89,2801.48,2025-04-02,4
Exportador_05,Ucrania,Rosas,418.1,6.91,2889.07,2025-04-02,4
Exportador_06,Estados Unidos,Crisantemos,193.9,3.17,614.66,2025-04-02,1
Exportador_01,Canadá,Rosas,542.8,7.06,3832.17,2025-04-03,3
Exportador_02,España,Rosas,1055.7,6.98,7368.79,2025-04-03,6
Exportador_03,Estados Unidos,Rosas,1254.6,6.0,7527.6,2025-04-03,2
Exportador_04,Países Bajos,Rosas,525.6,6.97,3663.43,2025-04-03,4
Exportador_09,Rusia,Rosas,900.7,7.37,6638.16,2025-04-03,7
Exportador_10,Estados Unidos,Rosas,786.7,6.16,4846.07,2025-04-03,2
Exportador_01,Kazajistán,Rosas,812.7,8.31,6753.54,2025-04-04,5
Exportador_01,Estados Unidos,Rosas,585.2,6.76,3955.95,2025-04-04,3
Exportador_01,Rusia,Rosas,1034.6,7.14,7387.04,2025-04-04,5
Exportador_02,Chile,Rosas,1028.5,6.55,6736.68,2025-04-04,4
Exportador_03,Países Bajos,Gypsophila,240.2,4.81,1155.36,2025-04-04,6
Exportador_07,Estados Unidos,Gypsophila,344.2,4.07,1400.89,2025-04-04,2
Exportador_07,Canadá,Rosas,731.5,7.07,5171.7,2025-04-04,3
Exportador_09,Canadá,Rosas,1033.6,6.23,6439.33,2025-04-04,3
Exportador_10,México,Gypsophila,693.7,4.09,2837.23,2025-04-04,2
Exportador_12,Italia,Rosas,1216.6,6.25,7603.75,2025-04-04,6
Exportador_14,Estados Unidos,Gypsophila,855.2,4.37,3737.22,2025-04-04,3
Exportador_01,Chile,Claveles,357.5,3.71,1326.33,2025-04-05,4
Exportador_03,España,Rosas,733.2,6.98,5117.74,2025-04-05,3
Exportador_03,Estados Unidos,Claveles,275.3,3.83,1054.4,2025-04-05,2
Exportador_03,Kazajistán,Rosas,1124.0,7.03,7901.72,2025-04-05,5
Exportador_04,Italia,Rosas,1062.8,7.33,7790.32,2025-04-05,3
Exportador_07,Estados Unidos,Rosas,716.6,7.03,5037.7,2025-04-05,2
Exportador_15,Estados Unidos,Rosas,2174.7,6.18,13439.65,2025-04-05,3
Exportador_01,Rusia,Gypsophila,502.5,5.39,2708.47,2025-04-06,4
Exportador_01,Italia,Gypsophila,199.4,4.26,849.44,2025-04-06,5
Exportador_01,Ucrania,Rosas,2157.8,7.02,15147.76,2025-04-06,7
Exportador_02,Estados Unidos,Rosas,619.5,6.44,3989.58,2025-04-06,3
Exportador_03,Estados Unidos,Rosas,364.7,6.72,2450.78,2025-04-06,3
Exportador_03,Países Bajos,Rosas,680.3,7.08,4816.52,2025-04-06,4
Exportador_05,Estados Unidos,Rosas,308.0,5.94,1829.52,2025-04-06,1
Exportador_07,Estados Unidos,Rosas,1471.8,6.87,10111.27,2025-04-06,2
Exportador_11,Chile,Rosas,1257.5,5.62,7067.15,2025-04-06,4
Exportador_13,Kazajistán,Rosas,399.0,7.8,3112.2,2025-04-06,8
Exportador_14,Rusia,Rosas,1179.8,7.08,8352.98,2025-04-06,7
Exportador_03,Estados Unidos,Rosas,1040.6,6.01,6254.01,2025-04-07,2
Exportador_05,Estados Unidos,Rosas,308.3,6.97,2148.85,2025-04-07,3
Exportador_06,España,Rosas,944.5,7.49,7074.31,2025-04-07,3
Exportador_15,Países Bajos,Rosas,614.1,7.18,4409.24,2025-04-07,3
Exportador_01,Canadá,Rosas,1060.0,6.82,7229.2,2025-04-08,3
Exportador_01,Rusia,Rosas,1703.3,8.09,13779.7,2025-04-08,7
Exportador_01,Estados Unidos,Rosas,267.1,6.83,1824.29,2025-04-08,1
Exportador_02,Ucrania,Flores de verano,541.4,4.29,2322.61,2025-04-08,5
Exportador_03,Estados Unidos,Gypsophila,1155.1,4.9,5659.99,2025-04-08,2
Exportador_05,Estados Unidos,Rosas,824.3,6.59,5432.14,2025-04-08,3
Exportador_08,Kazajistán,Rosas,262.7,7.66,2012.28,2025-04-08,9
Exportador_14,Estados Unidos,Crisantemos,506.2,3.08,1559.1,2025-04-08,1
Exportador_01,Rusia,Rosas,795.4,7.51,5973.45,2025-04-09,6
Exportador_01,Alemania,Crisantemos,250.7,3.52,882.46,2025-04-09,4
Exportador_01,Estados Unidos,Claveles,787.8,3.77,2970.01,2025-04-09,1
Exportador_01,Japón,Rosas,462.8,7.95,3679.26,2025-04-09,8
Exportador_03,Chile,Rosas,1959.8,5.85,11464.83,2025-04-09,4
Exportador_03,Estados Unidos,Rosas,978.2,5.96,5830.07,2025-04-09,3
Exportador_05,Estados Unidos,Rosas,410.2,6.82,2797.56,2025-04-09,3
Exportador_13,Países Bajos,Flores de verano,185.6,4.64,861.18,2025-04-09,3
Exportador_01,Estados Unidos,Rosas,622.0,6.07,3775.54,2025-04-10,3
Exportador_02,Rusia,Rosas,627.0,8.2,5141.4,2025-04-10,7
Exportador_05,España,Rosas,704.1,6.92,4872.37,2025-04-10,3
Exportador_05,Japón,Gypsophila,921.3,5.21,4799.97,2025-04-10,7
Exportador_07,Estados Unidos,Rosas,1567.0,5.87,9198.29,2025-04-10,3
Exportador_13,Rusia,Claveles,332.6,4.14,1376.96,2025-04-10,6
Exportador_03,España,Gypsophila,589.6,5.12,3018.75,2025-04-11,5
Exportador_05,Rusia,Flores de verano,359.7,4.68,1683.4,2025-04-11,4
Exportador_07,Países Bajos,Rosas,1283.6,6.82,8754.15,2025-04-11,3
Exportador_08,Alemania,Crisantemos,1174.6,3.7,4346.02,2025-04-11,3
Exportador_12,Chile,Rosas,656.7,6.62,4347.35,2025-04-11,4
Exportador_13,Chile,Rosas,403.0,6.3,2538.9,2025-04-11,2
Exportador_01,Rusia,Rosas,1722.2,7.32,12606.5,2025-04-12,5
Exportador_02,Países Bajos,Rosas,281.4,6.92,1947.29,2025-04-12,6
Exportador_02,Rusia,Rosas,1444.8,8.06,11645.09,2025-04-12,4
Exportador_02,Estados Unidos,Rosas,1242.2,6.47,8037.03,2025-04-12,3
Exportador_03,Chile,Rosas,875.9,5.56,4870.0,2025-04-12,3
Exportador_06,Estados Unidos,Claveles,574.1,3.34,1917.49,2025-04-12,3
Exportador_07,Países Bajos,Gypsophila,357.9,5.01,1793.08,2025-04-12,3
Exportador_09,Estados Unidos,Rosas,963.1,7.09,6828.38,2025-04-12,1
Exportador_01,Estados Unidos,Rosas,460.7,6.42,2957.69,2025-04-13,1
Exportador_01,Países Bajos,Rosas,1053.6,6.43,6774.65,2025-04-13,5
Exportador_06,Estados Unidos,Rosas,446.0,6.05,2698.3,2025-04-13,2
Exportador_07,Rusia,Hortensias,369.2,6.67,2462.56,2025-04-13,6
Exportador_13,Estados Unidos,Flores de verano,177.2,4.45,788.54,2025-04-13,1
Exportador_01,Estados Unidos,Claveles,563.6,3.65,2057.14,2025-04-14,1
Exportador_03,Estados Unidos,Rosas,843.4,6.79,5726.69,2025-04-14,2
Exportador_08,Estados Unidos,Rosas,894.6,6.49,5805.95,2025-04-14,2
Exportador_01,Canadá,Rosas,815.7,7.28,5938.3,2025-04-15,3
Exportador_01,Ucrania,Rosas,1139.8,7.45,8491.51,2025-04-15,4
Exportador_01,Canadá,Rosas,1198.7,6.22,7455.91,2025-04-15,4
Exportador_03,España,Rosas,1110.4,7.21,8005.98,2025-04-15,6
Exportador_04,Canadá,Rosas,514.6,6.61,3401.51,2025-04-15,4
Exportador_05,Estados Unidos,Rosas,879.0,5.95,5230.05,2025-04-15,2
Exportador_09,Países Bajos,Rosas,875.7,7.23,6331.31,2025-04-15,4
Exportador_11,Países Bajos,Rosas,848.5,6.19,5252.22,2025-04-15,5
Exportador_03,Estados Unidos,Claveles,359.9,3.5,1259.65,2025-04-16,3
Exportador_04,España,Rosas,1120.2,6.27,7023.65,2025-04-16,3
Exportador_10,Estados Unidos,Rosas,714.8,6.53,4667.64,2025-04-16,1
Exportador_11,Alemania,Gypsophila,234.2,5.06,1185.05,2025-04-16,5
Exportador_01,Estados Unidos,Flores de verano,740.9,3.94,2919.15,2025-04-17,1
Exportador_02,Países Bajos,Rosas,403.5,6.69,2699.41,2025-04-17,4
Exportador_03,Estados Unidos,Rosas,778.9,6.25,4868.12,2025-04-17,2
Exportador_03,Estados Unidos,Hortensias,338.5,6.58,2227.33,2025-04-17,2
Exportador_08,Rusia,Rosas,769.8,7.56,5819.69,2025-04-17,5
Exportador_09,Chile,Gypsophila,348.3,4.01,1396.68,2025-04-17,4
Exportador_11,Estados Unidos,Rosas,499.6,7.06,3527.18,2025-04-17,1
Exportador_01,Estados Unidos,Rosas,1439.9,6.66,9589.73,2025-04-18,3
Exportador_01,Estados Unidos,Rosas,483.4,6.63,3204.94,2025-04-18,1
Exportador_01,Estados Unidos,Rosas,1248.9,6.15,7680.74,2025-04-18,3
Exportador_02,Estados Unidos,Gypsophila,1039.8,4.84,5032.63,2025-04-18,3
Exportador_02,Kazajistán,Crisantemos,543.3,3.68,1999.34,2025-04-18,9
Exportador_03,Estados Unidos,Gypsophila,270.8,4.31,1167.15,2025-04-18,2
Exportador_06,Italia,Flores de verano,398.1,4.68,1863.11,2025-04-18,6
Exportador_06,Rusia,Flores de verano,302.3,4.89,1478.25,2025-04-18,7
Exportador_14,Chile,Rosas,576.4,5.68,3273.95,2025-04-18,3
Exportador_01,Estados Unidos,Rosas,571.0,6.61,3774.31,2025-04-19,3
Exportador_02,Estados Unidos,Rosas,946.6,6.75,6389.55,2025-04-19,1
Exportador_02,Estados Unidos,Gypsophila,412.3,4.35,1793.5,2025-04-19,2
Exportador_02,Rusia,Rosas,898.0,7.06,6339.88,2025-04-19,6
Exportador_03,Estados Unidos,Crisantemos,436.5,3.51,1532.12,2025-04-19,2
Exportador_05,Estados Unidos,Rosas,245.9,6.73,1654.91,2025-04-19,3
Exportador_07,México,Rosas,682.1,6.59,4495.04,2025-04-19,3
Exportador_01,Rusia,Gypsophila,944.9,5.07,4790.64,2025-04-20,6
Exportador_01,Países Bajos,Claveles,497.7,3.74,1861.4,2025-04-20,5
Exportador_01,Rusia,Rosas,2175.8,6.89,14991.26,2025-04-20,5
Exportador_03,Canadá,Rosas,1347.5,6.43,8664.42,2025-04-20,3
Exportador_04,Italia,Crisantemos,505.2,3.59,1813.67,2025-04-20,6
Exportador_06,Países Bajos,Rosas,2215.0,6.95,15394.25,2025-04-20,6
Exportador_10,Rusia,Rosas,875.2,7.66,6704.03,2025-04-20,4
Exportador_01,Estados Unidos,Rosas,1436.3,6.55,9407.76,2025-04-21,1
Exportador_02,Estados Unidos,Gypsophila,572.2,4.57,2614.95,2025-04-21,3
Exportador_03,Estados Unidos,Rosas,1537.8,5.99,9211.42,2025-04-21,3
Exportador_04,Estados Unidos,Flores de verano,101.3,4.17,422.42,2025-04-21,2
Exportador_04,Rusia,Rosas,304.0,6.86,2085.44,2025-04-21,4
Exportador_05,Alemania,Rosas,402.9,7.34,2957.29,2025-04-21,5
Exportador_06,Países Bajos,Gypsophila,182.0,4.4,800.8,2025-04-21,3
Exportador_07,Estados Unidos,Hortensias,351.5,5.9,2073.85,2025-04-21,2
Exportador_09,Ucrania,Rosas,1860.3,7.6,14138.28,2025-04-21,7
Exportador_11,España,Rosas,715.2,7.39,5285.33,2025-04-21,5
Exportador_01,Estados Unidos,Claveles,940.7,4.71,4430.7,2025-04-22,1
Exportador_01,Canadá,Rosas,1134.5,9.17,10403.36,2025-04-22,2
Exportador_01,Alemania,Rosas,1089.2,7.95,8659.14,2025-04-22,5
Exportador_01,Estados Unidos,Rosas,991.2,8.83,8752.3,2025-04-22,1
Exportador_01,Estados Unidos,Rosas,5163.8,8.08,41723.5,2025-04-22,1
Exportador_02,Canadá,Rosas,1856.8,8.67,16098.46,2025-04-22,2
Exportador_06,Chile,Claveles,403.3,4.01,1617.23,2025-04-22,2
Exportador_06,Estados Unidos,Crisantemos,465.5,4.35,2024.92,2025-04-22,3
Exportador_07,Estados Unidos,Rosas,660.8,8.34,5511.07,2025-04-22,2
Exportador_09,Rusia,Gypsophila,608.8,5.53,3366.66,2025-04-22,7
Exportador_10,Japón,Claveles,411.4,5.56,2287.38,2025-04-22,7
Exportador_11,Países Bajos,Rosas,553.5,7.13,3946.45,2025-04-22,3
Exportador_13,Kazajistán,Rosas,1591.1,7.87,12521.96,2025-04-22,8
Exportador_13,Estados Unidos,Rosas,1461.0,7.62,11132.82,2025-04-22,3
Exportador_15,Canadá,Rosas,957.0,8.98,8593.86,2025-04-22,3
Exportador_15,Estados Unidos,Rosas,1365.9,7.98,10899.88,2025-04-22,3
Exportador_01,Estados Unidos,Rosas,2338.9,8.56,20020.98,2025-04-23,1
Exportador_01,Alemania,Rosas,1088.8,8.32,9058.82,2025-04-23,4
Exportador_01,Estados Unidos,Flores de verano,606.0,5.02,3042.12,2025-04-23,2
Exportador_02,Ucrania,Rosas,880.3,7.59,6681.48,2025-04-23,5
Exportador_02,Estados Unidos,Rosas,823.5,7.41,6102.14,2025-04-23,1
Exportador_03,Estados Unidos,Rosas,1103.8,8.12,8962.86,2025-04-23,2
Exportador_09,Países Bajos,Rosas,966.3,7.27,7025.0,2025-04-23,4
Exportador_09,Estados Unidos,Rosas,1306.7,8.44,11028.55,2025-04-23,3
Exportador_09,Estados Unidos,Flores de verano,799.6,5.4,4317.84,2025-04-23,3
Exportador_11,Estados Unidos,Rosas,872.5,7.46,6508.85,2025-04-23,3
Exportador_13,Estados Unidos,Rosas,408.2,8.28,3379.9,2025-04-23,3
Exportador_13,España,Gypsophila,1266.9,5.77,7310.01,2025-04-23,5
Exportador_14,España,Rosas,720.8,9.09,6552.07,2025-04-23,5
Exportador_01,Estados Unidos,Rosas,1072.9,8.2,8797.78,2025-04-24,1
Exportador_03,Canadá,Rosas,869.8,8.85,7697.73,2025-04-24,2
Exportador_03,Chile,Rosas,1511.8,7.55,11414.09,2025-04-24,4
Exportador_04,Chile,Rosas,1335.6,8.41,11232.4,2025-04-24,4
Exportador_04,Chile,Rosas,862.6,8.38,7228.59,2025-04-24,4
Exportador_05,Chile,Rosas,625.7,7.81,4886.72,2025-04-24,3
Exportador_05,Rusia,Rosas,399.8,7.34,2934.53,2025-04-24,7
Exportador_06,Japón,Rosas,1223.0,10.1,12352.3,2025-04-24,8
Exportador_06,Estados Unidos,Rosas,1115.2,7.51,8375.15,2025-04-24,3
Exportador_07,Estados Unidos,Rosas,1048.8,7.9,8285.52,2025-04-24,3
Exportador_10,Ucrania,Flores de verano,488.9,4.9,2395.61,2025-04-24,5
Exportador_11,Estados Unidos,Rosas,904.2,7.61,6880.96,2025-04-24,1
Exportador_15,Estados Unidos,Rosas,1269.7,7.47,9484.66,2025-04-24,3
Exportador_15,Estados Unidos,Gypsophila,634.8,6.16,3910.37,2025-04-24,3
Exportador_01,Estados Unidos,Rosas,1720.2,8.37,14398.07,2025-04-25,1
Exportador_01,Ucrania,Rosas,1919.5,6.58,12630.31,2025-04-25,8
Exportador_01,Canadá,Rosas,1996.1,9.37,18703.46,2025-04-25,4
Exportador_01,Estados Unidos,Rosas,866.9,7.65,6631.78,2025-04-25,3
Exportador_01,Estados Unidos,Rosas,3689.3,8.13,29994.01,2025-04-25,1
Exportador_02,Estados Unidos,Gypsophila,434.1,6.19,2687.08,2025-04-25,3
Exportador_06,Estados Unidos,Rosas,562.6,8.05,4528.93,2025-04-25,3
Exportador_06,Alemania,Rosas,1329.3,8.3,11033.19,2025-04-25,4
Exportador_07,Canadá,Claveles,794.3,4.43,3518.75,2025-04-25,4
Exportador_07,Países Bajos,Rosas,2580.1,6.91,17828.49,2025-04-25,3
Exportador_09,Estados Unidos,Rosas,1919.9,7.5,14399.25,2025-04-25,2
Exportador_09,Kazajistán,Gypsophila,791.8,5.22,4133.2,2025-04-25,8
Exportador_13,Estados Unidos,Crisantemos,723.0,4.37,3159.51,2025-04-25,3
Exportador_13,Estados Unidos,Rosas,2376.3,7.41,17608.38,2025-04-25,3
Exportador_15,Estados Unidos,Rosas,1275.5,8.62,10994.81,2025-04-25,2
Exportador_01,Estados Unidos,Rosas,1458.8,7.91,11539.11,2025-04-26,1
Exportador_01,Estados Unidos,Rosas,924.8,8.6,7953.28,2025-04-26,3
Exportador_01,Rusia,Rosas,478.8,8.19,3921.37,2025-04-26,5
Exportador_01,Italia,Rosas,843.8,7.95,6708.21,2025-04-26,5
Exportador_02,Estados Unidos,Claveles,521.8,4.13,2155.03,2025-04-26,3
Exportador_03,Estados Unidos,Rosas,1918.7,8.89,17057.24,2025-04-26,3
Exportador_03,Japón,Crisantemos,562.8,5.17,2909.68,2025-04-26,7
Exportador_03,España,Rosas,236.9,8.96,2122.62,2025-04-26,4
Exportador_04,España,Rosas,1313.9,7.94,10432.37,2025-04-26,4
Exportador_05,Estados Unidos,Rosas,494.3,8.35,4127.4,2025-04-26,1
Exportador_07,Estados Unidos,Claveles,825.4,4.82,3978.43,2025-04-26,3
Exportador_09,Estados Unidos,Crisantemos,384.8,3.83,1473.78,2025-04-26,3
Exportador_11,Chile,Rosas,1359.9,7.71,10484.83,2025-04-26,3
Exportador_12,Estados Unidos,Rosas,2349.2,7.72,18135.82,2025-04-26,3
Exportador_15,Canadá,Gypsophila,535.9,5.65,3027.84,2025-04-26,3
Exportador_01,España,Rosas,2059.4,8.07,16619.36,2025-04-27,4
Exportador_01,Estados Unidos,Rosas,976.9,7.71,7531.9,2025-04-27,3
Exportador_01,Italia,Rosas,677.6,7.91,5359.82,2025-04-27,4
Exportador_01,Chile,Crisantemos,471.4,3.43,1616.9,2025-04-27,4
Exportador_01,Estados Unidos,Rosas,1194.3,8.76,10462.07,2025-04-27,1
Exportador_01,Italia,Rosas,2097.8,8.01,16803.38,2025-04-27,4
Exportador_02,Rusia,Gypsophila,520.8,5.11,2661.29,2025-04-27,6
Exportador_03,Estados Unidos,Rosas,3475.5,8.34,28985.67,2025-04-27,2
Exportador_03,España,Rosas,739.8,8.6,6362.28,2025-04-27,5
Exportador_04,Chile,Rosas,2372.4,7.47,17721.83,2025-04-27,4
Exportador_04,Países Bajos,Rosas,707.6,7.5,5307.0,2025-04-27,5
Exportador_05,España,Gypsophila,2156.7,6.18,13328.41,2025-04-27,6
Exportador_09,Estados Unidos,Rosas,1865.4,8.0,14923.2,2025-04-27,2
Exportador_09,Estados Unidos,Rosas,1200.0,8.22,9864.0,2025-04-27,1
Exportador_09,Canadá,Flores de verano,401.0,5.42,2173.42,2025-04-27,2
Exportador_15,Canadá,Rosas,1674.0,8.87,14848.38,2025-04-27,2
Exportador_01,Estados Unidos,Rosas,2017.6,8.39,16927.66,2025-04-28,1
Exportador_01,Estados Unidos,Hortensias,221.7,7.53,1669.4,2025-04-28,2
Exportador_01,Japón,Rosas,1301.1,9.29,12087.22,2025-04-28,6
Exportador_01,Alemania,Rosas,1087.7,9.51,10344.03,2025-04-28,4
Exportador_01,Estados Unidos,Rosas,752.6,7.54,5674.6,2025-04-28,3
Exportador_02,Japón,Rosas,1395.2,9.58,13366.02,2025-04-28,5
Exportador_02,Estados Unidos,Gypsophila,742.1,5.47,4059.29,2025-04-28,3
Exportador_03,Estados Unidos,Gypsophila,711.2,5.3,3769.36,2025-04-28,2
Exportador_04,Chile,Rosas,1205.8,8.26,9959.91,2025-04-28,4
Exportador_04,México,Rosas,977.6,8.18,7996.77,2025-04-28,3
Exportador_06,Estados Unidos,Rosas,977.9,7.75,7578.72,2025-04-28,3
Exportador_06,España,Rosas,1713.2,8.34,14288.09,2025-04-28,5
Exportador_09,Canadá,Flores de verano,1090.3,5.47,5963.94,2025-04-28,3
Exportador_09,España,Rosas,1031.9,8.43,8698.92,2025-04-28,4
Exportador_09,Estados Unidos,Rosas,1815.8,8.63,15670.35,2025-04-28,2
Exportador_11,Chile,Crisantemos,577.4,4.14,2390.44,2025-04-28,3
Exportador_11,Estados Unidos,Rosas,1009.6,7.73,7804.21,2025-04-28,2
Exportador_13,Estados Unidos,Rosas,446.8,8.77,3918.44,2025-04-28,1
Exportador_15,Italia,Flores de verano,329.4,4.93,1623.94,2025-04-28,3
Exportador_01,Estados Unidos,Rosas,771.8,7.49,5780.78,2025-04-29,1
Exportador_02,Estados Unidos,Gypsophila,651.6,6.18,4026.89,2025-04-29,2
Exportador_02,Estados Unidos,Rosas,1424.9,8.8,12539.12,2025-04-29,2
Exportador_02,Alemania,Rosas,285.8,8.46,2417.87,2025-04-29,5
Exportador_02,Estados Unidos,Rosas,1501.1,8.36,12549.2,2025-04-29,2
Exportador_04,Estados Unidos,Gypsophila,427.9,5.97,2554.56,2025-04-29,3
Exportador_04,Japón,Crisantemos,221.4,4.54,1005.16,2025-04-29,8
Exportador_05,Países Bajos,Rosas,825.5,6.51,5374.01,2025-04-29,6
Exportador_05,Estados Unidos,Rosas,598.2,8.08,4833.46,2025-04-29,3
Exportador_05,Italia,Rosas,2577.4,8.38,21598.61,2025-04-29,5
Exportador_08,Estados Unidos,Rosas,1766.8,8.7,15371.16,2025-04-29,1
Exportador_09,Estados Unidos,Flores de verano,296.9,5.59,1659.67,2025-04-29,2
Exportador_09,Estados Unidos,Flores de verano,1245.6,5.15,6414.84,2025-04-29,3
Exportador_13,Países Bajos,Rosas,1158.3,6.75,7818.52,2025-04-29,6
Exportador_13,Estados Unidos,Rosas,1210.7,8.9,10775.23,2025-04-29,1
Exportador_13,Canadá,Rosas,1008.3,9.01,9084.78,2025-04-29,3
Exportador_14,Chile,Rosas,2305.8,8.16,18815.33,2025-04-29,4
Exportador_01,Chile,Rosas,1176.1,7.63,8973.64,2025-04-30,2
Exportador_02,Estados Unidos,Rosas,1019.4,8.38,8542.57,2025-04-30,1
Exportador_02,Italia,Rosas,3448.8,9.29,32039.35,2025-04-30,3
Exportador_03,Países Bajos,Flores de verano,272.6,4.26,1161.28,2025-04-30,5
Exportador_05,Alemania,Gypsophila,766.0,5.8,4442.8,2025-04-30,4
Exportador_05,Estados Unidos,Rosas,767.7,7.32,5619.56,2025-04-30,3
Exportador_07,Estados Unidos,Rosas,1821.0,8.81,16043.01,2025-04-30,1
Exportador_09,Japón,Rosas,979.2,10.18,9968.26,2025-04-30,8
Exportador_14,Canadá,Rosas,1070.4,8.76,9376.7,2025-04-30,4
Exportador_14,Estados Unidos,Claveles,226.9,4.71,1068.7,2025-04-30,2
Exportador_01,Rusia,Gypsophila,337.2,4.82,1625.3,2025-05-01,4
Exportador_01,Estados Unidos,Rosas,1064.5,7.52,8005.04,2025-05-01,1
Exportador_02,Japón,Rosas,409.2,11.08,4533.94,2025-05-01,7
Exportador_04,Alemania,Rosas,1163.7,8.25,9600.52,2025-05-01,4
Exportador_04,Estados Unidos,Rosas,1686.8,7.47,12600.4,2025-05-01,3
Exportador_04,Estados Unidos,Rosas,521.6,8.69,4532.7,2025-05-01,3
Exportador_05,Rusia,Crisantemos,669.1,3.88,2596.11,2025-05-01,4
Exportador_05,México,Gypsophila,818.7,5.71,4674.78,2025-05-01,2
Exportador_06,Italia,Rosas,1257.4,7.92,9958.61,2025-05-01,6
Exportador_07,Estados Unidos,Rosas,1312.7,7.4,9713.98,2025-05-01,2
Exportador_08,Países Bajos,Rosas,1098.6,6.59,7239.77,2025-05-01,4
Exportador_09,Kazajistán,Rosas,1937.6,7.69,14900.14,2025-05-01,6
Exportador_10,Estados Unidos,Rosas,1003.1,7.35,7372.78,2025-05-01,3
Exportador_13,Estados Unidos,Rosas,1348.6,8.41,11341.73,2025-05-01,1
Exportador_15,Estados Unidos,Crisantemos,555.1,3.77,2092.73,2025-05-01,2
Exportador_15,Estados Unidos,Rosas,819.2,8.67,7102.46,2025-05-01,3
Exportador_01,Ucrania,Rosas,1107.9,7.33,8120.91,2025-05-02,8
Exportador_01,Rusia,Rosas,740.9,7.18,5319.66,2025-05-02,5
Exportador_01,Estados Unidos,Flores de verano,367.7,4.64,1706.13,2025-05-02,2
Exportador_01,Estados Unidos,Flores de verano,316.5,5.51,1743.91,2025-05-02,1
Exportador_01,Estados Unidos,Rosas,657.2,7.73,5080.16,2025-05-02,2
Exportador_01,Estados Unidos,Rosas,974.4,7.43,7239.79,2025-05-02,3
Exportador_01,Ucrania,Claveles,499.2,3.6,1797.12,2025-05-02,4
Exportador_01,Estados Unidos,Rosas,3122.5,7.36,22981.6,2025-05-02,2
Exportador_01,Canadá,Rosas,1172.6,9.03,10588.58,2025-05-02,3
Exportador_01,Canadá,Rosas,2193.3,8.68,19037.84,2025-05-02,4
Exportador_02,Ucrania,Flores de verano,170.9,4.51,770.76,2025-05-02,5
Exportador_03,Estados Unidos,Rosas,610.4,7.51,4584.1,2025-05-02,2
Exportador_04,Alemania,Claveles,880.5,4.98,4384.89,2025-05-02,4
Exportador_05,Estados Unidos,Rosas,661.5,8.6,5688.9,2025-05-02,1
Exportador_06,Estados Unidos,Gypsophila,235.9,5.48,1292.73,2025-05-02,1
Exportador_11,Alemania,Rosas,1115.8,8.85,9874.83,2025-05-02,3
Exportador_13,Estados Unidos,Rosas,2201.1,8.42,18533.26,2025-05-02,1
Exportador_01,Japón,Gypsophila,1695.5,7.26,12309.33,2025-05-03,5
Exportador_01,Estados Unidos,Rosas,979.8,8.01,7848.2,2025-05-03,3
Exportador_01,Canadá,Rosas,1213.5,8.55,10375.43,2025-05-03,2
Exportador_01,Estados Unidos,Rosas,1824.5,8.13,14833.19,2025-05-03,1
Exportador_02,Estados Unidos,Rosas,770.1,8.46,6515.05,2025-05-03,2
Exportador_02,Estados Unidos,Gypsophila,608.7,5.4,3286.98,2025-05-03,1
Exportador_02,Estados Unidos,Rosas,646.9,7.86,5084.63,2025-05-03,1
Exportador_02,Chile,Flores de verano,1781.9,5.23,9319.34,2025-05-03,2
Exportador_03,España,Rosas,845.3,7.95,6720.14,2025-05-03,6
Exportador_04,Canadá,Rosas,1223.2,9.11,11143.35,2025-05-03,3
Exportador_04,Canadá,Rosas,1298.3,8.35,10840.8,2025-05-03,4
Exportador_04,Estados Unidos,Rosas,1190.3,7.76,9236.73,2025-05-03,2
Exportador_05,Estados Unidos,Rosas,1823.5,8.4,15317.4,2025-05-03,1
Exportador_09,Países Bajos,Gypsophila,743.0,4.89,3633.27,2025-05-03,5
Exportador_09,Canadá,Rosas,1849.8,8.44,15612.31,2025-05-03,4
Exportador_10,Estados Unidos,Crisantemos,459.9,3.66,1683.23,2025-05-03,3
Exportador_12,Canadá,Hortensias,1269.9,8.31,10552.87,2025-05-03,2
Exportador_15,Italia,Gypsophila,679.6,5.41,3676.64,2025-05-03,3
Exportador_01,Canadá,Rosas,1259.7,8.65,10896.41,2025-05-04,4
Exportador_01,Estados Unidos,Rosas,2396.7,8.41,20156.25,2025-05-04,3
Exportador_01,Chile,Rosas,695.7,7.82,5440.37,2025-05-04,2
Exportador_02,Estados Unidos,Rosas,741.5,8.9,6599.35,2025-05-04,1
Exportador_02,Rusia,Gypsophila,645.5,5.16,3330.78,2025-05-04,5
Exportador_03,Rusia,Flores de verano,222.2,4.81,1068.78,2025-05-04,6
Exportador_03,Estados Unidos,Rosas,786.8,7.31,5751.51,2025-05-04,2
Exportador_05,México,Rosas,434.9,7.52,3270.45,2025-05-04,3
Exportador_05,Estados Unidos,Gypsophila,298.0,5.09,1516.82,2025-05-04,2
Exportador_06,Canadá,Rosas,1461.0,8.79,12842.19,2025-05-04,4
Exportador_09,Italia,Rosas,866.6,7.92,6863.47,2025-05-04,6
Exportador_09,Estados Unidos,Rosas,1621.4,8.86,14365.6,2025-05-04,1
Exportador_01,Estados Unidos,Rosas,993.0,7.92,7864.56,2025-05-05,3
Exportador_01,Estados Unidos,Rosas,2125.9,8.69,18474.07,2025-05-05,3
Exportador_01,Estados Unidos,Rosas,1798.4,8.34,14998.66,2025-05-05,3
Exportador_01,Estados Unidos,Rosas,592.5,8.84,5237.7,2025-05-05,1
Exportador_02,Estados Unidos,Crisantemos,1604.4,4.29,6882.88,2025-05-05,3
Exportador_02,Estados Unidos,Rosas,2031.2,8.9,18077.68,2025-05-05,2
Exportador_02,México,Flores de verano,307.8,4.42,1360.48,2025-05-05,4
Exportador_03,Italia,Rosas,1078.4,8.42,9080.13,2025-05-05,4
Exportador_04,Estados Unidos,Rosas,535.5,7.87,4214.39,2025-05-05,3
Exportador_04,Estados Unidos,Crisantemos,794.7,3.89,3091.38,2025-05-05,3
Exportador_05,Estados Unidos,Rosas,901.0,7.35,6622.35,2025-05-05,3
Exportador_06,Rusia,Rosas,974.6,8.11,7904.01,2025-05-05,7
Exportador_07,Kazajistán,Rosas,371.1,8.51,3158.06,2025-05-05,9
Exportador_07,Rusia,Rosas,1041.2,8.19,8527.43,2025-05-05,4
Exportador_07,Estados Unidos,Rosas,1121.6,8.61,9656.98,2025-05-05,3
Exportador_08,Estados Unidos,Rosas,1000.5,8.03,8034.01,2025-05-05,2
Exportador_09,Estados Unidos,Rosas,510.2,7.83,3994.87,2025-05-05,2
Exportador_13,España,Rosas,1993.1,8.61,17160.59,2025-05-05,4
Exportador_13,Países Bajos,Rosas,1141.6,6.75,7705.8,2025-05-05,5
Exportador_01,Rusia,Rosas,697.5,7.68,5356.8,2025-05-06,4
Exportador_01,Rusia,Rosas,1218.8,7.74,9433.51,2025-05-06,7
Exportador_01,Estados Unidos,Rosas,1468.0,7.35,10789.8,2025-05-06,3
Exportador_02,Estados Unidos,Rosas,873.1,7.43,6487.13,2025-05-06,2
Exportador_02,Chile,Rosas,2636.0,7.03,18531.08,2025-05-06,2
Exportador_02,Canadá,Hortensias,511.4,8.31,4249.73,2025-05-06,3
Exportador_03,España,Rosas,1468.0,8.78,12889.04,2025-05-06,6
Exportador_03,México,Rosas,910.0,7.34,6679.4,2025-05-06,4
Exportador_03,Chile,Rosas,1329.5,7.53,10011.14,2025-05-06,3
Exportador_04,Estados Unidos,Hortensias,396.3,7.2,2853.36,2025-05-06,1
Exportador_04,Estados Unidos,Flores de verano,629.3,5.14,3234.6,2025-05-06,3
Exportador_04,Estados Unidos,Rosas,3444.4,7.63,26280.77,2025-05-06,2
Exportador_05,Estados Unidos,Gypsophila,381.5,5.15,1964.73,2025-05-06,1
Exportador_07,Rusia,Rosas,475.4,8.06,3831.72,2025-05-06,4
Exportador_09,Rusia,Rosas,2542.1,7.28,18506.49,2025-05-06,5
Exportador_01,España,Rosas,1881.1,9.23,17362.55,2025-05-07,4
Exportador_01,México,Rosas,1187.0,8.44,10018.28,2025-05-07,2
Exportador_01,Estados Unidos,Rosas,2156.7,7.31,15765.48,2025-05-07,3
Exportador_01,España,Rosas,622.6,8.96,5578.5,2025-05-07,3
Exportador_01,Canadá,Hortensias,274.0,7.79,2134.46,2025-05-07,2
Exportador_02,Estados Unidos,Rosas,1190.4,7.91,9416.06,2025-05-07,3
Exportador_03,Alemania,Rosas,590.8,9.54,5636.23,2025-05-07,6
Exportador_03,Italia,Rosas,940.1,7.69,7229.37,2025-05-07,4
Exportador_04,Estados Unidos,Rosas,1501.3,7.52,11289.78,2025-05-07,1
Exportador_05,Kazajistán,Flores de verano,121.1,5.4,653.94,2025-05-07,9
Exportador_05,Estados Unidos,Rosas,1057.7,7.69,8133.71,2025-05-07,1
Exportador_05,Chile,Rosas,1935.0,7.06,13661.1,2025-05-07,4
Exportador_06,España,Rosas,1544.7,8.8,13593.36,2025-05-07,6
Exportador_06,Estados Unidos,Rosas,1174.3,7.74,9089.08,2025-05-07,3
Exportador_07,Estados Unidos,Rosas,944.4,7.68,7252.99,2025-05-07,2
Exportador_09,España,Hortensias,259.1,8.04,2083.16,2025-05-07,3
Exportador_11,Estados Unidos,Rosas,1280.1,7.62,9754.36,2025-05-07,3
Exportador_14,Estados Unidos,Rosas,731.6,8.89,6503.92,2025-05-07,3
Exportador_15,Estados Unidos,Gypsophila,1344.9,5.98,8042.5,2025-05-07,2
Exportador_01,Rusia,Flores de verano,432.6,5.15,2227.89,2025-05-08,5
Exportador_01,Rusia,Rosas,486.5,6.93,3371.44,2025-05-08,4
Exportador_01,México,Rosas,440.5,7.25,3193.62,2025-05-08,4
Exportador_01,Italia,Rosas,1039.7,7.8,8109.66,2025-05-08,6
Exportador_02,Estados Unidos,Rosas,531.0,8.77,4656.87,2025-05-08,3
Exportador_02,Países Bajos,Rosas,332.4,6.56,2180.54,2025-05-08,4
Exportador_04,Chile,Rosas,1454.1,7.27,10571.31,2025-05-08,3
Exportador_06,Canadá,Rosas,1016.7,8.89,9038.46,2025-05-08,3
Exportador_06,Estados Unidos,Rosas,513.0,8.48,4350.24,2025-05-08,1
Exportador_07,Estados Unidos,Rosas,785.1,8.8,6908.88,2025-05-08,1
Exportador_08,Estados Unidos,Crisantemos,611.0,4.28,2615.08,2025-05-08,2
Exportador_11,Canadá,Rosas,700.1,8.01,5607.8,2025-05-08,4
Exportador_11,Alemania,Rosas,1334.4,8.54,11395.78,2025-05-08,3
Exportador_12,Kazajistán,Rosas,356.2,7.79,2774.8,2025-05-08,6
Exportador_13,Estados Unidos,Rosas,594.7,7.37,4382.94,2025-05-08,2
Exportador_13,Estados Unidos,Rosas,1402.7,7.66,10744.68,2025-05-08,1
Exportador_15,México,Rosas,1908.8,7.16,13667.01,2025-05-08,2
Exportador_15,Estados Unidos,Rosas,4207.4,8.83,37151.34,2025-05-08,2
Exportador_15,Alemania,Rosas,1093.4,7.9,8637.86,2025-05-08,6
Exportador_01,Estados Unidos,Gypsophila,544.9,4.22,2299.48,2025-05-09,3
Exportador_03,Canadá,Rosas,459.0,7.35,3373.65,2025-05-09,4
Exportador_03,Estados Unidos,Rosas,1169.5,6.39,7473.1,2025-05-09,1
Exportador_05,Estados Unidos,Rosas,396.4,6.61,2620.2,2025-05-09,1
Exportador_05,Estados Unidos,Claveles,407.6,3.56,1451.06,2025-05-09,2
Exportador_01,Estados Unidos,Rosas,891.8,6.57,5859.13,2025-05-10,1
Exportador_07,Kazajistán,Rosas,897.6,7.65,6866.64,2025-05-10,7
Exportador_15,Estados Unidos,Claveles,245.1,3.34,818.63,2025-05-10,1
Exportador_15,México,Rosas,1166.5,5.75,6707.38,2025-05-10,2
Exportador_01,Rusia,Rosas,2231.3,6.98,15574.47,2025-05-11,6
Exportador_01,Rusia,Rosas,756.9,8.13,6153.6,2025-05-11,4
Exportador_02,Estados Unidos,Rosas,1075.4,5.99,6441.65,2025-05-11,1
Exportador_02,Estados Unidos,Rosas,3392.1,6.23,21132.78,2025-05-11,3
Exportador_05,Canadá,Rosas,753.2,6.18,4654.78,2025-05-11,4
Exportador_01,Rusia,Rosas,925.1,7.09,6558.96,2025-05-12,6
Exportador_01,Estados Unidos,Rosas,3260.0,7.11,23178.6,2025-05-12,1
Exportador_09,Canadá,Rosas,1638.2,6.87,11254.43,2025-05-12,4
Exportador_11,Estados Unidos,Flores de verano,241.6,3.69,891.5,2025-05-12,2
Exportador_01,Estados Unidos,Gypsophila,1025.6,4.52,4635.71,2025-05-13,2
Exportador_04,Países Bajos,Rosas,1313.8,6.49,8526.56,2025-05-13,6
Exportador_04,Rusia,Rosas,1433.1,6.78,9716.42,2025-05-13,5
Exportador_09,Rusia,Rosas,418.2,6.99,2923.22,2025-05-13,6
Exportador_14,Estados Unidos,Gypsophila,313.8,4.14,1299.13,2025-05-13,3
Exportador_01,Rusia,Rosas,507.6,7.84,3979.58,2025-05-14,7
Exportador_02,Chile,Rosas,666.7,6.64,4426.89,2025-05-14,2
Exportador_02,Estados Unidos,Rosas,1209.4,6.14,7425.72,2025-05-14,3
Exportador_15,Canadá,Rosas,584.8,7.38,4315.82,2025-05-14,3
Exportador_02,Estados Unidos,Rosas,1306.4,5.97,7799.21,2025-05-15,1
Exportador_07,Rusia,Rosas,980.2,7.48,7331.9,2025-05-15,6
Exportador_08,Estados Unidos,Rosas,695.8,6.27,4362.67,2025-05-15,1
Exportador_12,Países Bajos,Rosas,1405.4,6.19,8699.43,2025-05-15,4
Exportador_01,Países Bajos,Rosas,237.8,6.16,1464.85,2025-05-16,6
Exportador_02,Estados Unidos,Rosas,653.1,6.15,4016.57,2025-05-16,1
Exportador_03,Kazajistán,Rosas,407.6,8.25,3362.7,2025-05-16,8
Exportador_10,Estados Unidos,Rosas,367.6,6.68,2455.57,2025-05-16,2
Exportador_02,Estados Unidos,Rosas,566.8,6.14,3480.15,2025-05-17,2
Exportador_03,España,Rosas,299.2,7.0,2094.4,2025-05-17,5
Exportador_04,Canadá,Rosas,742.0,6.9,5119.8,2025-05-17,2
Exportador_01,Estados Unidos,Rosas,815.0,6.27,5110.05,2025-05-18,3
Exportador_03,Ucrania,Rosas,745.1,7.63,5685.11,2025-05-18,5
Exportador_05,Estados Unidos,Rosas,1833.2,6.09,11164.19,2025-05-18,1
Exportador_12,Rusia,Gypsophila,650.7,4.81,3129.87,2025-05-18,5
Exportador_14,Italia,Gypsophila,381.1,4.54,1730.19,2025-05-18,4
Exportador_01,Estados Unidos,Rosas,922.4,5.95,5488.28,2025-05-19,3
Exportador_01,Países Bajos,Crisantemos,348.6,3.55,1237.53,2025-05-19,5
Exportador_04,Países Bajos,Gypsophila,712.2,4.74,3375.83,2025-05-19,3
Exportador_04,Canadá,Flores de verano,198.8,4.44,882.67,2025-05-19,3
Exportador_04,Países Bajos,Gypsophila,285.8,5.14,1469.01,2025-05-19,5
Exportador_12,Italia,Rosas,713.1,6.47,4613.76,2025-05-19,3
Exportador_01,Ucrania,Rosas,1037.4,7.29,7562.65,2025-05-20,8
Exportador_03,México,Rosas,2389.0,6.28,15002.92,2025-05-20,4
Exportador_04,Rusia,Claveles,1574.6,3.97,6251.16,2025-05-20,4
Exportador_04,Estados Unidos,Crisantemos,163.6,3.03,495.71,2025-05-20,2
Exportador_10,Rusia,Rosas,1351.9,7.06,9544.41,2025-05-20,5
Exportador_12,Estados Unidos,Rosas,809.1,6.06,4903.15,2025-05-20,2
Exportador_13,Estados Unidos,Rosas,460.9,5.92,2728.53,2025-05-20,3
Exportador_01,Ucrania,Rosas,441.8,7.13,3150.03,2025-05-21,7
Exportador_01,Estados Unidos,Rosas,1518.9,6.17,9371.61,2025-05-21,1
Exportador_01,Rusia,Rosas,1002.3,7.02,7036.15,2025-05-21,5
Exportador_02,Canadá,Rosas,1791.3,6.3,11285.19,2025-05-21,4
Exportador_03,Rusia,Rosas,1137.7,6.89,7838.75,2025-05-21,6
Exportador_03,Kazajistán,Rosas,789.2,7.63,6021.6,2025-05-21,8
Exportador_06,Estados Unidos,Rosas,1125.6,6.42,7226.35,2025-05-21,1
Exportador_13,Estados Unidos,Rosas,621.9,6.83,4247.58,2025-05-21,1
Exportador_01,Estados Unidos,Hortensias,375.2,6.27,2352.5,2025-05-22,2
Exportador_02,Rusia,Rosas,1339.6,6.95,9310.22,2025-05-22,6
Exportador_02,Canadá,Rosas,675.2,7.15,4827.68,2025-05-22,3
Exportador_05,Estados Unidos,Hortensias,186.6,6.53,1218.5,2025-05-22,1
Exportador_06,Alemania,Gypsophila,412.9,4.62,1907.6,2025-05-22,4
Exportador_08,Países Bajos,Hortensias,693.5,6.63,4597.9,2025-05-22,4
Exportador_01,Países Bajos,Rosas,353.6,6.7,2369.12,2025-05-23,5
Exportador_01,Alemania,Rosas,1329.8,6.36,8457.53,2025-05-23,3
Exportador_04,Estados Unidos,Rosas,1266.4,5.89,7459.1,2025-05-23,2
Exportador_06,Kazajistán,Gypsophila,456.0,5.63,2567.28,2025-05-23,7
Exportador_14,Estados Unidos,Rosas,572.2,6.72,3845.18,2025-05-23,1
Exportador_01,España,Gypsophila,444.4,4.34,1928.7,2025-05-24,6
Exportador_01,Estados Unidos,Rosas,1413.6,6.19,8750.18,2025-05-24,1
Exportador_01,Estados Unidos,Rosas,832.6,6.67,5553.44,2025-05-24,3
Exportador_02,Estados Unidos,Rosas,326.6,6.13,2002.06,2025-05-24,2
Exportador_02,Rusia,Rosas,450.3,7.28,3278.18,2025-05-24,5
Exportador_06,Estados Unidos,Crisantemos,281.2,3.24,911.09,2025-05-24,1
Exportador_06,Rusia,Rosas,993.9,6.92,6877.79,2025-05-24,4
Exportador_07,Estados Unidos,Claveles,255.9,3.86,987.77,2025-05-24,2
Exportador_14,Rusia,Rosas,1574.1,6.76,10640.92,2025-05-24,4
Exportador_01,Alemania,Rosas,704.6,6.86,4833.56,2025-05-25,3
Exportador_02,Japón,Rosas,208.6,8.6,1793.96,2025-05-25,5
Exportador_02,Estados Unidos,Rosas,985.6,6.69,6593.66,2025-05-25,1
Exportador_04,Rusia,Rosas,1003.3,8.04,8066.53,2025-05-25,4
Exportador_04,Estados Unidos,Rosas,1165.6,5.86,6830.42,2025-05-25,1
Exportador_05,Estados Unidos,Rosas,1187.8,6.27,7447.51,2025-05-25,3
Exportador_09,Países Bajos,Rosas,1324.0,6.44,8526.56,2025-05-25,3
Exportador_10,Estados Unidos,Rosas,993.0,6.59,6543.87,2025-05-25,1
Exportador_14,Estados Unidos,Rosas,824.7,6.38,5261.59,2025-05-25,1
Exportador_01,Estados Unidos,Rosas,619.4,6.79,4205.73,2025-05-26,3
Exportador_01,Estados Unidos,Gypsophila,620.0,4.48,2777.6,2025-05-26,3
Exportador_03,Estados Unidos,Rosas,431.2,6.52,2811.42,2025-05-26,2
Exportador_04,Estados Unidos,Rosas,475.2,6.32,3003.26,2025-05-26,1
Exportador_06,Japón,Rosas,550.8,8.69,4786.45,2025-05-26,5
Exportador_08,Estados Unidos,Gypsophila,671.4,4.4,2954.16,2025-05-26,1
Exportador_11,Japón,Gypsophila,520.5,5.35,2784.67,2025-05-26,5
Exportador_14,Chile,Rosas,488.1,5.73,2796.81,2025-05-26,3
Exportador_01,España,Rosas,1111.1,6.95,7722.14,2025-05-27,4
Exportador_02,Estados Unidos,Rosas,648.5,6.19,4014.22,2025-05-27,3
Exportador_03,Ucrania,Rosas,1499.7,7.5,11247.75,2025-05-27,6
Exportador_03,Estados Unidos,Rosas,356.5,7.11,2534.72,2025-05-27,3
Exportador_04,Japón,Rosas,1527.1,8.87,13545.38,2025-05-27,8
Exportador_09,Países Bajos,Rosas,1384.9,6.48,8974.15,2025-05-27,5
Exportador_13,Italia,Rosas,958.5,6.41,6143.99,2025-05-27,4
Exportador_01,Estados Unidos,Gypsophila,1243.1,4.52,5618.81,2025-05-28,1
Exportador_08,Estados Unidos,Rosas,1429.6,6.93,9907.13,2025-05-28,1
Exportador_10,Ucrania,Rosas,632.4,7.19,4546.96,2025-05-28,7
Exportador_01,Estados Unidos,Rosas,1167.3,6.7,7820.91,2025-05-29,3
Exportador_01,Estados Unidos,Rosas,335.4,7.01,2351.15,2025-05-29,1
Exportador_01,Japón,Gypsophila,391.6,5.87,2298.69,2025-05-29,5
Exportador_01,Rusia,Rosas,1280.3,7.43,9512.63,2025-05-29,6
Exportador_03,Italia,Rosas,1381.6,6.66,9201.46,2025-05-29,5
Exportador_03,Estados Unidos,Rosas,991.2,6.37,6313.94,2025-05-29,1
Exportador_03,Rusia,Rosas,480.3,7.47,3587.84,2025-05-29,6
Exportador_08,Italia,Rosas,687.4,7.01,4818.67,2025-05-29,6
Exportador_01,Alemania,Gypsophila,271.1,5.16,1398.88,2025-05-30,5
Exportador_02,Estados Unidos,Rosas,2047.0,5.87,12015.89,2025-05-30,3
Exportador_05,Estados Unidos,Gypsophila,495.6,4.52,2240.11,2025-05-30,2
Exportador_06,México,Flores de verano,346.3,3.61,1250.14,2025-05-30,2
Exportador_07,Estados Unidos,Crisantemos,365.9,3.36,1229.42,2025-05-30,3
Exportador_01,Italia,Rosas,870.0,7.07,6150.9,2025-05-31,6
Exportador_01,Chile,Rosas,709.8,5.59,3967.78,2025-05-31,3
Exportador_01,Países Bajos,Rosas,1307.2,6.72,8784.38,2025-05-31,6
Exportador_01,Japón,Rosas,1037.6,7.83,8124.41,2025-05-31,8
Exportador_04,Estados Unidos,Flores de verano,417.8,4.24,1771.47,2025-05-31,1
Exportador_07,Países Bajos,Rosas,1278.1,6.71,8576.05,2025-05-31,6
Exportador_12,Países Bajos,Rosas,339.8,6.98,2371.8,2025-05-31,6
Exportador_13,Rusia,Rosas,1459.2,7.51,10958.59,2025-05-31,6
Exportador_01,México,Gypsophila,483.1,4.13,1995.2,2025-06-01,2
Exportador_01,Rusia,Rosas,915.4,6.89,6307.11,2025-06-01,7
Exportador_04,Rusia,Rosas,1032.0,6.97,7193.04,2025-06-01,5
Exportador_08,Países Bajos,Crisantemos,1261.7,3.16,3986.97,2025-06-01,6
Exportador_11,Países Bajos,Claveles,460.3,3.9,1795.17,2025-06-01,6
Exportador_14,España,Rosas,1600.8,6.47,10357.18,2025-06-01,3
Exportador_15,Rusia,Hortensias,322.2,6.4,2062.08,2025-06-01,4
Exportador_01,Ucrania,Rosas,875.8,6.99,6121.84,2025-06-02,7
Exportador_06,Italia,Rosas,878.1,6.8,5971.08,2025-06-02,4
Exportador_14,Estados Unidos,Rosas,479.3,7.14,3422.2,2025-06-02,2
Exportador_01,México,Rosas,1277.4,5.96,7613.3,2025-06-03,4
Exportador_01,Estados Unidos,Rosas,650.5,7.02,4566.51,2025-06-03,1
Exportador_02,Estados Unidos,Rosas,610.8,6.83,4171.76,2025-06-03,2
Exportador_02,Japón,Rosas,955.7,7.9,7550.03,2025-06-03,6
Exportador_03,Estados Unidos,Flores de verano,497.2,3.93,1954.0,2025-06-03,3
Exportador_04,Estados Unidos,Rosas,642.6,6.1,3919.86,2025-06-03,3
Exportador_06,Rusia,Rosas,1097.0,7.04,7722.88,2025-06-03,5
Exportador_01,Estados Unidos,Gypsophila,130.2,4.79,623.66,2025-06-04,1
Exportador_06,Canadá,Hortensias,209.7,6.48,1358.86,2025-06-04,4
Exportador_07,Estados Unidos,Rosas,1447.6,6.63,9597.59,2025-06-04,1
Exportador_01,Estados Unidos,Rosas,1771.9,6.84,12119.8,2025-06-05,3
Exportador_05,Estados Unidos,Rosas,839.8,6.51,5467.1,2025-06-05,1
Exportador_01,Japón,Flores de verano,341.3,5.25,1791.83,2025-06-06,7
Exportador_01,Estados Unidos,Rosas,294.4,6.54,1925.38,2025-06-06,3
Exportador_02,Kazajistán,Rosas,286.7,7.88,2259.2,2025-06-06,5
Exportador_02,Países Bajos,Rosas,875.2,7.07,6187.66,2025-06-06,5
Exportador_03,Estados Unidos,Rosas,1002.5,6.52,6536.3,2025-06-06,1
Exportador_06,Estados Unidos,Gypsophila,578.4,4.29,2481.34,2025-06-06,2
Exportador_01,Estados Unidos,Gypsophila,579.7,4.43,2568.07,2025-06-07,1
Exportador_01,Chile,Flores de verano,171.1,4.08,698.09,2025-06-07,4
Exportador_02,Estados Unidos,Gypsophila,431.2,4.08,1759.3,2025-06-07,3
Exportador_03,Ucrania,Rosas,621.1,6.81,4229.69,2025-06-07,8
Exportador_04,Países Bajos,Rosas,526.3,6.38,3357.79,2025-06-07,5
Exportador_04,Países Bajos,Rosas,941.9,7.38,6951.22,2025-06-07,3
Exportador_14,Estados Unidos,Rosas,2289.6,6.28,14378.69,2025-06-07,3
Exportador_01,España,Rosas,1924.4,7.49,14413.76,2025-06-08,4
Exportador_01,Estados Unidos,Rosas,594.1,6.94,4123.05,2025-06-08,1
Exportador_01,México,Rosas,712.6,6.33,4510.76,2025-06-08,3
Exportador_05,Rusia,Gypsophila,249.6,5.55,1385.28,2025-06-08,5
Exportador_11,Chile,Rosas,529.0,5.61,2967.69,2025-06-08,4
Exportador_05,Estados Unidos,Rosas,1071.0,6.01,6436.71,2025-06-09,2
Exportador_08,Estados Unidos,Rosas,1766.2,6.73,11886.53,2025-06-09,3
Exportador_03,Estados Unidos,Rosas,782.5,6.56,5133.2,2025-06-10,3
Exportador_03,Rusia,Rosas,691.8,8.02,5548.24,2025-06-10,4
Exportador_08,Estados Unidos,Rosas,1075.3,6.47,6957.19,2025-06-10,2
Exportador_14,Estados Unidos,Rosas,400.8,7.09,2841.67,2025-06-10,1
Exportador_01,Ucrania,Gypsophila,1661.7,4.84,8042.63,2025-06-11,8
Exportador_01,Estados Unidos,Rosas,649.2,5.93,3849.76,2025-06-11,2
Exportador_03,Estados Unidos,Crisantemos,472.5,3.51,1658.47,2025-06-11,2
Exportador_03,Kazajistán,Rosas,408.9,7.1,2903.19,2025-06-11,6
Exportador_06,Estados Unidos,Rosas,883.7,6.69,5911.95,2025-06-11,3
Exportador_07,Estados Unidos,Flores de verano,349.4,4.36,1523.38,2025-06-11,3
Exportador_10,Rusia,Rosas,1007.5,7.44,7495.8,2025-06-11,7
Exportador_14,Estados Unidos,Claveles,651.1,3.33,2168.16,2025-06-11,1
Exportador_01,Kazajistán,Rosas,892.5,8.14,7264.95,2025-06-12,6
Exportador_02,Alemania,Claveles,968.9,3.84,3720.58,2025-06-12,3
Exportador_03,Kazajistán,Rosas,663.6,7.56,5016.82,2025-06-12,6
Exportador_03,Ucrania,Rosas,395.4,7.22,2854.79,2025-06-12,6
Exportador_05,Estados Unidos,Rosas,800.7,6.01,4812.21,2025-06-12,3
Exportador_01,Japón,Rosas,1828.1,8.16,14917.3,2025-06-13,6
Exportador_02,Estados Unidos,Rosas,396.6,6.04,2395.46,2025-06-13,3
Exportador_01,Kazajistán,Claveles,208.8,4.14,864.43,2025-06-14,8
Exportador_01,Rusia,Rosas,1589.4,7.42,11793.35,2025-06-14,7
Exportador_02,Estados Unidos,Rosas,1059.0,6.34,6714.06,2025-06-14,2
Exportador_03,Estados Unidos,Rosas,639.4,6.25,3996.25,2025-06-14,3
Exportador_05,Estados Unidos,Rosas,1460.4,6.59,9624.04,2025-06-14,3
Exportador_13,Estados Unidos,Claveles,548.0,3.25,1781.0,2025-06-14,2
Exportador_13,Estados Unidos,Gypsophila,633.3,4.81,3046.17,2025-06-14,1
Exportador_02,Chile,Gypsophila,694.4,4.43,3076.19,2025-06-15,3
Exportador_03,Italia,Rosas,279.4,6.24,1743.46,2025-06-15,6
Exportador_03,Kazajistán,Claveles,583.9,4.03,2353.12,2025-06-15,9
Exportador_07,Canadá,Rosas,467.2,6.26,2924.67,2025-06-15,2
Exportador_09,Rusia,Rosas,479.6,7.4,3549.04,2025-06-15,4
Exportador_12,Estados Unidos,Rosas,826.1,6.91,5708.35,2025-06-15,1
Exportador_01,Ucrania,Gypsophila,693.2,5.4,3743.28,2025-06-16,7
Exportador_01,Estados Unidos,Rosas,312.5,7.06,2206.25,2025-06-16,1
Exportador_03,Rusia,Rosas,1081.1,7.39,7989.33,2025-06-16,5
Exportador_05,Estados Unidos,Gypsophila,917.8,4.11,3772.16,2025-06-16,1
Exportador_06,Estados Unidos,Rosas,1048.3,5.9,6184.97,2025-06-16,3
Exportador_07,Chile,Rosas,1228.2,6.4,7860.48,2025-06-16,3
Exportador_09,Estados Unidos,Rosas,555.8,7.0,3890.6,2025-06-16,1
Exportador_11,Estados Unidos,Rosas,692.9,6.59,4566.21,2025-06-16,3
Exportador_04,Canadá,Rosas,581.3,7.37,4284.18,2025-06-17,3
Exportador_01,Japón,Rosas,773.9,7.32,5664.95,2025-06-18,6
Exportador_01,Estados Unidos,Rosas,1561.6,6.35,9916.16,2025-06-18,1
Exportador_07,Rusia,Rosas,732.5,8.19,5999.17,2025-06-18,5
Exportador_08,Estados Unidos,Rosas,1896.0,6.01,11394.96,2025-06-18,2
Exportador_04,Estados Unidos,Rosas,982.7,6.9,6780.63,2025-06-19,1
Exportador_06,México,Rosas,786.1,5.9,4637.99,2025-06-19,2
Exportador_11,Estados Unidos,Rosas,1116.3,5.9,6586.17,2025-06-19,1
Exportador_03,Alemania,Rosas,487.1,7.58,3692.22,2025-06-20,6
Exportador_11,Estados Unidos,Rosas,552.7,5.9,3260.93,2025-06-20,2
Exportador_01,Canadá,Rosas,567.8,7.19,4082.48,2025-06-21,4
Exportador_02,Rusia,Flores de verano,232.6,4.7,1093.22,2025-06-21,5
Exportador_06,Italia,Rosas,1313.9,6.77,8895.1,2025-06-21,6
Exportador_09,Estados Unidos,Rosas,1236.9,6.34,7841.95,2025-06-21,3
Exportador_10,Canadá,Rosas,994.7,6.74,6704.28,2025-06-21,3
Exportador_05,Estados Unidos,Rosas,1020.4,7.1,7244.84,2025-06-22,1
Exportador_07,España,Rosas,2637.2,7.45,19647.14,2025-06-22,5
Exportador_10,México,Rosas,183.6,6.28,1153.01,2025-06-22,4
Exportador_12,Canadá,Flores de verano,198.3,4.07,807.08,2025-06-22,3
Exportador_01,Estados Unidos,Rosas,386.9,7.08,2739.25,2025-06-23,2
Exportador_02,Países Bajos,Rosas,1390.0,7.0,9730.0,2025-06-23,6
Exportador_03,Países Bajos,Rosas,1180.9,6.76,7982.88,2025-06-23,5
Exportador_04,Italia,Rosas,1551.2,6.79,10532.65,2025-06-23,4
Exportador_05,Kazajistán,Rosas,508.6,8.2,4170.52,2025-06-23,5
Exportador_09,Estados Unidos,Rosas,387.1,6.87,2659.38,2025-06-23,2
Exportador_09,Países Bajos,Rosas,2781.7,7.06,19638.8,2025-06-23,3
Exportador_12,Italia,Rosas,875.2,6.59,5767.57,2025-06-23,6
Exportador_01,Estados Unidos,Flores de verano,267.5,4.31,1152.92,2025-06-24,1
Exportador_01,Estados Unidos,Rosas,477.6,6.11,2918.14,2025-06-24,3
Exportador_02,Países Bajos,Rosas,2188.5,7.12,15582.12,2025-06-24,3
Exportador_05,Estados Unidos,Rosas,1021.6,5.98,6109.17,2025-06-24,1
Exportador_06,Rusia,Rosas,2789.4,8.09,22566.25,2025-06-24,7
Exportador_01,Estados Unidos,Rosas,916.8,6.86,6289.25,2025-06-25,3
Exportador_01,Países Bajos,Rosas,988.2,6.73,6650.59,2025-06-25,5
Exportador_04,Ucrania,Rosas,380.6,7.19,2736.51,2025-06-25,6
Exportador_04,Chile,Rosas,958.1,6.16,5901.9,2025-06-25,2
Exportador_05,Países Bajos,Rosas,1026.3,6.33,6496.48,2025-06-25,5
Exportador_11,Estados Unidos,Rosas,543.9,7.06,3839.93,2025-06-25,2
Exportador_01,Estados Unidos,Rosas,448.1,6.07,2719.97,2025-06-26,3
Exportador_01,Países Bajos,Rosas,346.3,6.89,2386.01,2025-06-26,6
Exportador_13,Estados Unidos,Rosas,2237.9,6.1,13651.19,2025-06-26,1
Exportador_01,Ucrania,Rosas,971.6,6.7,6509.72,2025-06-27,7
Exportador_03,Japón,Claveles,163.9,4.11,673.63,2025-06-27,7
Exportador_04,Estados Unidos,Claveles,625.3,3.53,2207.31,2025-06-27,3
Exportador_11,Estados Unidos,Rosas,1338.5,5.99,8017.62,2025-06-27,1
Exportador_01,Estados Unidos,Rosas,906.1,6.04,5472.84,2025-06-28,2
Exportador_01,Países Bajos,Rosas,3366.9,6.21,20908.45,2025-06-28,6
Exportador_01,Estados Unidos,Hortensias,311.1,5.46,1698.61,2025-06-28,1
Exportador_02,Canadá,Rosas,727.7,6.27,4562.68,2025-06-28,3
Exportador_03,Estados Unidos,Rosas,787.0,6.31,4965.97,2025-06-28,1
Exportador_03,Estados Unidos,Rosas,1605.6,6.0,9633.6,2025-06-28,1
Exportador_02,Estados Unidos,Rosas,395.8,6.63,2624.15,2025-06-29,1
Exportador_07,Países Bajos,Rosas,561.5,6.91,3879.97,2025-06-29,3
Exportador_10,Rusia,Rosas,410.2,6.85,2809.87,2025-06-29,6
Exportador_14,Rusia,Rosas,2197.1,7.74,17005.55,2025-06-29,6
Exportador_02,Canadá,Hortensias,402.8,6.0,2416.8,2025-06-30,2
Exportador_14,Países Bajos,Claveles,175.6,4.13,725.23,2025-06-30,3
Exportador_15,Canadá,Hortensias,138.5,6.52,903.02,2025-06-30,4
Exportador_15,Ucrania,Rosas,655.2,6.63,4343.98,2025-06-30,7
Exportador_02,Estados Unidos,Rosas,518.6,6.53,3386.46,2025-07-01,3
Exportador_05,Estados Unidos,Rosas,1279.8,6.48,8293.1,2025-07-01,1
Exportador_13,Canadá,Rosas,821.9,7.33,6024.53,2025-07-01,2
Exportador_14,Estados Unidos,Rosas,1717.4,6.43,11042.88,2025-07-01,1
Exportador_02,Japón,Rosas,836.3,7.48,6255.52,2025-07-02,6
Exportador_02,Países Bajos,Rosas,1842.5,6.85,12621.12,2025-07-02,6
Exportador_11,Rusia,Rosas,473.6,7.47,3537.79,2025-07-02,4
Exportador_12,Canadá,Rosas,1234.0,6.37,7860.58,2025-07-02,2
Exportador_05,Estados Unidos,Rosas,667.9,7.13,4762.13,2025-07-03,1
Exportador_11,Rusia,Rosas,1237.9,7.5,9284.25,2025-07-03,4
Exportador_01,España,Rosas,1222.3,7.07,8641.66,2025-07-05,5
Exportador_03,Estados Unidos,Rosas,1098.5,6.15,6755.78,2025-07-05,1
Exportador_06,Estados Unidos,Rosas,781.8,5.96,4659.53,2025-07-05,3
Exportador_06,Estados Unidos,Rosas,448.8,7.04,3159.55,2025-07-05,3
Exportador_11,Estados Unidos,Rosas,1001.9,6.09,6101.57,2025-07-05,1
Exportador_03,Estados Unidos,Rosas,1459.3,6.33,9237.37,2025-07-06,3
Exportador_05,Países Bajos,Rosas,705.7,6.45,4551.77,2025-07-06,5
Exportador_02,Japón,Rosas,1851.8,8.67,16055.11,2025-07-07,5
Exportador_06,Estados Unidos,Rosas,227.5,6.56,1492.4,2025-07-07,3
Exportador_14,Canadá,Rosas,1710.2,6.21,10620.34,2025-07-07,3
Exportador_02,Estados Unidos,Gypsophila,451.4,4.23,1909.42,2025-07-08,2
Exportador_05,Japón,Gypsophila,373.0,5.74,2141.02,2025-07-08,8
Exportador_06,Estados Unidos,Rosas,1040.1,6.76,7031.08,2025-07-08,2
Exportador_01,Estados Unidos,Gypsophila,601.0,4.94,2968.94,2025-07-09,1
Exportador_06,Rusia,Rosas,362.1,6.93,2509.35,2025-07-09,7
Exportador_13,Rusia,Rosas,625.9,6.74,4218.57,2025-07-09,4
Exportador_14,Canadá,Rosas,427.7,6.3,2694.51,2025-07-09,4
Exportador_01,Canadá,Rosas,644.5,6.15,3963.68,2025-07-10,3
Exportador_04,Kazajistán,Rosas,668.7,7.72,5162.36,2025-07-10,9
Exportador_07,Estados Unidos,Rosas,689.6,5.96,4110.02,2025-07-10,1
Exportador_01,México,Rosas,2586.2,6.55,16939.61,2025-07-11,3
Exportador_02,Italia,Claveles,352.3,4.06,1430.34,2025-07-11,4
Exportador_04,Japón,Rosas,534.5,8.48,4532.56,2025-07-11,7
Exportador_06,Rusia,Rosas,2882.5,8.11,23377.07,2025-07-11,7
Exportador_11,Estados Unidos,Hortensias,489.0,5.79,2831.31,2025-07-11,3
Exportador_01,Japón,Rosas,753.5,8.75,6593.12,2025-07-12,8
Exportador_01,Rusia,Rosas,603.3,7.5,4524.75,2025-07-12,5
Exportador_09,Canadá,Rosas,2311.7,7.02,16228.13,2025-07-12,4
Exportador_13,Japón,Rosas,369.1,7.86,2901.13,2025-07-12,7
Exportador_04,Estados Unidos,Rosas,459.0,7.06,3240.54,2025-07-13,2
Exportador_06,Chile,Rosas,963.3,6.07,5847.23,2025-07-13,4
Exportador_07,Alemania,Rosas,702.0,6.62,4647.24,2025-07-13,4
Exportador_01,Estados Unidos,Rosas,645.3,6.67,4304.15,2025-07-14,2
Exportador_03,Países Bajos,Flores de verano,446.2,4.58,2043.6,2025-07-14,5
Exportador_10,Rusia,Rosas,2829.8,7.33,20742.43,2025-07-14,6
Exportador_01,Rusia,Hortensias,149.8,6.37,954.23,2025-07-15,5
Exportador_01,Estados Unidos,Rosas,1136.5,5.94,6750.81,2025-07-15,1
Exportador_07,Países Bajos,Rosas,2042.1,6.51,13294.07,2025-07-15,5
Exportador_09,Kazajistán,Rosas,1017.4,8.15,8291.81,2025-07-15,7
Exportador_10,Estados Unidos,Rosas,1268.1,6.96,8825.98,2025-07-15,1
Exportador_11,Alemania,Flores de verano,271.6,4.22,1146.15,2025-07-15,3
Exportador_02,Países Bajos,Rosas,544.5,7.36,4007.52,2025-07-16,4
Exportador_03,España,Rosas,1753.1,6.24,10939.34,2025-07-16,5
Exportador_08,Chile,Rosas,577.5,6.74,3892.35,2025-07-16,2
Exportador_10,Estados Unidos,Rosas,711.8,6.44,4583.99,2025-07-16,3
Exportador_11,Estados Unidos,Rosas,492.1,6.06,2982.13,2025-07-16,2
Exportador_11,Canadá,Rosas,464.0,7.35,3410.4,2025-07-16,2
Exportador_02,Chile,Rosas,1459.0,6.78,9892.02,2025-07-17,4
Exportador_02,Países Bajos,Rosas,2034.1,7.21,14665.86,2025-07-17,5
Exportador_02,Estados Unidos,Rosas,821.7,6.61,5431.44,2025-07-17,2
Exportador_05,Ucrania,Claveles,196.5,4.29,842.99,2025-07-17,7
Exportador_06,Estados Unidos,Rosas,732.2,7.1,5198.62,2025-07-17,2
Exportador_08,Estados Unidos,Rosas,1428.1,5.94,8482.91,2025-07-17,1
Exportador_09,Chile,Hortensias,313.2,5.15,1612.98,2025-07-17,2
Exportador_07,Alemania,Rosas,1795.0,7.68,13785.6,2025-07-18,4
Exportador_07,Rusia,Rosas,366.4,7.09,2597.78,2025-07-18,7
Exportador_07,Estados Unidos,Rosas,838.8,6.69,5611.57,2025-07-18,3
Exportador_01,Ucrania,Rosas,460.5,7.35,3384.67,2025-07-19,6
Exportador_01,Estados Unidos,Claveles,993.4,3.68,3655.71,2025-07-19,1
Exportador_04,Chile,Rosas,675.0,5.67,3827.25,2025-07-19,4
Exportador_04,Estados Unidos,Flores de verano,157.7,4.05,638.68,2025-07-19,3
Exportador_12,Países Bajos,Rosas,1259.3,6.88,8663.98,2025-07-19,6
Exportador_04,Países Bajos,Rosas,441.6,7.04,3108.86,2025-07-20,6
Exportador_01,Países Bajos,Rosas,1168.1,7.19,8398.64,2025-07-21,3
Exportador_01,Rusia,Rosas,706.3,8.03,5671.59,2025-07-21,6
Exportador_03,Estados Unidos,Rosas,725.6,7.12,5166.27,2025-07-21,2
Exportador_03,Países Bajos,Rosas,530.7,6.86,3640.6,2025-07-21,6
Exportador_04,España,Rosas,1000.5,6.19,6193.1,2025-07-21,5
Exportador_07,Estados Unidos,Rosas,932.5,7.09,6611.43,2025-07-21,2
Exportador_09,Estados Unidos,Rosas,1367.5,6.76,9244.3,2025-07-21,2
Exportador_13,Estados Unidos,Rosas,1086.2,6.61,7179.78,2025-07-21,1
Exportador_01,Estados Unidos,Rosas,689.0,6.92,4767.88,2025-07-22,3
Exportador_02,Rusia,Rosas,739.1,8.14,6016.27,2025-07-22,4
Exportador_10,Italia,Rosas,844.8,7.48,6319.1,2025-07-22,6
Exportador_13,Kazajistán,Gypsophila,905.6,5.53,5007.97,2025-07-22,8
Exportador_13,Kazajistán,Crisantemos,196.1,3.75,735.38,2025-07-22,8
Exportador_15,Estados Unidos,Rosas,1201.2,7.1,8528.52,2025-07-22,2
Exportador_01,México,Claveles,829.1,3.34,2769.19,2025-07-23,4
Exportador_03,Italia,Rosas,849.8,6.22,5285.76,2025-07-23,3
Exportador_03,Estados Unidos,Gypsophila,259.9,4.92,1278.71,2025-07-23,1
Exportador_04,Estados Unidos,Rosas,651.1,6.67,4342.84,2025-07-23,1
Exportador_06,México,Rosas,741.8,5.64,4183.75,2025-07-23,3
Exportador_11,Estados Unidos,Rosas,1844.5,6.31,11638.8,2025-07-23,2
Exportador_15,Estados Unidos,Rosas,411.2,5.99,2463.09,2025-07-23,3
Exportador_01,Rusia,Rosas,699.3,8.17,5713.28,2025-07-24,4
Exportador_01,Estados Unidos,Crisantemos,617.9,3.18,1964.92,2025-07-24,1
Exportador_01,Estados Unidos,Rosas,854.1,7.03,6004.32,2025-07-24,3
Exportador_06,Japón,Gypsophila,717.7,5.76,4133.95,2025-07-24,8
Exportador_12,Kazajistán,Claveles,203.2,4.75,965.2,2025-07-24,8
Exportador_01,España,Rosas,739.1,6.49,4796.76,2025-07-25,5
Exportador_01,Países Bajos,Gypsophila,2085.1,4.42,9216.14,2025-07-25,5
Exportador_02,Estados Unidos,Flores de verano,319.6,4.44,1419.02,2025-07-25,1
Exportador_04,Estados Unidos,Gypsophila,201.7,4.79,966.14,2025-07-25,3
Exportador_12,Estados Unidos,Rosas,621.1,6.53,4055.78,2025-07-25,3
Exportador_01,Chile,Crisantemos,1062.4,3.11,3304.06,2025-07-26,3
Exportador_01,España,Flores de verano,411.4,3.97,1633.26,2025-07-26,5
Exportador_01,Japón,Rosas,2685.3,8.43,22637.08,2025-07-26,7
Exportador_01,Italia,Rosas,641.3,6.3,4040.19,2025-07-26,5
Exportador_02,Estados Unidos,Rosas,2100.8,6.03,12667.82,2025-07-26,3
Exportador_02,Estados Unidos,Rosas,454.4,6.99,3176.26,2025-07-26,2
Exportador_02,Países Bajos,Rosas,396.8,6.91,2741.89,2025-07-26,5
Exportador_05,Kazajistán,Rosas,1225.2,8.24,10095.65,2025-07-26,6
Exportador_10,Italia,Rosas,1158.4,7.04,8155.14,2025-07-26,6
Exportador_10,Japón,Claveles,407.9,4.79,1953.84,2025-07-26,5
Exportador_03,Estados Unidos,Rosas,1025.4,7.14,7321.36,2025-07-27,3
Exportador_04,Estados Unidos,Rosas,451.7,6.65,3003.81,2025-07-27,1
Exportador_04,Canadá,Rosas,399.3,6.6,2635.38,2025-07-27,4
Exportador_10,México,Rosas,220.9,6.59,1455.73,2025-07-27,2
Exportador_14,Estados Unidos,Rosas,879.4,6.26,5505.04,2025-07-27,3
Exportador_01,Rusia,Rosas,1118.0,7.02,7848.36,2025-07-28,7
Exportador_01,Estados Unidos,Gypsophila,521.7,4.79,2498.94,2025-07-28,2
Exportador_02,Rusia,Rosas,364.4,6.84,2492.5,2025-07-28,6
Exportador_03,México,Flores de verano,496.4,3.69,1831.72,2025-07-28,2
Exportador_09,Kazajistán,Hortensias,467.4,7.61,3556.91,2025-07-28,5
Exportador_02,Italia,Rosas,727.3,7.5,5454.75,2025-07-29,5
Exportador_03,Estados Unidos,Rosas,1963.7,7.01,13765.54,2025-07-29,1
Exportador_11,Chile,Rosas,786.2,6.16,4842.99,2025-07-29,2
Exportador_13,Estados Unidos,Rosas,817.8,6.72,5495.62,2025-07-29,1
Exportador_02,Rusia,Flores de verano,272.1,4.4,1197.24,2025-07-30,6
Exportador_02,Estados Unidos,Gypsophila,820.5,4.75,3897.38,2025-07-30,1
Exportador_03,Estados Unidos,Rosas,1544.2,6.01,9280.64,2025-07-30,3
Exportador_01,Estados Unidos,Rosas,644.8,6.64,4281.47,2025-08-01,3
Exportador_01,México,Rosas,585.3,5.7,3336.21,2025-08-01,2
Exportador_03,Estados Unidos,Rosas,754.2,6.69,5045.6,2025-08-01,3
Exportador_05,Estados Unidos,Rosas,683.1,5.96,4071.28,2025-08-01,1
Exportador_07,Chile,Rosas,793.4,6.46,5125.36,2025-08-01,2
Exportador_08,Alemania,Rosas,388.0,6.8,2638.4,2025-08-01,6
Exportador_14,Rusia,Gypsophila,407.8,4.9,1998.22,2025-08-01,5
Exportador_15,Estados Unidos,Rosas,981.7,5.98,5870.57,2025-08-01,3
Exportador_01,Canadá,Hortensias,427.9,5.77,2468.98,2025-08-02,4
Exportador_05,Países Bajos,Rosas,829.0,6.58,5454.82,2025-08-02,3
Exportador_06,Alemania,Rosas,710.7,6.92,4918.04,2025-08-02,6
Exportador_06,Estados Unidos,Rosas,1635.9,6.16,10077.14,2025-08-02,3
Exportador_01,Estados Unidos,Rosas,526.9,7.13,3756.8,2025-08-03,1
Exportador_01,Estados Unidos,Rosas,701.6,6.86,4812.98,2025-08-03,2
Exportador_02,Estados Unidos,Gypsophila,708.8,4.82,3416.42,2025-08-03,2
Exportador_03,Rusia,Rosas,486.3,6.86,3336.02,2025-08-03,4
Exportador_04,Rusia,Rosas,2659.1,6.88,18294.61,2025-08-03,4
Exportador_10,Estados Unidos,Rosas,566.5,6.56,3716.24,2025-08-03,2
Exportador_13,Países Bajos,Gypsophila,221.2,4.47,988.76,2025-08-03,3
Exportador_01,Chile,Rosas,772.2,5.58,4308.88,2025-08-04,3
Exportador_01,México,Claveles,888.9,3.72,3306.71,2025-08-04,3
Exportador_02,Estados Unidos,Crisantemos,703.1,2.96,2081.18,2025-08-04,3
Exportador_03,Estados Unidos,Claveles,609.9,3.43,2091.96,2025-08-04,3
Exportador_05,Rusia,Rosas,862.7,7.67,6616.91,2025-08-04,7
Exportador_06,Rusia,Rosas,577.5,7.17,4140.68,2025-08-04,6
Exportador_09,Estados Unidos,Rosas,1041.6,5.92,6166.27,2025-08-04,3
Exportador_09,México,Hortensias,375.3,5.96,2236.79,2025-08-04,3
Exportador_14,Estados Unidos,Gypsophila,1432.1,4.12,5900.25,2025-08-04,2
Exportador_06,Estados Unidos,Rosas,488.9,7.09,3466.3,2025-08-05,3
Exportador_10,Rusia,Flores de verano,451.7,5.04,2276.57,2025-08-05,5
Exportador_14,Estados Unidos,Rosas,929.4,6.6,6134.04,2025-08-05,2
Exportador_01,Rusia,Claveles,325.8,4.29,1397.68,2025-08-06,5
Exportador_01,Estados Unidos,Claveles,610.9,3.92,2394.73,2025-08-06,2
Exportador_11,Ucrania,Rosas,815.3,6.88,5609.26,2025-08-06,7
Exportador_05,Países Bajos,Rosas,1465.6,6.71,9834.18,2025-08-07,3
Exportador_05,Japón,Rosas,568.1,8.29,4709.55,2025-08-07,6
Exportador_01,Rusia,Rosas,1351.5,7.86,10622.79,2025-08-08,5
Exportador_02,Estados Unidos,Rosas,1087.0,6.88,7478.56,2025-08-08,2
Exportador_02,Italia,Rosas,503.2,6.84,3441.89,2025-08-08,3
Exportador_01,Canadá,Rosas,857.9,6.4,5490.56,2025-08-09,3
Exportador_14,Países Bajos,Rosas,972.8,6.49,6313.47,2025-08-09,5
Exportador_01,Rusia,Gypsophila,458.5,4.74,2173.29,2025-08-10,4
Exportador_02,España,Flores de verano,220.5,4.62,1018.71,2025-08-10,5
Exportador_04,Kazajistán,Gypsophila,952.1,5.54,5274.63,2025-08-10,6
Exportador_04,Italia,Rosas,1146.4,6.59,7554.78,2025-08-10,6
Exportador_11,Rusia,Rosas,1536.3,7.23,11107.45,2025-08-10,7
Exportador_01,Rusia,Crisantemos,328.2,3.69,1211.06,2025-08-11,6
Exportador_01,Canadá,Rosas,917.3,6.96,6384.41,2025-08-11,2
Exportador_01,Alemania,Rosas,734.5,7.09,5207.6,2025-08-11,3
Exportador_02,Países Bajos,Rosas,1482.6,7.29,10808.15,2025-08-11,6
Exportador_01,Rusia,Rosas,1865.6,6.78,12648.77,2025-08-12,7
Exportador_07,España,Rosas,740.7,7.39,5473.77,2025-08-12,6
Exportador_01,España,Rosas,759.7,7.36,5591.39,2025-08-13,5
Exportador_01,Estados Unidos,Rosas,1321.9,6.41,8473.38,2025-08-13,3
Exportador_02,Chile,Rosas,901.5,6.24,5625.36,2025-08-13,4
Exportador_01,Estados Unidos,Rosas,794.4,6.67,5298.65,2025-08-14,2
Exportador_06,Estados Unidos,Rosas,732.9,7.09,5196.26,2025-08-14,2
Exportador_09,Rusia,Rosas,1150.0,7.31,8406.5,2025-08-14,6
Exportador_11,Países Bajos,Rosas,492.4,7.07,3481.27,2025-08-14,3
Exportador_04,Estados Unidos,Rosas,423.8,5.91,2504.66,2025-08-15,1
Exportador_04,Japón,Rosas,1971.4,7.82,15416.35,2025-08-15,8
Exportador_08,España,Gypsophila,831.6,4.3,3575.88,2025-08-15,4
Exportador_11,Países Bajos,Gypsophila,1149.7,4.96,5702.51,2025-08-15,3
Exportador_12,Estados Unidos,Rosas,447.1,6.99,3125.23,2025-08-15,3
Exportador_01,Rusia,Rosas,739.6,7.55,5583.98,2025-08-16,4
Exportador_01,Ucrania,Rosas,646.8,6.69,4327.09,2025-08-16,5
Exportador_02,España,Rosas,2109.5,7.23,15251.69,2025-08-16,4
Exportador_02,Italia,Hortensias,107.4,6.47,694.88,2025-08-16,4
Exportador_07,México,Rosas,680.3,6.58,4476.37,2025-08-16,4
Exportador_11,Estados Unidos,Rosas,636.1,7.09,4509.95,2025-08-16,1
Exportador_01,Estados Unidos,Rosas,574.6,6.82,3918.77,2025-08-17,2
Exportador_01,Estados Unidos,Gypsophila,387.3,4.34,1680.88,2025-08-17,2
Exportador_01,Rusia,Rosas,982.2,7.94,7798.67,2025-08-17,4
Exportador_03,Estados Unidos,Gypsophila,701.1,4.85,3400.34,2025-08-17,2
Exportador_04,Rusia,Rosas,641.5,8.21,5266.72,2025-08-17,4
Exportador_05,Estados Unidos,Hortensias,158.1,6.4,1011.84,2025-08-17,1
Exportador_06,Rusia,Rosas,290.8,6.96,2023.97,2025-08-17,4
Exportador_12,Rusia,Rosas,1056.2,7.18,7583.52,2025-08-17,6
Exportador_12,Canadá,Rosas,823.9,6.95,5726.1,2025-08-17,2
Exportador_01,Estados Unidos,Rosas,1011.8,6.35,6424.93,2025-08-18,3
Exportador_01,Estados Unidos,Rosas,1470.5,6.79,9984.69,2025-08-18,2
Exportador_01,Italia,Rosas,733.2,6.27,4597.16,2025-08-18,6
Exportador_02,Italia,Rosas,797.9,6.96,5553.38,2025-08-18,3
Exportador_03,Estados Unidos,Rosas,1903.1,6.56,12484.34,2025-08-18,3
Exportador_05,Países Bajos,Rosas,884.4,6.69,5916.64,2025-08-18,5
Exportador_06,Alemania,Hortensias,750.2,6.3,4726.26,2025-08-18,6
Exportador_06,Ucrania,Rosas,1082.1,6.86,7423.21,2025-08-18,6
Exportador_07,Alemania,Rosas,1666.0,7.05,11745.3,2025-08-18,5
Exportador_01,Canadá,Rosas,4038.1,7.11,28710.89,2025-08-19,3
Exportador_01,Países Bajos,Flores de verano,306.1,4.04,1236.64,2025-08-19,6
Exportador_03,Estados Unidos,Rosas,1413.4,6.03,8522.8,2025-08-19,1
Exportador_06,Estados Unidos,Rosas,351.2,6.17,2166.9,2025-08-19,1
Exportador_07,Estados Unidos,Gypsophila,223.5,4.82,1077.27,2025-08-19,1
Exportador_12,Japón,Claveles,333.6,4.12,1374.43,2025-08-19,6
Exportador_01,Estados Unidos,Rosas,689.1,6.86,4727.23,2025-08-20,1
Exportador_01,Rusia,Hortensias,353.6,9.01,3185.94,2025-08-20,5
Exportador_02,Estados Unidos,Rosas,2240.1,6.63,14851.86,2025-08-20,1
Exportador_03,Estados Unidos,Flores de verano,274.7,4.1,1126.27,2025-08-20,1
Exportador_04,Kazajistán,Rosas,833.6,9.57,7977.55,2025-08-20,8
Exportador_06,México,Gypsophila,711.2,4.37,3107.94,2025-08-20,2
Exportador_06,Rusia,Rosas,1805.1,9.93,17924.64,2025-08-20,6
Exportador_07,Estados Unidos,Rosas,577.6,7.02,4054.75,2025-08-20,2
Exportador_01,Canadá,Rosas,797.0,6.48,5164.56,2025-08-21,2
Exportador_01,Países Bajos,Flores de verano,87.5,4.68,409.5,2025-08-21,5
Exportador_03,Kazajistán,Rosas,2649.4,9.5,25169.3,2025-08-21,9
Exportador_08,Alemania,Rosas,3053.2,6.76,20639.63,2025-08-21,6
Exportador_08,Estados Unidos,Rosas,952.3,6.01,5723.32,2025-08-21,2
Exportador_08,Rusia,Rosas,1218.0,9.29,11315.22,2025-08-21,7
Exportador_09,Estados Unidos,Rosas,805.9,6.14,4948.23,2025-08-21,1
Exportador_09,Alemania,Gypsophila,360.4,4.97,1791.19,2025-08-21,3
Exportador_13,Ucrania,Crisantemos,344.1,4.01,1379.84,2025-08-21,7
Exportador_01,Kazajistán,Rosas,971.2,8.84,8585.41,2025-08-22,6
Exportador_01,España,Gypsophila,1030.6,4.66,4802.6,2025-08-22,4
Exportador_01,Rusia,Rosas,1666.4,9.08,15130.91,2025-08-22,6
Exportador_01,Países Bajos,Rosas,1265.9,6.82,8633.44,2025-08-22,6
Exportador_02,Rusia,Rosas,1932.1,9.27,17910.57,2025-08-22,6
Exportador_03,Canadá,Rosas,916.1,6.87,6293.61,2025-08-22,4
Exportador_03,Canadá,Rosas,1548.6,6.31,9771.67,2025-08-22,2
Exportador_06,Kazajistán,Rosas,710.4,10.1,7175.04,2025-08-22,8
Exportador_08,España,Rosas,1471.6,7.2,10595.52,2025-08-22,4
Exportador_08,Ucrania,Rosas,1811.8,8.43,15273.47,2025-08-22,8
Exportador_12,Alemania,Rosas,971.5,7.16,6955.94,2025-08-22,3
Exportador_01,Chile,Rosas,1108.8,6.78,7517.66,2025-08-23,2
Exportador_01,Alemania,Rosas,372.1,7.59,2824.24,2025-08-23,5
Exportador_02,España,Rosas,4046.0,7.1,28726.6,2025-08-23,6
Exportador_02,Países Bajos,Rosas,2092.2,7.34,15356.75,2025-08-23,3
Exportador_03,Países Bajos,Rosas,419.6,7.35,3084.06,2025-08-23,3
Exportador_06,Estados Unidos,Rosas,798.2,6.23,4972.79,2025-08-23,2
Exportador_07,Rusia,Rosas,443.5,10.05,4457.18,2025-08-23,7
Exportador_08,Estados Unidos,Rosas,836.8,6.24,5221.63,2025-08-23,2
Exportador_09,Estados Unidos,Claveles,399.7,3.64,1454.91,2025-08-23,3
Exportador_13,Países Bajos,Claveles,1028.5,4.09,4206.56,2025-08-23,4
Exportador_01,España,Rosas,775.0,6.46,5006.5,2025-08-24,5
Exportador_01,Canadá,Rosas,1132.9,6.84,7749.04,2025-08-24,4
Exportador_04,Kazajistán,Hortensias,381.1,9.87,3761.46,2025-08-24,6
Exportador_05,Estados Unidos,Hortensias,402.5,5.76,2318.4,2025-08-24,2
Exportador_11,Kazajistán,Rosas,2794.5,9.85,27525.83,2025-08-24,5
Exportador_14,Estados Unidos,Rosas,230.8,6.49,1497.89,2025-08-24,3
Exportador_01,Estados Unidos,Rosas,1703.8,7.14,12165.13,2025-08-25,1
Exportador_01,Estados Unidos,Rosas,1150.0,6.83,7854.5,2025-08-25,2
Exportador_02,Chile,Rosas,1544.0,6.77,10452.88,2025-08-25,3
Exportador_04,Kazajistán,Claveles,1045.9,5.86,6128.97,2025-08-25,9
Exportador_06,Estados Unidos,Gypsophila,708.0,4.28,3030.24,2025-08-25,1
Exportador_07,Alemania,Rosas,334.2,7.69,2570.0,2025-08-25,5
Exportador_10,Estados Unidos,Rosas,448.3,6.23,2792.91,2025-08-25,2
Exportador_01,México,Rosas,663.6,6.31,4187.32,2025-08-26,4
Exportador_01,Kazajistán,Hortensias,1054.3,8.31,8761.23,2025-08-26,5
Exportador_03,Estados Unidos,Rosas,555.5,6.95,3860.72,2025-08-26,1
Exportador_04,Rusia,Hortensias,325.2,9.28,3017.86,2025-08-26,5
Exportador_04,Países Bajos,Rosas,811.8,7.33,5950.49,2025-08-26,5
Exportador_06,Rusia,Rosas,2035.6,8.81,17933.64,2025-08-26,4
Exportador_09,Rusia,Rosas,1725.2,8.44,14560.69,2025-08-26,6
Exportador_09,Canadá,Rosas,442.9,6.55,2900.99,2025-08-26,4
Exportador_12,Rusia,Gypsophila,661.5,6.03,3988.85,2025-08-26,7
Exportador_13,Italia,Rosas,1331.9,6.48,8630.71,2025-08-26,5
Exportador_01,Kazajistán,Rosas,3497.3,8.91,31160.94,2025-08-27,6
Exportador_01,Kazajistán,Rosas,873.6,9.6,8386.56,2025-08-27,6
Exportador_01,Canadá,Rosas,330.8,7.23,2391.68,2025-08-27,4
Exportador_01,Canadá,Claveles,1030.2,4.0,4120.8,2025-08-27,4
Exportador_02,Países Bajos,Rosas,726.2,7.19,5221.38,2025-08-27,5
Exportador_02,Rusia,Rosas,975.8,9.15,8928.57,2025-08-27,5
Exportador_03,Estados Unidos,Rosas,966.2,6.03,5826.19,2025-08-27,1
Exportador_04,Países Bajos,Rosas,780.2,6.43,5016.69,2025-08-27,5
Exportador_04,España,Rosas,441.6,6.72,2967.55,2025-08-27,3
Exportador_04,Rusia,Rosas,1015.4,8.51,8641.05,2025-08-27,5
Exportador_06,Estados Unidos,Rosas,672.2,6.73,4523.91,2025-08-27,2
Exportador_07,Estados Unidos,Rosas,1952.3,6.56,12807.09,2025-08-27,3
Exportador_07,Kazajistán,Rosas,850.3,10.11,8596.53,2025-08-27,8
Exportador_13,Alemania,Crisantemos,409.7,3.53,1446.24,2025-08-27,6
Exportador_13,Estados Unidos,Rosas,310.8,6.77,2104.12,2025-08-27,1
Exportador_01,Estados Unidos,Rosas,774.6,5.94,4601.12,2025-08-28,1
Exportador_01,Estados Unidos,Claveles,386.9,3.71,1435.4,2025-08-28,2
Exportador_02,Rusia,Rosas,1227.0,8.47,10392.69,2025-08-28,5
Exportador_07,Estados Unidos,Rosas,638.4,6.61,4219.82,2025-08-28,2
Exportador_01,Estados Unidos,Rosas,2484.5,6.6,16397.7,2025-08-29,1
Exportador_01,Estados Unidos,Crisantemos,672.3,3.18,2137.91,2025-08-29,1
Exportador_02,Kazajistán,Rosas,674.4,9.22,6217.97,2025-08-29,8
Exportador_02,Rusia,Rosas,2143.2,9.09,19481.69,2025-08-29,5
Exportador_03,Italia,Rosas,1103.8,7.0,7726.6,2025-08-29,5
Exportador_06,Kazajistán,Rosas,508.3,8.98,4564.53,2025-08-29,7
Exportador_07,Kazajistán,Rosas,2144.6,9.92,21274.43,2025-08-29,9
Exportador_08,Estados Unidos,Rosas,548.6,6.74,3697.56,2025-08-29,1
Exportador_01,Estados Unidos,Rosas,1252.1,5.94,7437.47,2025-08-30,2
Exportador_02,México,Rosas,587.8,6.45,3791.31,2025-08-30,2
Exportador_02,Estados Unidos,Rosas,1025.7,6.01,6164.46,2025-08-30,3
Exportador_03,Rusia,Crisantemos,363.9,4.88,1775.83,2025-08-30,6
Exportador_05,México,Rosas,612.9,5.99,3671.27,2025-08-30,3
Exportador_06,Rusia,Rosas,1991.0,8.85,17620.35,2025-08-30,6
Exportador_09,Estados Unidos,Rosas,612.6,6.81,4171.81,2025-08-30,2
Exportador_13,Estados Unidos,Gypsophila,364.3,4.73,1723.14,2025-08-30,2
Exportador_01,Estados Unidos,Rosas,1210.0,6.73,8143.3,2025-08-31,1
Exportador_01,Países Bajos,Rosas,881.7,6.7,5907.39,2025-08-31,4
Exportador_03,Estados Unidos,Rosas,1581.9,6.34,10029.25,2025-08-31,2
Exportador_04,Rusia,Rosas,594.7,9.83,5845.9,2025-08-31,6
Exportador_01,España,Rosas,1891.2,6.65,12576.48,2025-09-01,5
Exportador_05,Rusia,Rosas,1881.7,7.31,13755.23,2025-09-01,6
Exportador_01,Estados Unidos,Rosas,427.7,7.07,3023.84,2025-09-02,3
Exportador_01,Países Bajos,Rosas,492.1,7.39,3636.62,2025-09-02,5
Exportador_01,Estados Unidos,Rosas,915.6,6.93,6345.11,2025-09-02,3
Exportador_03,Rusia,Rosas,735.3,8.11,5963.28,2025-09-02,7
Exportador_06,Estados Unidos,Rosas,929.9,6.75,6276.82,2025-09-02,3
Exportador_08,Chile,Rosas,2158.1,5.99,12927.02,2025-09-02,2
Exportador_10,Canadá,Rosas,955.1,7.35,7019.98,2025-09-02,2
Exportador_01,México,Rosas,1389.7,5.69,7907.39,2025-09-03,2
Exportador_01,Estados Unidos,Rosas,610.2,6.3,3844.26,2025-09-03,2
Exportador_03,Estados Unidos,Crisantemos,782.0,3.11,2432.02,2025-09-03,1
Exportador_05,Ucrania,Hortensias,386.6,6.85,2648.21,2025-09-03,7
Exportador_05,Kazajistán,Rosas,967.4,7.65,7400.61,2025-09-03,8
Exportador_06,Kazajistán,Hortensias,420.0,6.56,2755.2,2025-09-03,8
Exportador_03,Rusia,Rosas,1069.1,8.15,8713.16,2025-09-04,7
Exportador_05,Estados Unidos,Rosas,2669.7,6.16,16445.35,2025-09-04,1
Exportador_08,Japón,Rosas,568.5,8.69,4940.26,2025-09-04,8
Exportador_01,Rusia,Rosas,379.3,7.59,2878.89,2025-09-05,4
Exportador_01,Estados Unidos,Rosas,288.1,5.89,1696.91,2025-09-05,1
Exportador_01,Estados Unidos,Rosas,518.9,7.14,3704.95,2025-09-05,1
Exportador_01,España,Rosas,1009.7,7.12,7189.06,2025-09-05,5
Exportador_05,Estados Unidos,Rosas,1189.4,6.39,7600.27,2025-09-05,3
Exportador_01,Estados Unidos,Flores de verano,371.0,4.0,1484.0,2025-09-06,1
Exportador_01,Kazajistán,Rosas,890.9,8.47,7545.92,2025-09-06,5
Exportador_02,España,Rosas,1094.1,6.39,6991.3,2025-09-06,5
Exportador_04,Países Bajos,Flores de verano,377.8,4.16,1571.65,2025-09-06,3
Exportador_08,Alemania,Crisantemos,230.2,3.71,854.04,2025-09-06,4
Exportador_08,Estados Unidos,Rosas,1712.9,6.94,11887.53,2025-09-06,2
Exportador_08,Estados Unidos,Claveles,1934.6,3.8,7351.48,2025-09-06,2
Exportador_08,Países Bajos,Rosas,681.5,7.13,4859.1,2025-09-06,3
Exportador_12,México,Gypsophila,672.8,4.02,2704.66,2025-09-06,2
Exportador_01,Países Bajos,Rosas,715.3,6.73,4813.97,2025-09-07,5
Exportador_01,Alemania,Rosas,948.2,6.59,6248.64,2025-09-07,3
Exportador_01,Rusia,Rosas,837.8,7.69,6442.68,2025-09-07,4
Exportador_02,Rusia,Gypsophila,197.8,5.3,1048.34,2025-09-07,4
Exportador_02,Ucrania,Rosas,964.3,7.21,6952.6,2025-09-07,5
Exportador_05,Estados Unidos,Flores de verano,568.5,3.7,2103.45,2025-09-07,2
Exportador_08,Canadá,Rosas,490.5,7.01,3438.4,2025-09-07,2
Exportador_09,Países Bajos,Rosas,205.1,7.35,1507.48,2025-09-07,6
Exportador_10,Rusia,Rosas,1500.5,6.91,10368.45,2025-09-07,4
Exportador_10,Italia,Rosas,1170.0,7.27,8505.9,2025-09-07,5
Exportador_11,Italia,Rosas,1204.3,6.43,7743.65,2025-09-07,4
Exportador_02,Estados Unidos,Gypsophila,931.7,4.6,4285.82,2025-09-08,1
Exportador_03,Japón,Gypsophila,465.0,5.19,2413.35,2025-09-08,7
Exportador_10,Kazajistán,Rosas,587.9,8.37,4920.72,2025-09-08,6
Exportador_13,Estados Unidos,Gypsophila,243.0,4.77,1159.11,2025-09-08,2
Exportador_01,Estados Unidos,Claveles,539.5,3.68,1985.36,2025-09-09,2
Exportador_02,Kazajistán,Rosas,436.6,7.44,3248.3,2025-09-09,9
Exportador_04,Estados Unidos,Rosas,759.2,6.14,4661.49,2025-09-09,2
Exportador_08,Estados Unidos,Rosas,847.5,6.52,5525.7,2025-09-09,1
Exportador_11,Estados Unidos,Rosas,423.6,7.12,3016.03,2025-09-09,3
Exportador_01,Estados Unidos,Rosas,428.9,7.11,3049.48,2025-09-10,2
Exportador_01,Chile,Rosas,1407.0,6.35,8934.45,2025-09-10,4
Exportador_01,Italia,Rosas,323.3,6.92,2237.24,2025-09-10,3
Exportador_05,España,Rosas,1697.2,6.67,11320.32,2025-09-10,3
Exportador_01,Alemania,Rosas,1796.1,6.55,11764.45,2025-09-11,3
Exportador_01,Italia,Claveles,210.3,3.82,803.35,2025-09-11,4
Exportador_01,Estados Unidos,Rosas,1558.2,6.56,10221.79,2025-09-11,3
Exportador_01,Rusia,Rosas,606.3,6.94,4207.72,2025-09-11,4
Exportador_04,Estados Unidos,Gypsophila,1532.4,4.37,6696.59,2025-09-11,2
Exportador_06,Canadá,Rosas,410.0,7.44,3050.4,2025-09-11,2
Exportador_08,Países Bajos,Rosas,445.5,6.35,2828.92,2025-09-11,4
Exportador_13,Estados Unidos,Rosas,481.3,6.47,3114.01,2025-09-11,1
Exportador_01,Países Bajos,Rosas,154.9,7.13,1104.44,2025-09-12,3
Exportador_02,Chile,Rosas,1498.7,6.45,9666.61,2025-09-12,3
Exportador_02,Estados Unidos,Hortensias,116.3,6.48,753.62,2025-09-12,2
Exportador_06,Ucrania,Rosas,670.4,7.79,5222.42,2025-09-12,5
Exportador_11,Japón,Rosas,1783.3,7.59,13535.25,2025-09-12,8
Exportador_13,Estados Unidos,Rosas,911.7,5.85,5333.44,2025-09-12,1
Exportador_01,Estados Unidos,Rosas,1348.7,6.77,9130.7,2025-09-13,3
Exportador_01,Kazajistán,Rosas,2515.6,7.91,19898.4,2025-09-13,7
Exportador_02,Estados Unidos,Rosas,689.0,6.54,4506.06,2025-09-13,1
Exportador_07,Estados Unidos,Rosas,2095.9,5.9,12365.81,2025-09-13,1
Exportador_07,Estados Unidos,Claveles,251.7,3.79,953.94,2025-09-13,2
Exportador_01,Estados Unidos,Rosas,712.6,7.09,5052.33,2025-09-14,1
Exportador_03,Rusia,Rosas,394.9,7.86,3103.91,2025-09-14,6
Exportador_03,Italia,Rosas,451.3,6.83,3082.38,2025-09-14,4
Exportador_03,Kazajistán,Rosas,254.1,8.48,2154.77,2025-09-14,5
Exportador_13,España,Gypsophila,1315.6,5.11,6722.72,2025-09-14,6
Exportador_01,Kazajistán,Rosas,706.3,7.38,5212.49,2025-09-15,8
Exportador_02,Estados Unidos,Rosas,280.6,6.4,1795.84,2025-09-15,2
Exportador_05,Estados Unidos,Rosas,896.5,6.31,5656.91,2025-09-15,2
Exportador_05,España,Rosas,757.7,7.49,5675.17,2025-09-15,4
Exportador_07,Estados Unidos,Rosas,993.9,6.09,6052.85,2025-09-15,1
Exportador_07,Países Bajos,Rosas,1266.4,6.25,7915.0,2025-09-15,6
Exportador_12,Estados Unidos,Rosas,690.4,6.12,4225.25,2025-09-15,1
Exportador_13,Estados Unidos,Gypsophila,190.9,4.34,828.51,2025-09-15,2
Exportador_01,Japón,Rosas,2009.7,7.73,15534.98,2025-09-16,5
Exportador_01,Estados Unidos,Rosas,883.7,5.89,5204.99,2025-09-16,1
Exportador_02,Rusia,Rosas,819.7,8.1,6639.57,2025-09-16,7
Exportador_03,Japón,Rosas,1656.9,8.58,14216.2,2025-09-16,8
Exportador_05,Estados Unidos,Rosas,2164.0,5.99,12962.36,2025-09-16,2
Exportador_11,Kazajistán,Claveles,377.9,4.14,1564.51,2025-09-16,7
Exportador_12,Rusia,Rosas,1275.7,7.0,8929.9,2025-09-16,5
Exportador_14,Kazajistán,Rosas,1823.4,7.82,14258.99,2025-09-16,6
Exportador_03,Chile,Rosas,799.1,6.64,5306.02,2025-09-17,4
Exportador_04,Rusia,Gypsophila,417.8,5.69,2377.28,2025-09-17,4
Exportador_06,Países Bajos,Flores de verano,162.6,4.71,765.85,2025-09-17,3
Exportador_10,Ucrania,Rosas,1212.6,7.73,9373.4,2025-09-17,6
Exportador_10,Estados Unidos,Rosas,1210.5,5.85,7081.42,2025-09-17,1
Exportador_13,Estados Unidos,Rosas,864.6,5.87,5075.2,2025-09-17,1
Exportador_01,Italia,Crisantemos,409.6,3.02,1236.99,2025-09-18,5
Exportador_01,Estados Unidos,Rosas,1272.4,6.82,8677.77,2025-09-18,3
Exportador_01,Estados Unidos,Crisantemos,179.7,2.89,519.33,2025-09-18,3
Exportador_01,Estados Unidos,Crisantemos,727.9,3.46,2518.53,2025-09-18,1
Exportador_06,Chile,Rosas,557.6,5.78,3222.93,2025-09-18,2
Exportador_08,México,Rosas,539.2,6.64,3580.29,2025-09-18,4
Exportador_01,Países Bajos,Rosas,609.0,7.25,4415.25,2025-09-19,6
Exportador_02,Estados Unidos,Rosas,786.8,6.64,5224.35,2025-09-19,1
Exportador_02,Chile,Rosas,479.0,6.02,2883.58,2025-09-19,4
Exportador_02,Alemania,Rosas,2563.7,6.91,17715.17,2025-09-19,5
Exportador_02,Ucrania,Rosas,686.2,7.71,5290.6,2025-09-19,7
Exportador_03,Kazajistán,Hortensias,551.6,6.8,3750.88,2025-09-19,7
Exportador_04,Estados Unidos,Rosas,464.8,6.94,3225.71,2025-09-19,1
Exportador_14,Rusia,Rosas,889.5,7.89,7018.15,2025-09-19,6
Exportador_01,Países Bajos,Claveles,265.2,3.94,1044.89,2025-09-20,3
Exportador_01,Estados Unidos,Gypsophila,552.6,4.59,2536.43,2025-09-20,3
Exportador_02,Estados Unidos,Flores de verano,420.9,3.73,1569.96,2025-09-20,1
Exportador_02,Rusia,Claveles,546.8,3.94,2154.39,2025-09-20,4
Exportador_07,Chile,Rosas,615.5,6.58,4049.99,2025-09-20,4
Exportador_07,Rusia,Rosas,1035.6,7.97,8253.73,2025-09-20,7
Exportador_01,México,Rosas,634.7,6.04,3833.59,2025-09-21,4
Exportador_07,Estados Unidos,Rosas,1806.0,6.9,12461.4,2025-09-21,2
Exportador_13,Ucrania,Rosas,908.5,7.64,6940.94,2025-09-21,8
Exportador_15,México,Rosas,680.2,6.0,4081.2,2025-09-21,4
Exportador_02,Estados Unidos,Flores de verano,108.8,3.94,428.67,2025-09-22,2
Exportador_02,Rusia,Gypsophila,943.6,4.71,4444.36,2025-09-22,7
Exportador_02,Kazajistán,Rosas,1730.6,7.21,12477.63,2025-09-22,8
Exportador_03,España,Rosas,2050.3,6.47,13265.44,2025-09-22,4
Exportador_04,Países Bajos,Rosas,861.6,7.24,6237.98,2025-09-22,6
Exportador_09,Rusia,Rosas,698.2,7.35,5131.77,2025-09-22,4
Exportador_09,Países Bajos,Rosas,540.4,6.57,3550.43,2025-09-22,5
Exportador_02,Rusia,Rosas,1260.0,7.15,9009.0,2025-09-23,5
Exportador_04,Estados Unidos,Rosas,515.0,6.79,3496.85,2025-09-23,2
Exportador_06,Estados Unidos,Rosas,413.9,6.03,2495.82,2025-09-23,1
Exportador_06,Alemania,Rosas,457.8,6.61,3026.06,2025-09-23,6
Exportador_11,Estados Unidos,Rosas,571.9,6.72,3843.17,2025-09-23,2
Exportador_15,Rusia,Hortensias,165.6,7.12,1179.07,2025-09-23,6
Exportador_01,Estados Unidos,Rosas,432.9,7.13,3086.58,2025-09-24,1
Exportador_01,Estados Unidos,Rosas,994.6,6.53,6494.74,2025-09-25,3
Exportador_06,Países Bajos,Rosas,1296.4,6.18,8011.75,2025-09-25,3
Exportador_07,España,Flores de verano,323.2,4.23,1367.14,2025-09-25,6
Exportador_07,México,Rosas,590.9,5.63,3326.77,2025-09-25,3
Exportador_11,México,Crisantemos,561.4,3.02,1695.43,2025-09-25,3
Exportador_01,Alemania,Rosas,1209.2,7.59,9177.83,2025-09-26,6
Exportador_01,Ucrania,Rosas,556.4,7.34,4083.98,2025-09-26,6
Exportador_02,Estados Unidos,Rosas,778.6,6.19,4819.53,2025-09-26,2
Exportador_02,Estados Unidos,Rosas,705.1,5.95,4195.35,2025-09-26,3
Exportador_02,México,Rosas,841.5,6.38,5368.77,2025-09-26,2
Exportador_05,Japón,Rosas,1356.2,8.09,10971.66,2025-09-26,5
Exportador_01,Estados Unidos,Rosas,2085.2,6.54,13637.21,2025-09-27,1
Exportador_03,Estados Unidos,Claveles,1398.7,3.27,4573.75,2025-09-27,2
Exportador_03,España,Claveles,716.8,3.45,2472.96,2025-09-27,6
Exportador_07,Rusia,Flores de verano,664.5,4.9,3256.05,2025-09-27,7
Exportador_10,Italia,Rosas,531.9,7.1,3776.49,2025-09-27,3
Exportador_12,Kazajistán,Rosas,886.3,8.17,7241.07,2025-09-27,8
Exportador_15,Estados Unidos,Claveles,424.4,3.91,1659.4,2025-09-27,3
Exportador_01,Estados Unidos,Flores de verano,477.7,4.04,1929.91,2025-09-28,3
Exportador_03,Estados Unidos,Claveles,473.6,3.57,1690.75,2025-09-28,3
Exportador_04,México,Rosas,418.1,6.2,2592.22,2025-09-28,3
Exportador_04,Estados Unidos,Claveles,644.9,3.71,2392.58,2025-09-28,1
Exportador_05,Estados Unidos,Rosas,400.3,6.13,2453.84,2025-09-28,1
Exportador_05,España,Rosas,571.7,6.17,3527.39,2025-09-28,4
Exportador_06,Estados Unidos,Hortensias,637.0,6.58,4191.46,2025-09-28,1
Exportador_13,Rusia,Flores de verano,171.5,4.55,780.32,2025-09-28,4
Exportador_01,Kazajistán,Rosas,473.8,7.81,3700.38,2025-09-29,7
Exportador_01,Alemania,Rosas,1112.7,7.25,8067.08,2025-09-29,6
Exportador_02,Estados Unidos,Gypsophila,358.3,4.3,1540.69,2025-09-29,2
Exportador_02,Rusia,Rosas,486.3,8.13,3953.62,2025-09-29,7
Exportador_03,España,Rosas,1032.4,6.53,6741.57,2025-09-29,5
Exportador_09,Canadá,Gypsophila,1228.6,5.12,6290.43,2025-09-29,4
Exportador_09,Estados Unidos,Rosas,433.2,6.49,2811.47,2025-09-29,2
Exportador_11,Kazajistán,Rosas,904.0,7.45,6734.8,2025-09-29,6
Exportador_01,Ucrania,Rosas,2452.5,7.06,17314.65,2025-09-30,8
Exportador_01,Estados Unidos,Rosas,841.7,7.14,6009.74,2025-09-30,2
Exportador_02,Chile,Rosas,1092.9,6.56,7169.42,2025-09-30,4
Exportador_05,Estados Unidos,Rosas,460.9,6.56,3023.5,2025-09-30,2
Exportador_07,Rusia,Rosas,2572.2,7.17,18442.67,2025-09-30,4
Exportador_11,Estados Unidos,Rosas,877.8,6.68,5863.7,2025-09-30,2
Exportador_01,Rusia,Rosas,685.4,7.67,5257.02,2025-10-01,7
Exportador_01,Rusia,Rosas,410.9,8.0,3287.2,2025-10-01,6
Exportador_01,Países Bajos,Rosas,1202.1,6.22,7477.06,2025-10-01,5
Exportador_01,México,Rosas,1519.7,5.72,8692.68,2025-10-01,2
Exportador_04,Estados Unidos,Rosas,1386.4,6.22,8623.41,2025-10-01,2
Exportador_04,Estados Unidos,Rosas,1632.6,6.78,11069.03,2025-10-01,3
Exportador_04,Rusia,Rosas,1519.5,8.17,12414.32,2025-10-01,5
Exportador_09,Italia,Flores de verano,351.9,4.02,1414.64,2025-10-01,4
Exportador_10,Japón,Rosas,1068.8,8.17,8732.1,2025-10-01,7
Exportador_01,Estados Unidos,Rosas,1302.2,6.56,8542.43,2025-10-02,2
Exportador_03,Kazajistán,Hortensias,567.2,7.11,4032.79,2025-10-02,9
Exportador_05,Rusia,Rosas,842.8,8.02,6759.26,2025-10-02,5
Exportador_07,Rusia,Gypsophila,202.1,5.26,1063.05,2025-10-02,4
Exportador_08,Estados Unidos,Rosas,269.2,6.13,1650.2,2025-10-02,1
Exportador_11,Rusia,Rosas,435.5,7.6,3309.8,2025-10-02,5
Exportador_01,Rusia,Flores de verano,374.9,5.15,1930.74,2025-10-03,4
Exportador_03,Estados Unidos,Rosas,1008.8,6.36,6415.97,2025-10-03,3
Exportador_03,Estados Unidos,Rosas,384.1,6.58,2527.38,2025-10-03,1
Exportador_03,Estados Unidos,Rosas,1712.1,5.92,10135.63,2025-10-03,3
Exportador_03,Estados Unidos,Rosas,650.9,7.04,4582.34,2025-10-03,1
Exportador_12,Estados Unidos,Rosas,410.7,7.0,2874.9,2025-10-03,1
Exportador_01,Japón,Rosas,674.4,7.77,5240.09,2025-10-04,8
Exportador_01,Estados Unidos,Hortensias,130.3,6.54,852.16,2025-10-04,3
Exportador_02,Estados Unidos,Rosas,783.3,6.32,4950.46,2025-10-04,2
Exportador_03,Rusia,Rosas,910.0,7.82,7116.2,2025-10-04,5
Exportador_03,Rusia,Rosas,488.0,7.69,3752.72,2025-10-04,4
Exportador_06,Estados Unidos,Rosas,684.1,6.82,4665.56,2025-10-04,3
Exportador_12,Japón,Rosas,3492.3,8.83,30837.01,2025-10-04,5
Exportador_01,Rusia,Rosas,661.4,7.16,4735.62,2025-10-05,5
Exportador_01,México,Rosas,1640.9,5.93,9730.54,2025-10-05,4
Exportador_01,Rusia,Rosas,728.0,7.93,5773.04,2025-10-05,4
Exportador_02,Estados Unidos,Rosas,703.4,6.44,4529.9,2025-10-05,3
Exportador_02,Rusia,Rosas,1079.3,7.68,8289.02,2025-10-05,5
Exportador_05,Ucrania,Rosas,954.1,6.67,6363.85,2025-10-05,8
Exportador_07,Chile,Rosas,1066.9,6.1,6508.09,2025-10-05,4
Exportador_12,Chile,Rosas,1783.2,6.12,10913.18,2025-10-05,2
Exportador_14,España,Rosas,770.6,7.31,5633.09,2025-10-05,4
Exportador_02,Rusia,Gypsophila,416.5,5.37,2236.61,2025-10-06,4
Exportador_02,México,Gypsophila,519.3,4.35,2258.95,2025-10-06,4
Exportador_08,España,Rosas,470.5,7.44,3500.52,2025-10-06,4
Exportador_08,Estados Unidos,Rosas,878.4,6.1,5358.24,2025-10-06,2
Exportador_11,México,Rosas,304.2,6.18,1879.96,2025-10-06,3
Exportador_11,Estados Unidos,Rosas,538.7,6.38,3436.91,2025-10-06,1
Exportador_01,Estados Unidos,Hortensias,371.2,6.49,2409.09,2025-10-07,2
Exportador_02,Estados Unidos,Crisantemos,174.5,3.5,610.75,2025-10-07,1
Exportador_02,Estados Unidos,Rosas,827.7,6.68,5529.04,2025-10-07,2
Exportador_01,Países Bajos,Rosas,825.8,7.36,6077.89,2025-10-08,5
Exportador_03,Estados Unidos,Rosas,921.5,6.89,6349.13,2025-10-08,3
Exportador_03,Estados Unidos,Rosas,792.4,6.24,4944.58,2025-10-08,3
Exportador_05,Estados Unidos,Rosas,1454.6,6.66,9687.64,2025-10-08,2
Exportador_05,Rusia,Gypsophila,334.2,5.24,1751.21,2025-10-08,7
Exportador_07,Estados Unidos,Gypsophila,175.8,4.25,747.15,2025-10-08,1
Exportador_01,Estados Unidos,Rosas,1845.1,6.96,12841.9,2025-10-09,1
Exportador_01,Canadá,Rosas,889.3,6.21,5522.55,2025-10-09,4
Exportador_03,Japón,Rosas,836.9,8.04,6728.68,2025-10-09,8
Exportador_12,Canadá,Rosas,903.8,7.09,6407.94,2025-10-09,4
Exportador_01,Estados Unidos,Rosas,533.8,6.48,3459.02,2025-10-10,2
Exportador_01,España,Rosas,1052.1,7.02,7385.74,2025-10-10,5
Exportador_01,Japón,Rosas,764.2,7.54,5762.07,2025-10-10,5
Exportador_02,Países Bajos,Rosas,987.8,6.67,6588.63,2025-10-10,3
Exportador_03,Japón,Rosas,530.2,8.66,4591.53,2025-10-10,7
Exportador_14,Estados Unidos,Hortensias,565.4,5.6,3166.24,2025-10-10,2
Exportador_04,Estados Unidos,Rosas,1427.3,6.42,9163.27,2025-10-11,3
Exportador_05,Rusia,Rosas,799.8,6.8,5438.64,2025-10-11,6
Exportador_07,Estados Unidos,Rosas,589.8,6.32,3727.54,2025-10-11,3
Exportador_09,Estados Unidos,Claveles,406.8,3.67,1492.96,2025-10-11,3
Exportador_09,Estados Unidos,Gypsophila,258.2,4.35,1123.17,2025-10-11,1
Exportador_11,Estados Unidos,Flores de verano,286.6,4.2,1203.72,2025-10-11,2
Exportador_11,Países Bajos,Rosas,436.5,6.9,3011.85,2025-10-11,4
Exportador_15,Chile,Rosas,1650.7,5.57,9194.4,2025-10-11,2
Exportador_06,Estados Unidos,Crisantemos,204.2,2.99,610.56,2025-10-12,1
Exportador_07,Estados Unidos,Rosas,1009.8,6.55,6614.19,2025-10-12,2
Exportador_13,Estados Unidos,Rosas,1213.4,6.64,8056.98,2025-10-12,3
Exportador_02,México,Rosas,804.8,5.93,4772.46,2025-10-13,2
Exportador_02,Países Bajos,Rosas,936.2,7.38,6909.16,2025-10-13,3
Exportador_03,Chile,Claveles,682.9,3.72,2540.39,2025-10-13,2
Exportador_05,Rusia,Hortensias,205.1,7.56,1550.56,2025-10-13,6
Exportador_07,Estados Unidos,Gypsophila,1170.0,4.35,5089.5,2025-10-13,3
Exportador_11,Rusia,Rosas,787.6,8.12,6395.31,2025-10-13,7
Exportador_11,Estados Unidos,Rosas,1019.2,6.78,6910.18,2025-10-13,1
Exportador_03,México,Rosas,1755.9,5.7,10008.63,2025-10-14,2
Exportador_07,Kazajistán,Rosas,895.2,7.54,6749.81,2025-10-14,8
Exportador_09,Estados Unidos,Rosas,768.4,6.19,4756.4,2025-10-14,2
Exportador_10,Japón,Flores de verano,274.0,5.03,1378.22,2025-10-14,7
Exportador_10,Canadá,Rosas,548.2,6.37,3492.03,2025-10-14,3
Exportador_12,Rusia,Crisantemos,521.4,3.42,1783.19,2025-10-14,6
Exportador_15,Estados Unidos,Crisantemos,273.2,3.44,939.81,2025-10-14,3
Exportador_15,Países Bajos,Gypsophila,348.4,4.9,1707.16,2025-10-14,3
Exportador_01,Estados Unidos,Rosas,815.7,6.9,5628.33,2025-10-15,2
Exportador_01,Estados Unidos,Rosas,529.4,5.9,3123.46,2025-10-15,1
Exportador_01,Estados Unidos,Rosas,442.2,6.79,3002.54,2025-10-15,1
Exportador_01,Estados Unidos,Claveles,835.1,3.64,3039.76,2025-10-15,1
Exportador_02,Japón,Gypsophila,945.4,5.89,5568.41,2025-10-15,8
Exportador_10,Chile,Rosas,2101.0,6.36,13362.36,2025-10-15,3
Exportador_01,España,Rosas,513.4,6.78,3480.85,2025-10-16,3
Exportador_01,Alemania,Gypsophila,367.1,4.41,1618.91,2025-10-16,3
Exportador_01,Estados Unidos,Rosas,661.2,6.95,4595.34,2025-10-16,2
Exportador_01,Chile,Claveles,358.3,3.67,1314.96,2025-10-16,4
Exportador_03,Rusia,Rosas,349.6,7.84,2740.86,2025-10-16,5
Exportador_04,Estados Unidos,Rosas,669.9,6.26,4193.57,2025-10-16,1
Exportador_07,México,Gypsophila,815.8,4.08,3328.46,2025-10-16,2
Exportador_08,Rusia,Rosas,581.4,7.0,4069.8,2025-10-16,7
Exportador_01,Rusia,Rosas,1742.0,7.75,13500.5,2025-10-17,5
Exportador_01,Estados Unidos,Rosas,404.2,6.48,2619.22,2025-10-17,1
Exportador_01,Japón,Rosas,315.5,7.61,2400.95,2025-10-17,8
Exportador_05,Italia,Rosas,988.1,6.61,6531.34,2025-10-17,5
Exportador_09,Estados Unidos,Rosas,756.0,6.1,4611.6,2025-10-17,3
Exportador_10,Estados Unidos,Rosas,843.8,6.06,5113.43,2025-10-17,3
Exportador_15,Países Bajos,Rosas,516.8,6.85,3540.08,2025-10-17,6
Exportador_01,México,Rosas,371.7,6.58,2445.79,2025-10-18,2
Exportador_02,Estados Unidos,Rosas,667.5,6.44,4298.7,2025-10-18,3
Exportador_07,Estados Unidos,Rosas,753.8,6.65,5012.77,2025-10-18,2
Exportador_13,Estados Unidos,Gypsophila,760.4,4.3,3269.72,2025-10-18,1
Exportador_01,Estados Unidos,Flores de verano,126.9,4.2,532.98,2025-10-19,1
Exportador_02,Estados Unidos,Hortensias,220.2,6.2,1365.24,2025-10-19,1
Exportador_02,Estados Unidos,Rosas,2369.3,6.58,15589.99,2025-10-19,1
Exportador_03,Chile,Rosas,598.3,5.84,3494.07,2025-10-19,3
Exportador_06,Estados Unidos,Rosas,813.5,6.6,5369.1,2025-10-19,1
Exportador_06,Estados Unidos,Rosas,2975.1,6.83,20319.93,2025-10-19,1
Exportador_01,Estados Unidos,Rosas,1340.8,6.07,8138.66,2025-10-20,3
Exportador_01,Estados Unidos,Rosas,702.7,6.14,4314.58,2025-10-20,1
Exportador_01,Rusia,Hortensias,521.5,6.93,3613.99,2025-10-20,7
Exportador_01,Alemania,Gypsophila,728.3,5.1,3714.33,2025-10-20,5
Exportador_04,Italia,Rosas,640.7,6.62,4241.43,2025-10-20,3
Exportador_04,Rusia,Rosas,1600.4,7.5,12003.0,2025-10-20,7
Exportador_06,Rusia,Rosas,478.4,7.76,3712.38,2025-10-20,7
Exportador_08,Rusia,Rosas,1006.9,7.49,7541.68,2025-10-20,4
Exportador_09,Estados Unidos,Rosas,4290.2,7.15,30674.93,2025-10-20,3
Exportador_01,Países Bajos,Rosas,536.9,7.04,3779.78,2025-10-21,6
Exportador_01,Estados Unidos,Rosas,908.4,6.52,5922.77,2025-10-21,1
Exportador_01,Estados Unidos,Rosas,617.3,7.07,4364.31,2025-10-21,3
Exportador_01,Japón,Rosas,2067.1,8.5,17570.35,2025-10-21,5
Exportador_02,Rusia,Rosas,803.1,8.14,6537.23,2025-10-21,4
Exportador_08,Chile,Rosas,571.6,6.51,3721.12,2025-10-21,2
Exportador_14,Kazajistán,Hortensias,360.5,7.67,2765.03,2025-10-21,8
Exportador_01,Estados Unidos,Gypsophila,517.6,4.47,2313.67,2025-10-22,3
Exportador_03,Rusia,Crisantemos,144.2,3.87,558.05,2025-10-22,4
Exportador_03,Estados Unidos,Gypsophila,378.2,4.35,1645.17,2025-10-22,3
Exportador_04,Estados Unidos,Rosas,932.1,6.77,6310.32,2025-10-22,1
Exportador_09,Estados Unidos,Rosas,1121.8,6.81,7639.46,2025-10-22,1
Exportador_13,España,Rosas,1052.8,6.71,7064.29,2025-10-22,6
Exportador_13,Ucrania,Rosas,317.2,7.6,2410.72,2025-10-22,4
Exportador_01,Kazajistán,Rosas,393.2,8.53,3354.0,2025-10-23,8
Exportador_01,Países Bajos,Rosas,675.1,6.6,4455.66,2025-10-23,5
Exportador_01,Japón,Claveles,713.8,4.88,3483.34,2025-10-23,6
Exportador_02,España,Rosas,988.8,7.33,7247.9,2025-10-23,5
Exportador_13,Estados Unidos,Rosas,2698.7,7.09,19133.78,2025-10-23,1
Exportador_02,Canadá,Gypsophila,545.7,4.7,2564.79,2025-10-24,3
Exportador_03,Ucrania,Rosas,2321.9,7.09,16462.27,2025-10-24,6
Exportador_03,Estados Unidos,Rosas,1499.7,6.75,10122.98,2025-10-24,1
Exportador_04,España,Rosas,776.8,7.22,5608.5,2025-10-24,5
Exportador_08,Estados Unidos,Rosas,683.8,6.31,4314.78,2025-10-24,3
Exportador_12,Estados Unidos,Claveles,798.4,3.61,2882.22,2025-10-24,2
Exportador_02,Estados Unidos,Gypsophila,306.2,4.75,1454.45,2025-10-25,3
Exportador_02,Rusia,Crisantemos,568.4,3.65,2074.66,2025-10-25,4
Exportador_03,Estados Unidos,Rosas,821.6,6.97,5726.55,2025-10-25,1
Exportador_03,Rusia,Rosas,1369.8,6.83,9355.73,2025-10-25,4
Exportador_04,Canadá,Claveles,809.6,4.01,3246.5,2025-10-25,2
Exportador_04,Canadá,Rosas,1545.4,7.27,11235.06,2025-10-25,3
Exportador_06,Estados Unidos,Rosas,818.8,6.22,5092.94,2025-10-25,2
Exportador_09,Países Bajos,Rosas,335.3,7.31,2451.04,2025-10-25,3
Exportador_11,Kazajistán,Rosas,1273.0,8.5,10820.5,2025-10-25,8
Exportador_02,Países Bajos,Rosas,1894.1,6.94,13145.05,2025-10-26,3
Exportador_04,Estados Unidos,Hortensias,187.4,6.37,1193.74,2025-10-26,1
Exportador_07,España,Rosas,1252.2,6.26,7838.77,2025-10-26,6
Exportador_07,Estados Unidos,Crisantemos,1330.6,3.16,4204.7,2025-10-26,3
Exportador_12,Chile,Claveles,645.3,3.75,2419.88,2025-10-26,4
Exportador_01,Japón,Rosas,661.6,8.43,5577.29,2025-10-27,8
Exportador_01,México,Rosas,947.8,5.59,5298.2,2025-10-27,2
Exportador_02,Estados Unidos,Crisantemos,639.7,3.01,1925.5,2025-10-27,1
Exportador_02,México,Rosas,1195.9,6.28,7510.25,2025-10-28,3
Exportador_02,México,Rosas,947.8,6.74,6388.17,2025-10-28,2
Exportador_03,Kazajistán,Gypsophila,291.2,5.53,1610.34,2025-10-28,6
Exportador_04,Estados Unidos,Rosas,1192.6,7.13,8503.24,2025-10-28,3
Exportador_05,Chile,Rosas,1296.9,6.53,8468.76,2025-10-28,3
Exportador_05,Estados Unidos,Rosas,640.2,6.34,4058.87,2025-10-28,2
Exportador_05,Kazajistán,Flores de verano,548.7,5.33,2924.57,2025-10-28,6
Exportador_05,Estados Unidos,Rosas,1296.1,6.6,8554.26,2025-10-28,2
Exportador_07,Rusia,Rosas,412.5,7.65,3155.62,2025-10-28,4
Exportador_08,Canadá,Rosas,527.0,6.94,3657.38,2025-10-28,3
Exportador_09,Estados Unidos,Gypsophila,742.4,4.28,3177.47,2025-10-28,1
Exportador_10,Alemania,Gypsophila,314.3,5.27,1656.36,2025-10-28,3
Exportador_10,Países Bajos,Rosas,1643.8,6.62,10881.96,2025-10-28,6
Exportador_01,Estados Unidos,Rosas,273.3,6.07,1658.93,2025-10-29,3
Exportador_02,Rusia,Rosas,899.3,7.92,7122.46,2025-10-29,4
Exportador_04,España,Rosas,585.9,6.43,3767.34,2025-10-29,5
Exportador_04,Estados Unidos,Claveles,317.2,3.4,1078.48,2025-10-29,1
Exportador_06,Estados Unidos,Rosas,461.6,6.24,2880.38,2025-10-29,1
Exportador_10,Estados Unidos,Rosas,1614.6,6.46,10430.32,2025-10-29,3
Exportador_13,Estados Unidos,Claveles,329.2,3.73,1227.92,2025-10-29,2
Exportador_01,Japón,Rosas,1465.9,8.74,12811.97,2025-10-30,6
Exportador_01,Estados Unidos,Flores de verano,753.6,3.8,2863.68,2025-10-30,1
Exportador_01,Estados Unidos,Rosas,569.6,6.74,3839.1,2025-10-30,2
Exportador_02,Alemania,Rosas,708.1,6.63,4694.7,2025-10-30,5
Exportador_02,Estados Unidos,Gypsophila,445.3,4.59,2043.93,2025-10-30,1
Exportador_02,México,Rosas,1327.8,5.99,7953.52,2025-10-30,2
Exportador_02,Chile,Rosas,686.0,6.6,4527.6,2025-10-30,3
Exportador_03,Canadá,Rosas,1038.8,6.71,6970.35,2025-10-30,4
Exportador_04,Canadá,Rosas,848.2,7.28,6174.9,2025-10-30,4
Exportador_05,Estados Unidos,Rosas,697.9,6.66,4648.01,2025-10-30,1
Exportador_06,Estados Unidos,Rosas,665.5,6.79,4518.74,2025-10-30,1
Exportador_06,México,Hortensias,157.4,6.25,983.75,2025-10-30,3
Exportador_07,Estados Unidos,Hortensias,314.9,5.7,1794.93,2025-10-30,1
Exportador_11,Italia,Rosas,743.1,6.46,4800.43,2025-10-30,3
Exportador_01,Rusia,Rosas,438.4,7.66,3358.14,2025-10-31,6
Exportador_01,Kazajistán,Rosas,906.7,7.7,6981.59,2025-10-31,8
Exportador_02,Estados Unidos,Rosas,339.6,5.99,2034.2,2025-10-31,3
Exportador_03,Rusia,Rosas,251.5,7.34,1846.01,2025-10-31,4
Exportador_06,Estados Unidos,Rosas,1119.0,6.07,6792.33,2025-10-31,1
Exportador_06,México,Rosas,943.4,6.42,6056.63,2025-10-31,3
Exportador_08,Estados Unidos,Rosas,1682.6,6.1,10263.86,2025-10-31,3
Exportador_12,Estados Unidos,Gypsophila,334.5,4.39,1468.45,2025-10-31,2
Exportador_15,Estados Unidos,Flores de verano,285.8,4.41,1260.38,2025-10-31,3
Exportador_01,Canadá,Gypsophila,620.9,4.75,2949.28,2025-11-01,3
Exportador_01,México,Rosas,1932.7,6.62,12794.47,2025-11-01,2
Exportador_02,Rusia,Rosas,731.9,6.89,5042.79,2025-11-01,7
Exportador_03,Estados Unidos,Rosas,587.1,6.71,3939.44,2025-11-01,2
Exportador_07,Estados Unidos,Rosas,821.5,6.09,5002.93,2025-11-01,3
Exportador_08,Estados Unidos,Flores de verano,182.8,4.08,745.82,2025-11-01,2
Exportador_13,Rusia,Rosas,679.1,8.15,5534.67,2025-11-01,7
Exportador_01,Italia,Rosas,543.5,7.15,3886.03,2025-11-02,6
Exportador_01,Italia,Rosas,501.3,6.21,3113.07,2025-11-02,3
Exportador_01,Rusia,Rosas,603.8,7.02,4238.68,2025-11-02,5
Exportador_03,Rusia,Rosas,830.2,7.15,5935.93,2025-11-02,6
Exportador_06,Estados Unidos,Rosas,655.3,5.95,3899.03,2025-11-02,3
Exportador_06,Estados Unidos,Rosas,767.2,6.98,5355.06,2025-11-02,3
Exportador_07,Estados Unidos,Rosas,479.9,7.08,3397.69,2025-11-02,3
Exportador_02,Estados Unidos,Rosas,278.4,6.13,1706.59,2025-11-03,3
Exportador_02,Países Bajos,Rosas,705.6,6.69,4720.46,2025-11-03,5
Exportador_05,Países Bajos,Flores de verano,215.1,4.31,927.08,2025-11-03,4
Exportador_01,Estados Unidos,Rosas,1014.6,6.91,7010.89,2025-11-04,2
Exportador_01,Chile,Rosas,1680.7,5.91,9932.94,2025-11-04,4
Exportador_01,Estados Unidos,Hortensias,252.2,6.58,1659.48,2025-11-04,3
Exportador_08,Rusia,Rosas,822.3,6.96,5723.21,2025-11-04,6
Exportador_15,Rusia,Rosas,686.8,7.4,5082.32,2025-11-04,5
Exportador_01,Estados Unidos,Rosas,580.6,6.04,3506.82,2025-11-05,3
Exportador_01,Kazajistán,Flores de verano,483.5,4.69,2267.62,2025-11-05,5
Exportador_01,Estados Unidos,Rosas,702.3,6.55,4600.06,2025-11-05,1
Exportador_02,Estados Unidos,Hortensias,334.2,6.29,2102.12,2025-11-05,1
Exportador_02,Estados Unidos,Crisantemos,635.1,3.42,2172.04,2025-11-05,2
Exportador_03,Estados Unidos,Rosas,1532.2,7.14,10939.91,2025-11-05,1
Exportador_03,Estados Unidos,Rosas,818.1,6.21,5080.4,2025-11-05,1
Exportador_03,Estados Unidos,Rosas,638.1,6.95,4434.8,2025-11-05,1
Exportador_04,Estados Unidos,Crisantemos,96.9,3.16,306.2,2025-11-05,2
Exportador_04,España,Rosas,1942.0,6.83,13263.86,2025-11-05,6
Exportador_01,Ucrania,Rosas,801.4,7.78,6234.89,2025-11-06,7
Exportador_03,Chile,Rosas,904.1,6.78,6129.8,2025-11-06,3
Exportador_04,Países Bajos,Rosas,863.3,7.13,6155.33,2025-11-06,5
Exportador_04,Estados Unidos,Claveles,450.9,3.48,1569.13,2025-11-06,1
Exportador_05,Japón,Rosas,1351.4,7.69,10392.27,2025-11-06,7
Exportador_06,Estados Unidos,Rosas,661.4,6.75,4464.45,2025-11-06,2
Exportador_07,Estados Unidos,Rosas,1361.3,6.44,8766.77,2025-11-06,2
Exportador_08,Estados Unidos,Rosas,1338.4,6.66,8913.74,2025-11-06,1
Exportador_08,Países Bajos,Rosas,467.3,7.46,3486.06,2025-11-06,6
Exportador_01,Estados Unidos,Claveles,532.7,3.59,1912.39,2025-11-07,2
Exportador_02,Estados Unidos,Rosas,763.7,7.01,5353.54,2025-11-07,1
Exportador_02,Kazajistán,Rosas,659.3,7.31,4819.48,2025-11-07,6
Exportador_04,Estados Unidos,Rosas,3211.2,5.91,18978.19,2025-11-07,2
Exportador_07,Estados Unidos,Flores de verano,135.8,3.9,529.62,2025-11-07,1
Exportador_10,Estados Unidos,Rosas,834.4,6.23,5198.31,2025-11-07,3
Exportador_01,Alemania,Rosas,433.4,7.61,3298.17,2025-11-08,4
Exportador_01,Estados Unidos,Rosas,1827.1,6.37,11638.63,2025-11-08,3
Exportador_02,Estados Unidos,Gypsophila,299.0,4.56,1363.44,2025-11-08,3
Exportador_07,Rusia,Hortensias,109.8,6.42,704.92,2025-11-08,7
Exportador_11,Estados Unidos,Rosas,2374.8,6.99,16599.85,2025-11-08,1
Exportador_01,Estados Unidos,Rosas,2129.4,6.33,13479.1,2025-11-09,3
Exportador_01,Estados Unidos,Hortensias,177.1,5.97,1057.29,2025-11-09,3
Exportador_02,Estados Unidos,Rosas,1756.2,6.97,12240.71,2025-11-09,3
Exportador_05,Rusia,Flores de verano,272.7,5.08,1385.32,2025-11-09,6
Exportador_07,Canadá,Rosas,1134.2,6.84,7757.93,2025-11-09,2
Exportador_01,Estados Unidos,Rosas,562.0,6.0,3372.0,2025-11-10,1
Exportador_02,Estados Unidos,Rosas,878.9,6.01,5282.19,2025-11-10,2
Exportador_02,Rusia,Rosas,1368.9,7.6,10403.64,2025-11-10,6
Exportador_07,Estados Unidos,Rosas,645.1,6.28,4051.23,2025-11-10,3
Exportador_07,España,Rosas,1201.1,7.05,8467.75,2025-11-10,3
Exportador_09,Chile,Rosas,369.0,5.68,2095.92,2025-11-10,4
Exportador_01,Ucrania,Rosas,1141.1,6.7,7645.37,2025-11-11,4
Exportador_01,Estados Unidos,Rosas,778.5,6.28,4888.98,2025-11-11,1
Exportador_01,Países Bajos,Rosas,2949.2,6.63,19553.2,2025-11-11,3
Exportador_02,Estados Unidos,Rosas,558.2,5.9,3293.38,2025-11-11,1
Exportador_03,Rusia,Rosas,672.7,7.56,5085.61,2025-11-11,5
Exportador_11,Países Bajos,Rosas,1650.3,6.28,10363.88,2025-11-11,3
Exportador_12,Kazajistán,Gypsophila,816.7,5.19,4238.67,2025-11-11,6
Exportador_14,Canadá,Flores de verano,419.7,4.72,1980.98,2025-11-11,3
Exportador_01,Rusia,Rosas,1277.3,7.47,9541.43,2025-11-12,4
Exportador_01,México,Rosas,660.7,6.15,4063.31,2025-11-12,2
Exportador_01,Estados Unidos,Rosas,1327.5,6.35,8429.62,2025-11-12,3
Exportador_01,Países Bajos,Rosas,1436.7,7.42,10660.31,2025-11-12,4
Exportador_03,Rusia,Rosas,580.7,7.16,4157.81,2025-11-12,5
Exportador_03,Estados Unidos,Claveles,472.0,3.93,1854.96,2025-11-12,1
Exportador_10,Japón,Rosas,523.3,7.67,4013.71,2025-11-12,7
Exportador_01,Estados Unidos,Rosas,333.3,5.99,1996.47,2025-11-13,1
Exportador_05,Estados Unidos,Crisantemos,425.5,3.14,1336.07,2025-11-13,2
Exportador_07,Rusia,Rosas,581.8,7.89,4590.4,2025-11-13,7
Exportador_11,Chile,Rosas,1252.6,5.85,7327.71,2025-11-13,2
Exportador_12,Kazajistán,Rosas,2713.7,8.45,22930.76,2025-11-13,9
Exportador_01,Estados Unidos,Rosas,922.8,6.31,5822.87,2025-11-14,3
Exportador_05,Países Bajos,Rosas,470.8,7.03,3309.72,2025-11-14,3
Exportador_14,Estados Unidos,Rosas,483.5,6.0,2901.0,2025-11-14,1
Exportador_01,Rusia,Rosas,852.6,7.14,6087.56,2025-11-15,5
Exportador_01,Japón,Rosas,574.7,8.7,4999.89,2025-11-15,5
Exportador_01,Kazajistán,Rosas,760.7,7.06,5370.54,2025-11-15,6
Exportador_05,Rusia,Rosas,1130.9,7.8,8821.02,2025-11-15,6
Exportador_05,Estados Unidos,Gypsophila,287.6,4.19,1205.04,2025-11-15,1
Exportador_05,Estados Unidos,Rosas,1703.5,7.08,12060.78,2025-11-15,1
Exportador_05,Estados Unidos,Rosas,1496.0,7.08,10591.68,2025-11-15,1
Exportador_01,Estados Unidos,Rosas,640.0,6.54,4185.6,2025-11-16,1
Exportador_01,Estados Unidos,Gypsophila,818.3,4.07,3330.48,2025-11-16,2
Exportador_09,Estados Unidos,Rosas,507.6,6.69,3395.84,2025-11-16,1
Exportador_11,Estados Unidos,Rosas,395.7,7.11,2813.43,2025-11-16,3
Exportador_11,España,Rosas,782.9,7.4,5793.46,2025-11-16,6
Exportador_12,Rusia,Rosas,1172.8,7.92,9288.58,2025-11-16,6
Exportador_15,Países Bajos,Rosas,963.2,7.32,7050.62,2025-11-16,5
Exportador_01,Alemania,Gypsophila,432.7,4.91,2124.56,2025-11-17,6
Exportador_02,Estados Unidos,Hortensias,155.3,5.53,858.81,2025-11-17,3
Exportador_03,España,Gypsophila,921.6,4.57,4211.71,2025-11-17,3
Exportador_07,Rusia,Gypsophila,282.8,5.68,1606.3,2025-11-17,7
Exportador_08,Estados Unidos,Rosas,258.8,5.86,1516.57,2025-11-17,1
Exportador_09,Países Bajos,Rosas,919.2,7.17,6590.66,2025-11-17,4
Exportador_12,Alemania,Rosas,1100.8,7.36,8101.89,2025-11-17,3
Exportador_15,Canadá,Rosas,1043.3,6.35,6624.95,2025-11-17,2
Exportador_01,España,Rosas,369.6,7.37,2723.95,2025-11-18,6
Exportador_02,México,Rosas,1476.9,6.33,9348.78,2025-11-18,2
Exportador_06,Italia,Rosas,326.8,6.34,2071.91,2025-11-18,4
Exportador_07,Estados Unidos,Gypsophila,710.0,4.73,3358.3,2025-11-18,3
Exportador_10,Estados Unidos,Rosas,271.2,6.52,1768.22,2025-11-18,1
Exportador_05,Canadá,Gypsophila,597.8,4.47,2672.17,2025-11-19,2
Exportador_08,España,Gypsophila,625.8,4.68,2928.74,2025-11-19,6
Exportador_10,Estados Unidos,Rosas,619.2,6.41,3969.07,2025-11-19,2
Exportador_02,Canadá,Rosas,368.8,7.06,2603.73,2025-11-20,2
Exportador_06,Ucrania,Rosas,456.7,7.83,3575.96,2025-11-20,6
Exportador_07,Rusia,Claveles,945.2,4.52,4272.3,2025-11-20,5
Exportador_11,Estados Unidos,Rosas,1174.2,5.89,6916.04,2025-11-20,2
Exportador_11,Canadá,Flores de verano,133.4,4.39,585.63,2025-11-20,2
Exportador_13,México,Rosas,2119.3,5.74,12164.78,2025-11-20,4
Exportador_14,Estados Unidos,Rosas,589.6,6.29,3708.58,2025-11-20,2
Exportador_15,Rusia,Rosas,1073.5,7.69,8255.22,2025-11-20,4
Exportador_04,Rusia,Crisantemos,177.9,3.94,700.93,2025-11-21,5
Exportador_04,Estados Unidos,Rosas,853.0,6.36,5425.08,2025-11-21,2
Exportador_07,Japón,Gypsophila,250.3,5.18,1296.55,2025-11-21,5
Exportador_11,Estados Unidos,Crisantemos,504.1,2.95,1487.1,2025-11-21,3
Exportador_13,Estados Unidos,Rosas,882.3,6.59,5814.36,2025-11-21,1
Exportador_01,España,Rosas,1264.5,6.93,8762.98,2025-11-22,4
Exportador_04,Estados Unidos,Rosas,681.1,6.26,4263.69,2025-11-22,2
Exportador_08,Ucrania,Rosas,907.7,6.45,5854.67,2025-11-22,6
Exportador_08,Países Bajos,Flores de verano,318.0,4.68,1488.24,2025-11-22,5
Exportador_11,Estados Unidos,Rosas,2006.0,6.77,13580.62,2025-11-22,1
Exportador_14,Kazajistán,Rosas,431.6,8.09,3491.64,2025-11-22,9
Exportador_14,Rusia,Rosas,423.1,7.46,3156.33,2025-11-22,7
Exportador_01,Países Bajos,Rosas,1164.0,6.71,7810.44,2025-11-23,5
Exportador_01,Países Bajos,Rosas,1098.2,6.72,7379.9,2025-11-23,4
Exportador_04,Estados Unidos,Rosas,754.1,6.03,4547.22,2025-11-23,3
Exportador_05,Ucrania,Flores de verano,688.8,4.8,3306.24,2025-11-23,5
Exportador_05,España,Rosas,609.2,7.46,4544.63,2025-11-23,3
Exportador_05,Chile,Rosas,305.1,6.72,2050.27,2025-11-23,2
Exportador_07,Estados Unidos,Claveles,263.6,3.84,1012.22,2025-11-23,3
Exportador_08,Alemania,Hortensias,335.8,6.84,2296.87,2025-11-23,6
Exportador_08,Estados Unidos,Rosas,1194.0,6.97,8322.18,2025-11-23,3
Exportador_10,Estados Unidos,Gypsophila,389.4,4.08,1588.75,2025-11-23,2
Exportador_14,Alemania,Rosas,1109.0,7.26,8051.34,2025-11-23,3
Exportador_01,Estados Unidos,Gypsophila,416.8,4.21,1754.73,2025-11-24,2
Exportador_03,Rusia,Rosas,533.5,6.76,3606.46,2025-11-24,7
Exportador_03,Ucrania,Hortensias,278.1,7.24,2013.44,2025-11-24,6
Exportador_05,España,Rosas,697.2,6.87,4789.76,2025-11-24,4
Exportador_05,Kazajistán,Rosas,1389.1,7.59,10543.27,2025-11-24,5
Exportador_07,Estados Unidos,Rosas,624.0,6.93,4324.32,2025-11-24,2
Exportador_09,Estados Unidos,Rosas,508.4,7.12,3619.81,2025-11-24,2
Exportador_10,Estados Unidos,Rosas,637.8,6.26,3992.63,2025-11-24,3
Exportador_10,México,Rosas,393.6,6.74,2652.86,2025-11-24,4
Exportador_11,Rusia,Hortensias,135.1,6.43,868.69,2025-11-24,7
Exportador_13,Estados Unidos,Rosas,1394.9,6.48,9038.95,2025-11-24,3
Exportador_01,Estados Unidos,Rosas,1104.8,6.38,7048.62,2025-11-25,2
Exportador_01,Chile,Rosas,906.4,6.24,5655.94,2025-11-25,4
Exportador_03,Italia,Gypsophila,341.7,5.04,1722.17,2025-11-25,3
Exportador_03,Kazajistán,Rosas,447.5,7.43,3324.92,2025-11-25,5
Exportador_06,Rusia,Rosas,1266.8,7.68,9729.02,2025-11-25,7
Exportador_09,Kazajistán,Rosas,866.1,8.31,7197.29,2025-11-25,7
Exportador_09,Estados Unidos,Rosas,1991.3,6.84,13620.49,2025-11-25,1
Exportador_10,Ucrania,Gypsophila,284.0,5.28,1499.52,2025-11-25,6
Exportador_11,Rusia,Rosas,1338.0,7.07,9459.66,2025-11-25,6
Exportador_15,Rusia,Rosas,313.5,7.71,2417.09,2025-11-25,6
Exportador_01,Estados Unidos,Rosas,1672.3,6.0,10033.8,2025-11-26,3
Exportador_01,Países Bajos,Rosas,1298.8,6.81,8844.83,2025-11-26,5
Exportador_06,Canadá,Rosas,778.0,6.7,5212.6,2025-11-26,3
Exportador_07,Kazajistán,Rosas,1090.5,7.94,8658.57,2025-11-26,6
Exportador_08,Canadá,Hortensias,76.7,6.57,503.92,2025-11-26,4
Exportador_10,Ucrania,Hortensias,673.5,6.43,4330.6,2025-11-26,6
Exportador_11,Estados Unidos,Rosas,499.4,7.06,3525.76,2025-11-26,2
Exportador_12,Rusia,Rosas,1473.1,7.3,10753.63,2025-11-26,7
Exportador_01,Japón,Rosas,506.7,8.35,4230.94,2025-11-27,5
Exportador_02,Estados Unidos,Rosas,672.6,5.96,4008.7,2025-11-27,3
Exportador_06,Estados Unidos,Rosas,787.2,6.08,4786.18,2025-11-27,1
Exportador_08,Estados Unidos,Rosas,368.6,6.33,2333.24,2025-11-27,3
Exportador_15,Estados Unidos,Crisantemos,508.5,3.14,1596.69,2025-11-27,1
Exportador_01,Estados Unidos,Rosas,368.8,7.03,2592.66,2025-11-28,3
Exportador_01,Rusia,Rosas,1112.1,7.4,8229.54,2025-11-28,4
Exportador_01,Países Bajos,Rosas,1955.6,6.66,13024.3,2025-11-28,5
Exportador_01,Estados Unidos,Rosas,861.4,6.23,5366.52,2025-11-28,3
Exportador_03,Italia,Flores de verano,909.3,4.6,4182.78,2025-11-28,3
Exportador_03,México,Rosas,1293.4,5.79,7488.79,2025-11-28,4
Exportador_06,Canadá,Gypsophila,444.3,4.87,2163.74,2025-11-28,4
Exportador_14,España,Claveles,230.2,3.75,863.25,2025-11-28,4
Exportador_15,Estados Unidos,Rosas,1539.2,6.43,9897.06,2025-11-28,1
Exportador_10,Kazajistán,Hortensias,472.2,6.75,3187.35,2025-11-29,9
Exportador_01,Rusia,Rosas,246.2,8.05,1981.91,2025-11-30,4
Exportador_02,Estados Unidos,Rosas,754.9,6.22,4695.48,2025-11-30,1
Exportador_07,Estados Unidos,Rosas,1024.3,6.39,6545.28,2025-11-30,1
Exportador_08,Estados Unidos,Rosas,715.0,5.87,4197.05,2025-11-30,2
Exportador_08,Estados Unidos,Rosas,1100.9,6.43,7078.79,2025-11-30,3
Exportador_10,Ucrania,Rosas,197.9,7.22,1428.84,2025-11-30,6
Exportador_14,Chile,Rosas,765.2,5.63,4308.08,2025-11-30,4
Exportador_01,Estados Unidos,Rosas,377.0,6.43,2424.11,2025-12-01,3
Exportador_09,Estados Unidos,Claveles,346.8,3.44,1192.99,2025-12-01,2
Exportador_14,Alemania,Gypsophila,369.5,4.91,1814.25,2025-12-01,6
Exportador_01,Rusia,Rosas,1698.2,7.03,11938.35,2025-12-02,7
Exportador_01,Kazajistán,Rosas,736.4,7.17,5279.99,2025-12-02,7
Exportador_02,Kazajistán,Rosas,778.3,7.85,6109.65,2025-12-02,8
Exportador_03,Estados Unidos,Rosas,741.5,6.45,4782.68,2025-12-02,2
Exportador_06,Estados Unidos,Rosas,1203.1,5.98,7194.54,2025-12-02,2
Exportador_06,Estados Unidos,Rosas,1073.8,5.98,6421.32,2025-12-02,1
Exportador_07,Estados Unidos,Claveles,215.2,3.33,716.62,2025-12-02,3
Exportador_03,Kazajistán,Hortensias,399.3,7.63,3046.66,2025-12-03,6
Exportador_09,Estados Unidos,Claveles,196.9,3.52,693.09,2025-12-03,1
Exportador_11,Países Bajos,Flores de verano,318.5,3.9,1242.15,2025-12-03,6
Exportador_12,Estados Unidos,Rosas,917.6,6.59,6046.98,2025-12-03,1
Exportador_04,México,Rosas,1924.3,6.22,11969.15,2025-12-04,4
Exportador_05,Países Bajos,Gypsophila,306.0,4.37,1337.22,2025-12-04,5
Exportador_07,Estados Unidos,Rosas,1166.4,6.75,7873.2,2025-12-04,1
Exportador_08,Países Bajos,Rosas,1017.4,7.05,7172.67,2025-12-04,5
Exportador_08,Japón,Rosas,478.2,7.55,3610.41,2025-12-04,8
Exportador_01,Estados Unidos,Crisantemos,383.0,2.99,1145.17,2025-12-05,1
Exportador_01,Kazajistán,Rosas,1113.3,7.09,7893.3,2025-12-05,9
Exportador_02,Estados Unidos,Claveles,1515.5,3.66,5546.73,2025-12-05,1
Exportador_03,Estados Unidos,Rosas,791.1,6.71,5308.28,2025-12-05,2
Exportador_01,México,Rosas,624.4,5.59,3490.4,2025-12-06,3
Exportador_02,Países Bajos,Rosas,1571.3,7.32,11501.92,2025-12-06,6
Exportador_02,Rusia,Gypsophila,875.6,5.6,4903.36,2025-12-06,7
Exportador_02,Estados Unidos,Claveles,434.4,3.75,1629.0,2025-12-06,3
Exportador_02,Kazajistán,Rosas,1069.5,7.92,8470.44,2025-12-06,9
Exportador_03,Rusia,Flores de verano,421.4,4.74,1997.44,2025-12-06,4
Exportador_05,Estados Unidos,Rosas,832.7,7.09,5903.84,2025-12-06,2
Exportador_06,Estados Unidos,Rosas,650.9,6.5,4230.85,2025-12-06,1
Exportador_07,Rusia,Rosas,754.9,6.81,5140.87,2025-12-06,6
Exportador_07,Rusia,Rosas,1027.9,7.47,7678.41,2025-12-06,4
Exportador_08,México,Rosas,887.6,5.97,5298.97,2025-12-06,4
Exportador_14,Rusia,Rosas,1299.4,7.71,10018.37,2025-12-06,5
Exportador_01,Estados Unidos,Rosas,1146.1,6.41,7346.5,2025-12-07,1
Exportador_02,Kazajistán,Rosas,1961.3,7.86,15415.82,2025-12-07,7
Exportador_05,Estados Unidos,Rosas,921.3,6.09,5610.72,2025-12-07,3
Exportador_10,México,Rosas,1512.7,6.62,10014.07,2025-12-07,2
Exportador_01,Estados Unidos,Rosas,634.9,6.03,3828.45,2025-12-08,1
Exportador_01,Rusia,Flores de verano,169.2,4.42,747.86,2025-12-08,5
Exportador_02,Estados Unidos,Rosas,1174.7,6.81,7999.71,2025-12-08,2
Exportador_02,Chile,Rosas,791.0,5.84,4619.44,2025-12-08,4
Exportador_03,Estados Unidos,Crisantemos,844.6,2.91,2457.79,2025-12-08,3
Exportador_06,Estados Unidos,Rosas,421.0,6.0,2526.0,2025-12-08,1
Exportador_06,Estados Unidos,Rosas,599.7,6.32,3790.1,2025-12-08,1
Exportador_13,Canadá,Rosas,479.8,6.68,3205.06,2025-12-08,3
Exportador_01,México,Rosas,1013.2,6.65,6737.78,2025-12-09,4
Exportador_02,México,Rosas,1497.6,6.59,9869.18,2025-12-09,2
Exportador_03,Ucrania,Rosas,1301.9,7.57,9855.38,2025-12-09,6
Exportador_04,Rusia,Rosas,830.4,7.46,6194.78,2025-12-09,4
Exportador_06,Estados Unidos,Crisantemos,1097.9,3.25,3568.18,2025-12-09,3
Exportador_07,Japón,Hortensias,297.7,8.07,2402.44,2025-12-09,6
Exportador_07,Estados Unidos,Crisantemos,356.8,3.13,1116.78,2025-12-09,2
Exportador_07,Rusia,Rosas,979.0,7.09,6941.11,2025-12-09,4
Exportador_12,Kazajistán,Rosas,490.5,8.1,3973.05,2025-12-09,6
Exportador_02,Estados Unidos,Rosas,424.2,6.35,2693.67,2025-12-10,2
Exportador_02,Estados Unidos,Rosas,1126.5,6.94,7817.91,2025-12-10,2
Exportador_03,Rusia,Rosas,822.8,7.93,6524.8,2025-12-10,6
Exportador_03,Estados Unidos,Gypsophila,624.2,4.38,2734.0,2025-12-10,1
Exportador_04,Estados Unidos,Claveles,643.8,3.43,2208.23,2025-12-10,1
Exportador_05,Países Bajos,Rosas,208.7,7.11,1483.86,2025-12-10,3
Exportador_05,Rusia,Rosas,876.9,7.79,6831.05,2025-12-10,4
Exportador_06,Estados Unidos,Rosas,1415.7,6.26,8862.28,2025-12-10,1
Exportador_06,España,Flores de verano,262.3,3.94,1033.46,2025-12-10,6
Exportador_08,Estados Unidos,Gypsophila,446.7,4.14,1849.34,2025-12-10,3
Exportador_09,Países Bajos,Flores de verano,780.4,4.69,3660.08,2025-12-10,3
Exportador_01,Ucrania,Rosas,1130.4,6.92,7822.37,2025-12-11,6
Exportador_04,Estados Unidos,Rosas,864.3,6.03,5211.73,2025-12-11,1
Exportador_04,Kazajistán,Rosas,2155.4,8.43,18170.02,2025-12-11,8
Exportador_06,Japón,Rosas,1645.7,7.34,12079.44,2025-12-11,7
Exportador_01,Japón,Crisantemos,166.8,4.0,667.2,2025-12-12,7
Exportador_01,Rusia,Rosas,1078.6,8.17,8812.16,2025-12-12,6
Exportador_01,Estados Unidos,Rosas,221.7,6.36,1410.01,2025-12-12,3
Exportador_01,México,Flores de verano,583.5,3.92,2287.32,2025-12-12,3
Exportador_05,Canadá,Claveles,241.5,3.5,845.25,2025-12-12,4
Exportador_08,Alemania,Rosas,915.8,7.31,6694.5,2025-12-12,4
Exportador_13,Estados Unidos,Rosas,748.4,6.88,5148.99,2025-12-12,1
Exportador_15,Estados Unidos,Rosas,811.7,6.22,5048.77,2025-12-12,2
Exportador_01,Países Bajos,Hortensias,333.8,6.38,2129.64,2025-12-13,3
Exportador_02,Chile,Rosas,384.4,6.3,2421.72,2025-12-13,4
Exportador_05,Kazajistán,Rosas,1092.6,7.26,7932.28,2025-12-13,7
Exportador_12,Rusia,Rosas,387.0,7.2,2786.4,2025-12-13,4
Exportador_01,Japón,Rosas,1179.0,7.34,8653.86,2025-12-14,7
Exportador_02,Italia,Hortensias,248.8,5.87,1460.46,2025-12-14,5
Exportador_02,Ucrania,Rosas,710.3,6.73,4780.32,2025-12-14,7
Exportador_02,Estados Unidos,Rosas,678.3,6.88,4666.7,2025-12-14,1
Exportador_02,Estados Unidos,Claveles,287.6,3.71,1067.0,2025-12-14,2
Exportador_02,Italia,Gypsophila,739.8,4.99,3691.6,2025-12-14,3
Exportador_05,Estados Unidos,Rosas,1049.9,5.93,6225.91,2025-12-14,1
Exportador_05,Estados Unidos,Flores de verano,196.9,4.4,866.36,2025-12-14,3
Exportador_11,Estados Unidos,Crisantemos,512.2,3.02,1546.84,2025-12-14,2
Exportador_14,Estados Unidos,Rosas,439.7,6.02,2646.99,2025-12-14,2
Exportador_01,Estados Unidos,Rosas,614.9,6.02,3701.7,2025-12-15,2
Exportador_03,Estados Unidos,Crisantemos,223.8,3.21,718.4,2025-12-15,2
Exportador_06,Estados Unidos,Claveles,311.2,3.45,1073.64,2025-12-15,3
Exportador_01,Estados Unidos,Rosas,777.9,6.63,5157.48,2025-12-16,1
Exportador_02,Italia,Gypsophila,193.5,4.27,826.24,2025-12-16,5
Exportador_02,Estados Unidos,Rosas,1046.5,6.14,6425.51,2025-12-16,2
Exportador_02,Alemania,Rosas,681.5,7.31,4981.76,2025-12-16,3
Exportador_01,Estados Unidos,Rosas,508.3,6.37,3237.87,2025-12-17,3
Exportador_01,Estados Unidos,Rosas,1160.5,6.48,7520.04,2025-12-17,1
Exportador_02,Estados Unidos,Rosas,583.5,6.75,3938.62,2025-12-17,3
Exportador_02,Rusia,Rosas,445.9,7.15,3188.18,2025-12-17,7
Exportador_03,Estados Unidos,Rosas,1972.3,6.09,12011.31,2025-12-17,3
Exportador_05,Kazajistán,Rosas,216.2,7.99,1727.44,2025-12-17,7
Exportador_06,México,Rosas,237.8,6.48,1540.94,2025-12-17,2
Exportador_11,Rusia,Claveles,430.0,4.08,1754.4,2025-12-17,5
Exportador_12,Japón,Gypsophila,1061.7,5.84,6200.33,2025-12-17,6
Exportador_12,Estados Unidos,Hortensias,305.0,6.08,1854.4,2025-12-17,1
Exportador_01,Rusia,Flores de verano,845.4,4.92,4159.37,2025-12-18,6
Exportador_02,Japón,Rosas,743.9,7.42,5519.74,2025-12-18,6
Exportador_02,Japón,Rosas,843.8,8.51,7180.74,2025-12-18,6
Exportador_09,Estados Unidos,Rosas,505.4,6.98,3527.69,2025-12-18,1
Exportador_11,Japón,Rosas,787.4,8.04,6330.7,2025-12-18,5
Exportador_12,Estados Unidos,Rosas,833.3,5.88,4899.8,2025-12-18,2
Exportador_01,Japón,Rosas,668.9,8.69,5812.74,2025-12-19,6
Exportador_01,Kazajistán,Rosas,2055.7,7.55,15520.53,2025-12-19,5
Exportador_04,Estados Unidos,Gypsophila,395.1,4.77,1884.63,2025-12-19,3
Exportador_04,Estados Unidos,Rosas,1345.6,6.96,9365.38,2025-12-19,2
Exportador_05,Rusia,Rosas,942.7,7.92,7466.18,2025-12-19,6
Exportador_05,Estados Unidos,Rosas,1845.8,5.92,10927.14,2025-12-19,3
Exportador_14,Estados Unidos,Flores de verano,258.4,3.86,997.42,2025-12-19,3
Exportador_14,Rusia,Hortensias,283.1,7.52,2128.91,2025-12-19,5
Exportador_02,Estados Unidos,Rosas,799.1,6.14,4906.47,2025-12-20,1
Exportador_02,Estados Unidos,Crisantemos,469.7,3.39,1592.28,2025-12-20,1
Exportador_02,Chile,Rosas,389.0,5.75,2236.75,2025-12-20,3
Exportador_06,Rusia,Rosas,1552.0,8.13,12617.76,2025-12-20,6
Exportador_10,Estados Unidos,Gypsophila,926.0,4.39,4065.14,2025-12-20,1
Exportador_11,Italia,Rosas,503.1,7.27,3657.54,2025-12-20,3
Exportador_08,Ucrania,Crisantemos,755.4,3.56,2689.22,2025-12-21,4
Exportador_09,España,Rosas,563.0,7.07,3980.41,2025-12-21,4
Exportador_01,Países Bajos,Rosas,2723.5,6.53,17784.46,2025-12-22,4
Exportador_01,Ucrania,Rosas,801.0,7.19,5759.19,2025-12-22,7
Exportador_01,España,Hortensias,360.1,6.19,2229.02,2025-12-22,3
Exportador_02,Países Bajos,Rosas,594.6,7.25,4310.85,2025-12-22,6
Exportador_02,Países Bajos,Rosas,894.9,6.28,5619.97,2025-12-22,6
Exportador_02,Estados Unidos,Flores de verano,498.6,3.76,1874.74,2025-12-22,3
Exportador_04,Rusia,Rosas,769.0,6.84,5259.96,2025-12-22,6
Exportador_04,Estados Unidos,Rosas,1598.3,6.39,10213.14,2025-12-22,1
Exportador_06,Estados Unidos,Rosas,678.3,7.03,4768.45,2025-12-22,3
Exportador_01,Estados Unidos,Rosas,1030.1,6.72,6922.27,2025-12-23,2
Exportador_01,México,Rosas,2580.8,5.61,14478.29,2025-12-23,4
Exportador_01,Estados Unidos,Gypsophila,712.7,4.63,3299.8,2025-12-23,3
Exportador_01,Países Bajos,Rosas,1154.6,6.73,7770.46,2025-12-23,4
Exportador_01,Estados Unidos,Rosas,750.1,7.15,5363.22,2025-12-23,2
Exportador_01,México,Rosas,668.3,6.52,4357.32,2025-12-23,2
Exportador_02,Ucrania,Rosas,647.1,7.48,4840.31,2025-12-23,4
Exportador_02,Alemania,Rosas,637.9,7.54,4809.77,2025-12-23,6
Exportador_02,Estados Unidos,Rosas,1037.3,5.9,6120.07,2025-12-24,3
Exportador_04,Estados Unidos,Rosas,558.3,6.21,3467.04,2025-12-24,2
Exportador_06,Estados Unidos,Rosas,1786.6,6.44,11505.7,2025-12-24,1
Exportador_02,México,Flores de verano,185.8,4.2,780.36,2025-12-25,3
Exportador_03,Estados Unidos,Gypsophila,356.0,4.92,1751.52,2025-12-25,2
Exportador_03,Kazajistán,Rosas,966.4,8.17,7895.49,2025-12-25,5
Exportador_04,Rusia,Rosas,406.4,7.93,3222.75,2025-12-25,6
Exportador_10,Rusia,Rosas,314.9,7.1,2235.79,2025-12-25,4
Exportador_13,Estados Unidos,Gypsophila,1337.0,4.84,6471.08,2025-12-25,1
Exportador_02,Chile,Rosas,569.2,5.99,3409.51,2025-12-26,2
Exportador_02,Estados Unidos,Gypsophila,272.0,4.91,1335.52,2025-12-26,2
Exportador_02,Ucrania,Gypsophila,594.6,5.1,3032.46,2025-12-26,4
Exportador_03,Ucrania,Rosas,737.9,7.76,5726.1,2025-12-26,4
Exportador_03,Estados Unidos,Rosas,1062.0,6.93,7359.66,2025-12-26,1
Exportador_07,Estados Unidos,Rosas,5923.1,6.68,39566.31,2025-12-26,2
Exportador_08,Estados Unidos,Rosas,595.1,6.42,3820.54,2025-12-26,1
Exportador_13,Estados Unidos,Rosas,1979.5,5.85,11580.07,2025-12-26,1
Exportador_13,Estados Unidos,Claveles,356.9,3.48,1242.01,2025-12-26,3
Exportador_14,Países Bajos,Flores de verano,1489.3,4.61,6865.67,2025-12-26,6
Exportador_15,Chile,Rosas,721.8,6.47,4670.05,2025-12-26,2
Exportador_01,Rusia,Hortensias,287.0,6.54,1876.98,2025-12-28,7
Exportador_03,Kazajistán,Rosas,912.1,8.27,7543.07,2025-12-28,8
Exportador_06,Estados Unidos,Gypsophila,757.1,4.63,3505.37,2025-12-28,3
Exportador_09,Ucrania,Gypsophila,652.7,5.36,3498.47,2025-12-28,8
Exportador_10,Rusia,Rosas,1805.8,7.68,13868.54,2025-12-28,5
Exportador_10,Estados Unidos,Rosas,491.2,6.48,3182.98,2025-12-28,2
Exportador_01,Países Bajos,Rosas,1874.2,7.31,13700.4,2025-12-29,5
Exportador_01,Estados Unidos,Rosas,299.4,6.18,1850.29,2025-12-29,3
Exportador_01,Canadá,Rosas,775.2,6.66,5162.83,2025-12-29,3
Exportador_01,Estados Unidos,Flores de verano,800.6,4.19,3354.51,2025-12-29,3
Exportador_01,Estados Unidos,Claveles,616.3,3.8,2341.94,2025-12-29,3
Exportador_01,Chile,Rosas,704.2,6.37,4485.75,2025-12-29,3
Exportador_01,Canadá,Rosas,1174.7,7.44,8739.77,2025-12-29,2
Exportador_02,Estados Unidos,Rosas,1140.1,6.52,7433.45,2025-12-29,2
Exportador_03,Italia,Rosas,1273.6,6.83,8698.69,2025-12-29,4
Exportador_03,Estados Unidos,Rosas,1019.8,6.91,7046.82,2025-12-29,2
Exportador_04,Chile,Rosas,906.1,5.65,5119.47,2025-12-29,3
Exportador_07,Kazajistán,Claveles,431.3,4.39,1893.41,2025-12-29,6
Exportador_07,Estados Unidos,Rosas,1717.1,6.19,10628.85,2025-12-29,2
Exportador_08,Estados Unidos,Rosas,457.6,6.87,3143.71,2025-12-29,1
Exportador_14,Kazajistán,Gypsophila,124.9,5.68,709.43,2025-12-29,5
Exportador_14,Estados Unidos,Rosas,2048.2,6.68,13681.98,2025-12-29,1
Exportador_01,Estados Unidos,Rosas,421.2,6.44,2712.53,2025-12-30,2
Exportador_01,México,Claveles,341.4,3.17,1082.24,2025-12-30,3
Exportador_01,Estados Unidos,Rosas,671.3,6.21,4168.77,2025-12-30,3
Exportador_01,Estados Unidos,Rosas,416.7,6.84,2850.23,2025-12-30,1
Exportador_02,Estados Unidos,Rosas,1605.1,6.72,10786.27,2025-12-30,1
Exportador_03,México,Rosas,2650.3,6.48,17173.94,2025-12-30,4
Exportador_06,Rusia,Rosas,765.2,6.79,5195.71,2025-12-30,7
Exportador_10,Países Bajos,Rosas,803.2,7.36,5911.55,2025-12-30,4
Exportador_14,Alemania,Rosas,235.8,6.43,1516.19,2025-12-31,5
Exportador_14,Chile,Hortensias,215.5,6.21,1338.25,2025-12-31,2
Exportador_15,Estados Unidos,Gypsophila,421.3,4.07,1714.69,2025-12-31,1
Exportador_02,España,Rosas,1385.9,6.45,8939.06,2026-01-01,6
Exportador_02,España,Rosas,740.6,6.45,4776.87,2026-01-01,4
Exportador_08,Estados Unidos,Rosas,1158.3,5.96,6903.47,2026-01-01,1
Exportador_09,Estados Unidos,Claveles,457.2,3.55,1623.06,2026-01-01,3
Exportador_14,Kazajistán,Claveles,789.3,4.72,3725.5,2026-01-01,8
Exportador_03,Italia,Rosas,1172.3,7.12,8346.78,2026-01-02,4
Exportador_11,Chile,Rosas,1412.5,5.73,8093.63,2026-01-02,2
Exportador_12,Estados Unidos,Rosas,861.2,6.98,6011.18,2026-01-02,1
Exportador_13,Países Bajos,Rosas,721.1,6.42,4629.46,2026-01-02,6
Exportador_14,Kazajistán,Rosas,411.5,7.83,3222.05,2026-01-02,7
Exportador_01,Italia,Rosas,723.8,6.38,4617.84,2026-01-03,5
Exportador_02,Estados Unidos,Rosas,523.4,6.69,3501.55,2026-01-03,2
Exportador_04,Canadá,Rosas,1596.6,6.62,10569.49,2026-01-03,3
Exportador_06,Japón,Rosas,249.7,8.8,2197.36,2026-01-03,7
Exportador_06,Estados Unidos,Hortensias,127.7,5.91,754.71,2026-01-03,1
Exportador_08,Rusia,Flores de verano,413.3,4.89,2021.04,2026-01-03,6
Exportador_09,México,Gypsophila,296.4,4.69,1390.12,2026-01-03,3
Exportador_01,Países Bajos,Claveles,640.1,3.43,2195.54,2026-01-04,5
Exportador_01,México,Rosas,676.8,5.94,4020.19,2026-01-04,4
Exportador_01,Estados Unidos,Rosas,1384.3,5.98,8278.11,2026-01-04,3
Exportador_03,Estados Unidos,Flores de verano,315.9,4.19,1323.62,2026-01-04,3
Exportador_07,Rusia,Rosas,1305.2,7.83,10219.72,2026-01-04,5
Exportador_07,Canadá,Rosas,666.3,6.4,4264.32,2026-01-04,2
Exportador_07,Países Bajos,Rosas,1133.6,6.17,6994.31,2026-01-04,4
Exportador_10,Canadá,Gypsophila,946.2,4.87,4607.99,2026-01-04,4
Exportador_01,España,Rosas,581.0,6.26,3637.06,2026-01-05,3
Exportador_02,Estados Unidos,Rosas,515.7,6.93,3573.8,2026-01-05,1
Exportador_03,Países Bajos,Rosas,915.6,6.64,6079.58,2026-01-05,5
Exportador_03,Estados Unidos,Rosas,431.3,6.83,2945.78,2026-01-05,3
Exportador_03,Rusia,Rosas,1110.1,7.36,8170.34,2026-01-05,5
Exportador_05,México,Flores de verano,599.7,3.74,2242.88,2026-01-05,4
Exportador_06,Rusia,Gypsophila,387.5,4.8,1860.0,2026-01-05,6
Exportador_10,Japón,Rosas,1327.4,7.51,9968.77,2026-01-05,6
Exportador_12,Estados Unidos,Rosas,785.4,6.09,4783.09,2026-01-05,3
Exportador_12,Alemania,Claveles,487.8,3.8,1853.64,2026-01-05,3
Exportador_01,Canadá,Claveles,910.7,3.87,3524.41,2026-01-06,3
Exportador_01,Canadá,Rosas,638.1,7.22,4607.08,2026-01-06,4
Exportador_02,Ucrania,Hortensias,379.7,6.93,2631.32,2026-01-06,5
Exportador_04,Italia,Rosas,1363.8,6.39,8714.68,2026-01-06,5
Exportador_07,Rusia,Rosas,584.3,7.3,4265.39,2026-01-06,4
Exportador_08,Kazajistán,Rosas,681.4,7.43,5062.8,2026-01-06,6
Exportador_11,Japón,Gypsophila,800.0,6.16,4928.0,2026-01-06,7
Exportador_01,Estados Unidos,Rosas,787.4,6.39,5031.49,2026-01-07,1
Exportador_01,España,Rosas,667.4,6.95,4638.43,2026-01-07,3
Exportador_07,Estados Unidos,Rosas,445.0,6.29,2799.05,2026-01-07,1
Exportador_07,Estados Unidos,Claveles,427.2,3.28,1401.22,2026-01-07,1
Exportador_08,Canadá,Claveles,1247.0,3.81,4751.07,2026-01-07,4
Exportador_11,México,Rosas,305.8,6.58,2012.16,2026-01-07,2
Exportador_01,Estados Unidos,Rosas,701.3,5.86,4109.62,2026-01-08,3
Exportador_01,Japón,Flores de verano,546.4,4.98,2721.07,2026-01-08,8
Exportador_01,Estados Unidos,Gypsophila,500.0,4.76,2380.0,2026-01-08,2
Exportador_05,Kazajistán,Rosas,1169.3,7.93,9272.55,2026-01-08,5
Exportador_08,Canadá,Rosas,756.2,6.69,5058.98,2026-01-08,4
Exportador_01,Rusia,Rosas,1417.5,7.44,10546.2,2026-01-09,4
Exportador_03,Estados Unidos,Rosas,1472.7,5.94,8747.84,2026-01-09,3
Exportador_03,Rusia,Rosas,554.6,7.85,4353.61,2026-01-09,4
Exportador_06,Italia,Rosas,661.9,6.32,4183.21,2026-01-09,4
Exportador_06,Estados Unidos,Rosas,845.1,6.21,5248.07,2026-01-09,3
Exportador_08,Rusia,Rosas,537.0,8.1,4349.7,2026-01-09,4
Exportador_14,Italia,Rosas,1356.3,6.52,8843.08,2026-01-09,4
Exportador_15,Estados Unidos,Gypsophila,137.6,4.64,638.46,2026-01-09,2
Exportador_01,Canadá,Claveles,1120.4,3.94,4414.38,2026-01-10,3
Exportador_01,Países Bajos,Rosas,375.4,6.57,2466.38,2026-01-10,4
Exportador_03,Chile,Flores de verano,205.1,3.84,787.58,2026-01-10,4
Exportador_03,Estados Unidos,Rosas,1303.0,6.68,8704.04,2026-01-10,2
Exportador_03,España,Claveles,814.7,3.87,3152.89,2026-01-10,4
Exportador_11,Rusia,Gypsophila,233.3,4.7,1096.51,2026-01-10,4
Exportador_13,Kazajistán,Claveles,538.1,4.34,2335.35,2026-01-10,5
Exportador_01,Japón,Hortensias,370.0,7.28,2693.6,2026-01-11,6
Exportador_02,Italia,Rosas,623.3,6.65,4144.94,2026-01-11,3
Exportador_10,Estados Unidos,Rosas,922.0,6.78,6251.16,2026-01-11,3
Exportador_14,Estados Unidos,Rosas,847.3,6.79,5753.17,2026-01-11,1
Exportador_01,Estados Unidos,Rosas,572.2,6.33,3622.03,2026-01-12,1
Exportador_02,Estados Unidos,Rosas,2220.1,6.35,14097.63,2026-01-12,3
Exportador_01,Canadá,Rosas,731.8,6.61,4837.2,2026-01-13,3
Exportador_01,Estados Unidos,Rosas,1413.2,6.58,9298.86,2026-01-13,2
Exportador_02,España,Rosas,1182.5,7.33,8667.73,2026-01-13,4
Exportador_02,Kazajistán,Claveles,248.8,4.48,1114.62,2026-01-13,8
Exportador_02,Rusia,Rosas,1812.7,8.11,14701.0,2026-01-13,7
Exportador_10,Estados Unidos,Hortensias,377.0,5.92,2231.84,2026-01-13,1
Exportador_11,Estados Unidos,Flores de verano,133.2,4.15,552.78,2026-01-13,2
Exportador_11,Estados Unidos,Rosas,4086.4,6.56,26806.78,2026-01-13,2
Exportador_01,Italia,Rosas,372.9,6.59,2457.41,2026-01-14,4
Exportador_01,España,Rosas,574.1,6.49,3725.91,2026-01-14,3
Exportador_02,Canadá,Rosas,1014.6,7.28,7386.29,2026-01-14,3
Exportador_09,Ucrania,Claveles,552.3,3.89,2148.45,2026-01-14,4
Exportador_01,México,Claveles,373.9,3.4,1271.26,2026-01-15,4
Exportador_01,Estados Unidos,Rosas,867.9,6.21,5389.66,2026-01-15,2
Exportador_01,Estados Unidos,Rosas,538.5,6.02,3241.77,2026-01-15,1
Exportador_02,Rusia,Gypsophila,403.3,5.26,2121.36,2026-01-15,4
Exportador_06,Estados Unidos,Rosas,660.4,6.02,3975.61,2026-01-15,1
Exportador_08,Estados Unidos,Rosas,1035.5,6.49,6720.4,2026-01-15,2
Exportador_08,Rusia,Gypsophila,1311.5,4.92,6452.58,2026-01-15,7
Exportador_01,España,Rosas,930.6,7.42,6905.05,2026-01-16,4
Exportador_01,Kazajistán,Rosas,1199.3,8.41,10086.11,2026-01-16,9
Exportador_03,Rusia,Hortensias,183.7,7.56,1388.77,2026-01-16,5
Exportador_05,Estados Unidos,Rosas,1003.0,6.36,6379.08,2026-01-16,3
Exportador_06,Estados Unidos,Rosas,702.6,6.28,4412.33,2026-01-16,3
Exportador_07,Estados Unidos,Crisantemos,514.0,3.05,1567.7,2026-01-16,3
Exportador_08,Estados Unidos,Rosas,593.3,6.91,4099.7,2026-01-16,3
Exportador_09,Alemania,Crisantemos,357.0,3.51,1253.07,2026-01-16,5
Exportador_15,Rusia,Rosas,1608.3,8.11,13043.31,2026-01-16,5
Exportador_01,Estados Unidos,Hortensias,402.3,6.58,2647.13,2026-01-17,3
Exportador_01,Alemania,Rosas,922.0,7.43,6850.46,2026-01-17,3
Exportador_03,México,Rosas,747.7,6.48,4845.1,2026-01-17,4
Exportador_09,Estados Unidos,Rosas,321.0,6.35,2038.35,2026-01-17,3
Exportador_13,Alemania,Rosas,1250.0,6.61,8262.5,2026-01-17,3
Exportador_01,Estados Unidos,Rosas,520.1,6.39,3323.44,2026-01-18,2
Exportador_01,Países Bajos,Rosas,1374.2,6.18,8492.56,2026-01-18,5
Exportador_02,Chile,Rosas,571.1,5.7,3255.27,2026-01-18,2
Exportador_03,Kazajistán,Rosas,915.9,8.49,7775.99,2026-01-18,9
Exportador_04,Países Bajos,Rosas,1235.3,6.26,7732.98,2026-01-18,6
Exportador_05,Países Bajos,Rosas,560.7,7.08,3969.76,2026-01-18,6
Exportador_05,Estados Unidos,Rosas,1220.0,7.11,8674.2,2026-01-18,3
Exportador_14,Chile,Rosas,818.6,5.72,4682.39,2026-01-18,3
Exportador_15,Japón,Gypsophila,770.7,5.91,4554.84,2026-01-18,7
Exportador_15,Chile,Gypsophila,682.2,4.39,2994.86,2026-01-18,4
Exportador_01,México,Rosas,440.2,6.37,2804.07,2026-01-19,3
Exportador_02,Rusia,Rosas,954.3,6.73,6422.44,2026-01-19,6
Exportador_03,Países Bajos,Rosas,737.9,6.95,5128.4,2026-01-19,3
Exportador_03,Chile,Rosas,828.1,6.14,5084.53,2026-01-19,2
Exportador_11,Estados Unidos,Gypsophila,494.2,4.83,2386.99,2026-01-19,3
Exportador_11,Estados Unidos,Rosas,457.9,6.75,3090.82,2026-01-19,1
Exportador_01,Japón,Rosas,1278.2,7.92,10123.34,2026-01-20,7
Exportador_04,Estados Unidos,Rosas,737.5,6.06,4469.25,2026-01-20,1
Exportador_08,Países Bajos,Rosas,522.9,6.82,3566.18,2026-01-20,6
Exportador_12,Estados Unidos,Rosas,1410.5,6.53,9210.57,2026-01-20,2
Exportador_15,Rusia,Rosas,1445.3,6.75,9755.77,2026-01-20,5
Exportador_01,Chile,Rosas,1171.9,6.69,7840.01,2026-01-21,2
Exportador_02,Kazajistán,Rosas,787.8,7.36,5798.21,2026-01-21,9
Exportador_02,Rusia,Rosas,1516.3,7.37,11175.13,2026-01-21,6
Exportador_03,España,Rosas,851.8,6.88,5860.38,2026-01-21,5
Exportador_04,Estados Unidos,Rosas,1168.6,6.33,7397.24,2026-01-21,1
Exportador_04,Kazajistán,Rosas,1189.4,7.26,8635.04,2026-01-21,6
Exportador_05,Ucrania,Rosas,296.3,6.62,1961.51,2026-01-21,7
Exportador_07,Ucrania,Rosas,1709.3,7.2,12306.96,2026-01-21,6
Exportador_11,Kazajistán,Rosas,1712.7,8.29,14198.28,2026-01-21,6
Exportador_13,Alemania,Gypsophila,304.6,4.8,1462.08,2026-01-21,4
Exportador_14,Italia,Rosas,873.2,7.35,6418.02,2026-01-21,4
Exportador_01,Rusia,Gypsophila,392.5,5.14,2017.45,2026-01-22,4
Exportador_01,Estados Unidos,Rosas,1058.3,6.32,6688.46,2026-01-22,3
Exportador_01,Países Bajos,Rosas,330.4,6.8,2246.72,2026-01-22,5
Exportador_01,México,Flores de verano,430.9,3.74,1611.57,2026-01-22,3
Exportador_07,Estados Unidos,Claveles,564.2,3.93,2217.31,2026-01-22,1
Exportador_07,México,Crisantemos,1392.7,2.98,4150.25,2026-01-22,3
Exportador_11,Rusia,Rosas,1965.7,7.34,14428.24,2026-01-22,4
Exportador_12,Estados Unidos,Rosas,725.6,6.74,4890.54,2026-01-22,2
Exportador_14,Países Bajos,Rosas,856.2,7.39,6327.32,2026-01-22,4
Exportador_02,Canadá,Rosas,925.5,7.39,6839.44,2026-01-23,2
Exportador_02,Estados Unidos,Rosas,1144.8,6.65,7612.92,2026-01-23,1
Exportador_03,Estados Unidos,Hortensias,315.4,6.18,1949.17,2026-01-23,3
Exportador_06,Estados Unidos,Hortensias,332.3,5.48,1821.0,2026-01-23,2
Exportador_06,Estados Unidos,Rosas,733.8,6.78,4975.16,2026-01-23,1
Exportador_09,Italia,Rosas,1703.0,7.24,12329.72,2026-01-23,3
Exportador_09,Estados Unidos,Rosas,1635.3,6.93,11332.63,2026-01-23,2
Exportador_11,Italia,Rosas,459.4,6.65,3055.01,2026-01-23,4
Exportador_01,Rusia,Claveles,709.5,4.29,3043.76,2026-01-24,6
Exportador_01,Estados Unidos,Rosas,840.3,6.19,5201.46,2026-01-24,2
Exportador_02,Estados Unidos,Rosas,1124.9,6.21,6985.63,2026-01-24,2
Exportador_03,Estados Unidos,Rosas,1155.8,6.68,7720.74,2026-01-24,1
Exportador_03,España,Rosas,1817.7,7.05,12814.78,2026-01-24,6
Exportador_03,Estados Unidos,Rosas,380.3,6.23,2369.27,2026-01-24,1
Exportador_04,Japón,Crisantemos,532.8,4.33,2307.02,2026-01-24,5
Exportador_04,Estados Unidos,Rosas,1449.8,6.53,9467.19,2026-01-24,1
Exportador_05,México,Gypsophila,555.9,4.57,2540.46,2026-01-24,2
Exportador_01,Alemania,Rosas,2184.2,8.32,18172.54,2026-01-25,3
Exportador_01,Rusia,Claveles,729.6,5.62,4100.35,2026-01-25,4
Exportador_01,Italia,Hortensias,358.7,7.44,2668.73,2026-01-25,4
Exportador_02,Kazajistán,Rosas,3341.9,8.78,29341.88,2026-01-25,7
Exportador_02,México,Rosas,1197.4,8.25,9878.55,2026-01-25,2
Exportador_02,Estados Unidos,Rosas,4827.0,8.56,41319.12,2026-01-25,2
Exportador_02,Estados Unidos,Gypsophila,817.6,5.09,4161.58,2026-01-25,3
Exportador_02,Estados Unidos,Rosas,723.6,8.13,5882.87,2026-01-25,2
Exportador_04,México,Gypsophila,711.3,5.56,3954.83,2026-01-25,4
Exportador_05,Estados Unidos,Rosas,1537.1,7.89,12127.72,2026-01-25,3
Exportador_06,Rusia,Rosas,1627.7,9.23,15023.67,2026-01-25,6
Exportador_07,Rusia,Rosas,1479.2,10.21,15102.63,2026-01-25,4
Exportador_07,Estados Unidos,Rosas,1078.0,7.83,8440.74,2026-01-25,2
Exportador_07,Estados Unidos,Rosas,688.0,8.8,6054.4,2026-01-25,1
Exportador_07,Estados Unidos,Rosas,1434.2,8.2,11760.44,2026-01-25,3
Exportador_08,Estados Unidos,Rosas,1034.3,8.55,8843.27,2026-01-25,2
Exportador_09,Canadá,Rosas,1232.9,9.37,11552.27,2026-01-25,2
Exportador_09,Estados Unidos,Rosas,579.0,7.53,4359.87,2026-01-25,1
Exportador_12,Estados Unidos,Rosas,304.6,8.49,2586.05,2026-01-25,1
Exportador_14,Estados Unidos,Rosas,385.6,7.95,3065.52,2026-01-25,1
Exportador_01,España,Rosas,761.2,9.07,6904.08,2026-01-26,4
Exportador_01,Japón,Rosas,1195.0,10.18,12165.1,2026-01-26,7
Exportador_01,México,Rosas,2276.1,8.39,19096.48,2026-01-26,4
Exportador_01,Italia,Rosas,1021.6,7.86,8029.78,2026-01-26,5
Exportador_01,Estados Unidos,Rosas,741.0,7.72,5720.52,2026-01-26,2
Exportador_02,Estados Unidos,Rosas,396.2,7.54,2987.35,2026-01-26,2
Exportador_02,Estados Unidos,Rosas,413.5,8.62,3564.37,2026-01-26,3
Exportador_03,Kazajistán,Rosas,1291.4,9.71,12539.49,2026-01-26,5
Exportador_05,Estados Unidos,Claveles,1128.0,4.39,4951.92,2026-01-26,3
Exportador_05,Países Bajos,Rosas,2113.1,9.21,19461.65,2026-01-26,6
Exportador_06,Estados Unidos,Rosas,4011.0,8.59,34454.49,2026-01-26,3
Exportador_07,Rusia,Gypsophila,345.3,6.77,2337.68,2026-01-26,6
Exportador_07,Estados Unidos,Rosas,1452.7,8.23,11955.72,2026-01-26,3
Exportador_09,Kazajistán,Rosas,2480.9,9.19,22799.47,2026-01-26,8
Exportador_13,Países Bajos,Rosas,1841.8,7.87,14494.97,2026-01-26,3
Exportador_14,Países Bajos,Rosas,1279.3,9.3,11897.49,2026-01-26,4
Exportador_14,España,Rosas,1614.2,9.28,14979.78,2026-01-26,5
Exportador_01,Estados Unidos,Flores de verano,1505.6,4.86,7317.22,2026-01-27,3
Exportador_01,Chile,Crisantemos,311.1,3.59,1116.85,2026-01-27,3
Exportador_01,Estados Unidos,Rosas,638.8,8.81,5627.83,2026-01-27,3
Exportador_01,Estados Unidos,Rosas,1873.6,8.84,16562.62,2026-01-27,2
Exportador_02,Estados Unidos,Rosas,1630.6,8.69,14169.91,2026-01-27,3
Exportador_02,Estados Unidos,Rosas,2424.2,8.59,20823.88,2026-01-27,3
Exportador_02,Estados Unidos,Rosas,546.6,7.86,4296.28,2026-01-27,2
Exportador_02,Estados Unidos,Rosas,5085.7,8.74,44449.02,2026-01-27,2
Exportador_02,Estados Unidos,Rosas,882.7,8.54,7538.26,2026-01-27,1
Exportador_03,Italia,Gypsophila,705.4,6.17,4352.32,2026-01-27,6
Exportador_03,Rusia,Rosas,1577.7,9.17,14467.51,2026-01-27,5
Exportador_03,Rusia,Gypsophila,792.3,6.65,5268.8,2026-01-27,6
Exportador_04,Chile,Rosas,348.3,8.1,2821.23,2026-01-27,4
Exportador_05,Estados Unidos,Rosas,756.8,8.09,6122.51,2026-01-27,2
Exportador_05,Países Bajos,Rosas,4379.9,7.97,34907.8,2026-01-27,5
Exportador_07,Canadá,Rosas,1025.4,8.2,8408.28,2026-01-27,3
Exportador_07,Estados Unidos,Rosas,1063.1,7.32,7781.89,2026-01-27,3
Exportador_07,Estados Unidos,Claveles,378.6,4.06,1537.12,2026-01-27,2
Exportador_07,Rusia,Rosas,377.2,8.79,3315.59,2026-01-27,6
Exportador_08,Chile,Crisantemos,381.1,3.56,1356.72,2026-01-27,3
Exportador_08,Estados Unidos,Rosas,4191.7,8.31,34833.03,2026-01-27,3
Exportador_10,Alemania,Rosas,509.6,8.25,4204.2,2026-01-27,4
Exportador_11,Canadá,Rosas,961.6,8.27,7952.43,2026-01-27,3
Exportador_12,Estados Unidos,Rosas,650.6,8.82,5738.29,2026-01-27,3
Exportador_13,Canadá,Rosas,686.3,8.65,5936.49,2026-01-27,2
Exportador_15,Chile,Rosas,1389.3,8.19,11378.37,2026-01-27,3
Exportador_02,Países Bajos,Rosas,964.8,8.59,8287.63,2026-01-28,5
Exportador_02,España,Crisantemos,715.4,4.22,3018.99,2026-01-28,6
Exportador_03,Rusia,Rosas,1322.3,10.09,13342.01,2026-01-28,6
Exportador_04,Países Bajos,Rosas,4935.8,8.91,43977.98,2026-01-28,6
Exportador_04,Estados Unidos,Rosas,1509.9,8.22,12411.38,2026-01-28,1
Exportador_05,Estados Unidos,Rosas,730.6,7.56,5523.34,2026-01-28,3
Exportador_06,Estados Unidos,Rosas,1764.0,8.55,15082.2,2026-01-28,3
Exportador_08,Japón,Rosas,1171.3,9.16,10729.11,2026-01-28,5
Exportador_09,Rusia,Rosas,715.6,10.25,7334.9,2026-01-28,6
Exportador_09,México,Gypsophila,426.9,5.14,2194.27,2026-01-28,2
Exportador_12,Italia,Rosas,1912.5,8.03,15357.37,2026-01-28,4
Exportador_12,Estados Unidos,Rosas,798.9,7.87,6287.34,2026-01-28,3
Exportador_14,Estados Unidos,Rosas,2712.1,7.45,20205.15,2026-01-28,2
Exportador_14,Estados Unidos,Rosas,586.9,8.79,5158.85,2026-01-28,2
Exportador_15,España,Rosas,1436.4,7.97,11448.11,2026-01-28,5
Exportador_01,Ucrania,Claveles,576.4,5.08,2928.11,2026-01-29,5
Exportador_01,Estados Unidos,Rosas,1602.6,7.97,12772.72,2026-01-29,3
Exportador_01,Estados Unidos,Gypsophila,568.9,5.72,3254.11,2026-01-29,3
Exportador_01,Ucrania,Rosas,2350.0,9.33,21925.5,2026-01-29,8
Exportador_01,Japón,Rosas,1314.5,9.66,12698.07,2026-01-29,6
Exportador_01,Chile,Gypsophila,926.2,4.86,4501.33,2026-01-29,4
Exportador_01,Estados Unidos,Rosas,2585.3,8.41,21742.37,2026-01-29,1
Exportador_02,México,Rosas,1017.5,7.22,7346.35,2026-01-29,4
Exportador_02,Estados Unidos,Rosas,2741.1,8.56,23463.82,2026-01-29,3
Exportador_03,México,Rosas,1536.5,7.73,11877.15,2026-01-29,4
Exportador_04,Ucrania,Rosas,1978.5,8.13,16085.21,2026-01-29,5
Exportador_04,Estados Unidos,Rosas,766.4,8.86,6790.3,2026-01-29,1
Exportador_04,Países Bajos,Flores de verano,1587.6,5.77,9160.45,2026-01-29,6
Exportador_05,Rusia,Rosas,1558.5,9.22,14369.37,2026-01-29,5
Exportador_06,Países Bajos,Rosas,1560.2,8.48,13230.5,2026-01-29,4
Exportador_07,Estados Unidos,Rosas,3085.9,7.97,24594.62,2026-01-29,2
Exportador_08,Estados Unidos,Claveles,407.3,4.62,1881.73,2026-01-29,2
Exportador_08,Estados Unidos,Gypsophila,651.9,5.97,3891.84,2026-01-29,2
Exportador_10,Italia,Rosas,386.0,8.53,3292.58,2026-01-29,3
Exportador_10,México,Rosas,1242.0,8.21,10196.82,2026-01-29,3
Exportador_11,Estados Unidos,Hortensias,197.5,7.64,1508.9,2026-01-29,2
Exportador_12,España,Rosas,413.4,8.3,3431.22,2026-01-29,5
Exportador_12,Italia,Rosas,886.0,8.78,7779.08,2026-01-29,6
Exportador_12,Italia,Gypsophila,882.7,6.18,5455.09,2026-01-29,5
Exportador_13,Ucrania,Rosas,579.0,9.37,5425.23,2026-01-29,5
Exportador_01,Estados Unidos,Rosas,1180.8,8.88,10485.5,2026-01-30,3
Exportador_01,México,Rosas,525.1,7.72,4053.77,2026-01-30,3
Exportador_01,Estados Unidos,Rosas,1649.3,7.81,12881.03,2026-01-30,1
Exportador_01,Estados Unidos,Hortensias,206.7,8.22,1699.07,2026-01-30,2
Exportador_01,Estados Unidos,Rosas,1345.2,7.92,10653.98,2026-01-30,2
Exportador_01,Rusia,Rosas,516.5,9.06,4679.49,2026-01-30,4
Exportador_01,Estados Unidos,Flores de verano,1024.8,5.58,5718.38,2026-01-30,3
Exportador_02,Estados Unidos,Rosas,2088.9,8.83,18444.99,2026-01-30,3
Exportador_02,Países Bajos,Rosas,662.7,9.18,6083.59,2026-01-30,4
Exportador_04,Estados Unidos,Rosas,836.6,8.25,6901.95,2026-01-30,2
Exportador_05,Canadá,Gypsophila,367.9,6.48,2383.99,2026-01-30,3
Exportador_05,Estados Unidos,Rosas,1095.4,8.76,9595.7,2026-01-30,3
Exportador_05,Kazajistán,Rosas,1922.4,9.57,18397.37,2026-01-30,9
Exportador_07,Kazajistán,Gypsophila,515.2,6.98,3596.1,2026-01-30,8
Exportador_07,Estados Unidos,Crisantemos,637.7,3.7,2359.49,2026-01-30,3
Exportador_08,México,Rosas,1371.7,7.25,9944.83,2026-01-30,4
Exportador_11,México,Rosas,1094.9,8.08,8846.79,2026-01-30,3
Exportador_13,Estados Unidos,Rosas,815.8,8.01,6534.56,2026-01-30,3
Exportador_15,Estados Unidos,Rosas,956.2,8.79,8405.0,2026-01-30,3
Exportador_01,Estados Unidos,Rosas,2192.8,8.34,18287.95,2026-01-31,2
Exportador_01,Chile,Hortensias,349.2,7.36,2570.11,2026-01-31,2
Exportador_01,Chile,Rosas,741.6,7.47,5539.75,2026-01-31,3
Exportador_02,Estados Unidos,Rosas,1405.1,8.3,11662.33,2026-01-31,1
Exportador_02,Rusia,Rosas,934.5,10.03,9373.03,2026-01-31,7
Exportador_02,Países Bajos,Rosas,1363.7,8.72,11891.46,2026-01-31,4
Exportador_02,Estados Unidos,Rosas,994.1,7.82,7773.86,2026-01-31,2
Exportador_02,Estados Unidos,Crisantemos,444.1,3.87,1718.67,2026-01-31,2
Exportador_03,Estados Unidos,Rosas,954.3,7.99,7624.86,2026-01-31,2
Exportador_04,Países Bajos,Claveles,832.5,4.74,3946.05,2026-01-31,6
Exportador_05,Italia,Rosas,501.0,7.77,3892.77,2026-01-31,6
Exportador_05,Canadá,Rosas,696.8,8.78,6117.9,2026-01-31,2
Exportador_07,Estados Unidos,Hortensias,100.7,8.0,805.6,2026-01-31,1
Exportador_07,Estados Unidos,Crisantemos,405.7,3.65,1480.8,2026-01-31,2
Exportador_07,Estados Unidos,Gypsophila,893.2,5.07,4528.52,2026-01-31,1
Exportador_09,Rusia,Gypsophila,198.8,6.15,1222.62,2026-01-31,5
Exportador_11,Estados Unidos,Rosas,657.0,7.5,4927.5,2026-01-31,2
Exportador_11,Países Bajos,Rosas,2936.1,8.63,25338.54,2026-01-31,3
Exportador_11,Estados Unidos,Rosas,442.0,8.46,3739.32,2026-01-31,1
Exportador_13,Estados Unidos,Rosas,1235.5,8.79,10860.04,2026-01-31,3
Exportador_14,Kazajistán,Rosas,921.0,10.72,9873.12,2026-01-31,8
Exportador_01,Estados Unidos,Rosas,1510.3,7.34,11085.6,2026-02-01,1
Exportador_01,Estados Unidos,Rosas,737.5,7.37,5435.38,2026-02-01,2
Exportador_01,Rusia,Rosas,1405.5,8.86,12452.73,2026-02-01,7
Exportador_01,Estados Unidos,Rosas,867.9,8.27,7177.53,2026-02-01,2
Exportador_01,Estados Unidos,Rosas,1401.0,7.84,10983.84,2026-02-01,3
Exportador_01,Italia,Gypsophila,413.8,6.02,2491.08,2026-02-01,5
Exportador_01,España,Flores de verano,319.4,4.85,1549.09,2026-02-01,5
Exportador_02,Estados Unidos,Rosas,1436.7,7.72,11091.32,2026-02-01,1
Exportador_02,México,Rosas,743.0,7.26,5394.18,2026-02-01,3
Exportador_02,Japón,Rosas,750.8,10.82,8123.66,2026-02-01,5
Exportador_02,Estados Unidos,Rosas,617.2,7.78,4801.82,2026-02-01,3
Exportador_04,Rusia,Rosas,1055.8,9.45,9977.31,2026-02-01,4
Exportador_04,Países Bajos,Flores de verano,334.5,5.52,1846.44,2026-02-01,6
Exportador_06,Estados Unidos,Rosas,1905.3,8.04,15318.61,2026-02-01,2
Exportador_08,Rusia,Rosas,620.9,10.09,6264.88,2026-02-01,7
Exportador_08,Chile,Gypsophila,1190.4,5.15,6130.56,2026-02-01,2
Exportador_09,Estados Unidos,Gypsophila,535.6,5.14,2752.98,2026-02-01,1
Exportador_10,Estados Unidos,Rosas,1044.1,8.62,9000.14,2026-02-01,3
Exportador_12,España,Rosas,1070.9,9.14,9788.03,2026-02-01,5
Exportador_12,Estados Unidos,Rosas,467.9,8.56,4005.22,2026-02-01,1
Exportador_15,Canadá,Gypsophila,548.0,5.48,3003.04,2026-02-01,2
Exportador_01,Estados Unidos,Rosas,1442.8,7.36,10619.01,2026-02-02,1
Exportador_01,México,Crisantemos,149.5,3.52,526.24,2026-02-02,4
Exportador_01,Rusia,Rosas,4708.4,9.7,45671.48,2026-02-02,7
Exportador_01,Estados Unidos,Rosas,1358.1,7.52,10212.91,2026-02-02,1
Exportador_01,Estados Unidos,Gypsophila,697.3,5.47,3814.23,2026-02-02,3
Exportador_01,Estados Unidos,Rosas,797.8,7.73,6166.99,2026-02-02,1
Exportador_01,Alemania,Rosas,974.5,9.42,9179.79,2026-02-02,5
Exportador_01,Japón,Claveles,143.4,5.36,768.62,2026-02-02,8
Exportador_01,Estados Unidos,Rosas,972.5,8.51,8275.98,2026-02-02,3
Exportador_02,Rusia,Hortensias,147.3,8.37,1232.9,2026-02-02,5
Exportador_02,Canadá,Gypsophila,851.6,5.91,5032.96,2026-02-02,2
Exportador_02,Países Bajos,Rosas,1715.8,7.68,13177.34,2026-02-02,6
Exportador_03,Estados Unidos,Rosas,2957.3,8.17,24161.14,2026-02-02,2
Exportador_04,Kazajistán,Rosas,735.2,10.69,7859.29,2026-02-02,8
Exportador_04,Estados Unidos,Rosas,565.4,8.83,4992.48,2026-02-02,1
Exportador_05,Estados Unidos,Rosas,1526.2,8.37,12774.29,2026-02-02,2
Exportador_06,Estados Unidos,Rosas,732.9,7.84,5745.94,2026-02-02,3
Exportador_06,Países Bajos,Rosas,1936.2,7.95,15392.79,2026-02-02,3
Exportador_07,México,Rosas,533.2,8.1,4318.92,2026-02-02,2
Exportador_09,Canadá,Rosas,671.1,8.24,5529.86,2026-02-02,3
Exportador_10,Japón,Rosas,1543.6,10.9,16825.24,2026-02-02,7
Exportador_10,Japón,Rosas,2010.1,9.35,18794.43,2026-02-02,5
Exportador_12,Estados Unidos,Rosas,1021.8,8.39,8572.9,2026-02-02,3
Exportador_12,Kazajistán,Rosas,1361.3,9.19,12510.35,2026-02-02,7
Exportador_12,Estados Unidos,Rosas,1361.1,8.4,11433.24,2026-02-02,1
Exportador_12,México,Flores de verano,287.7,4.46,1283.14,2026-02-02,3
Exportador_13,Rusia,Rosas,1188.0,8.82,10478.16,2026-02-02,7
Exportador_01,Estados Unidos,Rosas,443.9,8.69,3857.49,2026-02-03,1
Exportador_01,Rusia,Rosas,1573.1,8.49,13355.62,2026-02-03,4
Exportador_01,España,Gypsophila,335.8,5.9,1981.22,2026-02-03,6
Exportador_01,Estados Unidos,Rosas,1406.2,8.43,11854.27,2026-02-03,1
Exportador_02,Italia,Rosas,792.8,8.02,6358.26,2026-02-03,5
Exportador_03,Japón,Rosas,1501.2,9.68,14531.62,2026-02-03,5
Exportador_03,Ucrania,Rosas,3095.0,9.64,29835.8,2026-02-03,4
Exportador_03,Estados Unidos,Rosas,732.6,7.66,5611.72,2026-02-03,2
Exportador_03,Japón,Rosas,3293.6,10.67,35142.71,2026-02-03,6
Exportador_03,Rusia,Gypsophila,195.0,6.43,1253.85,2026-02-03,4
Exportador_04,Estados Unidos,Rosas,481.3,8.34,4014.04,2026-02-03,1
Exportador_04,Estados Unidos,Rosas,520.5,8.38,4361.79,2026-02-03,3
Exportador_05,Estados Unidos,Flores de verano,840.5,4.63,3891.51,2026-02-03,1
Exportador_05,Países Bajos,Gypsophila,706.7,5.69,4021.12,2026-02-03,5
Exportador_05,Estados Unidos,Rosas,1088.6,8.25,8980.95,2026-02-03,1
Exportador_07,Rusia,Rosas,1517.9,8.89,13494.13,2026-02-03,6
Exportador_07,Ucrania,Rosas,532.0,8.09,4303.88,2026-02-03,6
Exportador_08,Rusia,Rosas,1538.5,9.21,14169.59,2026-02-03,7
Exportador_09,Estados Unidos,Rosas,1091.2,8.43,9198.82,2026-02-03,2
Exportador_09,Estados Unidos,Rosas,1331.6,8.28,11025.65,2026-02-03,3
Exportador_09,Kazajistán,Rosas,1615.4,9.43,15233.22,2026-02-03,8
Exportador_10,Estados Unidos,Gypsophila,832.3,5.07,4219.76,2026-02-03,2
Exportador_11,Estados Unidos,Rosas,1050.8,8.37,8795.2,2026-02-03,2
Exportador_01,Estados Unidos,Rosas,2547.9,8.71,22192.21,2026-02-04,3
Exportador_01,Estados Unidos,Rosas,1558.1,8.04,12527.12,2026-02-04,3
Exportador_01,Estados Unidos,Rosas,1171.8,8.29,9714.22,2026-02-04,1
Exportador_01,Estados Unidos,Rosas,1207.2,8.36,10092.19,2026-02-04,2
Exportador_01,Estados Unidos,Gypsophila,1259.0,5.83,7339.97,2026-02-04,3
Exportador_01,Canadá,Rosas,1212.9,9.1,11037.39,2026-02-04,4
Exportador_01,Kazajistán,Rosas,2574.5,8.96,23067.52,2026-02-04,5
Exportador_01,Estados Unidos,Rosas,1784.4,8.16,14560.7,2026-02-04,2
Exportador_02,Rusia,Rosas,1719.1,10.28,17672.35,2026-02-04,5
Exportador_02,Rusia,Rosas,764.9,9.37,7167.11,2026-02-04,5
Exportador_02,Italia,Gypsophila,934.5,5.54,5177.13,2026-02-04,6
Exportador_02,Estados Unidos,Gypsophila,1440.5,5.28,7605.84,2026-02-04,3
Exportador_02,Kazajistán,Gypsophila,564.0,6.99,3942.36,2026-02-04,7
Exportador_03,Rusia,Rosas,3025.1,8.89,26893.14,2026-02-04,4
Exportador_03,Italia,Crisantemos,346.2,3.83,1325.95,2026-02-04,4
Exportador_04,Estados Unidos,Rosas,1070.7,8.65,9261.56,2026-02-04,2
Exportador_04,Estados Unidos,Rosas,1693.9,8.07,13669.77,2026-02-04,3
Exportador_04,Países Bajos,Rosas,1204.6,8.26,9950.0,2026-02-04,6
Exportador_04,Estados Unidos,Rosas,1502.9,7.69,11557.3,2026-02-04,1
Exportador_06,Estados Unidos,Rosas,1354.7,8.53,11555.59,2026-02-04,3
Exportador_06,Rusia,Rosas,1048.2,9.87,10345.73,2026-02-04,7
Exportador_07,Alemania,Rosas,753.0,9.04,6807.12,2026-02-04,5
Exportador_07,Chile,Crisantemos,490.7,3.67,1800.87,2026-02-04,3
Exportador_07,Estados Unidos,Rosas,830.4,8.05,6684.72,2026-02-04,2
Exportador_08,Kazajistán,Rosas,1244.4,10.37,12904.43,2026-02-04,8
Exportador_09,Países Bajos,Crisantemos,767.6,3.92,3008.99,2026-02-04,5
Exportador_09,Alemania,Rosas,1426.2,9.35,13334.97,2026-02-04,3
Exportador_10,Rusia,Rosas,1201.6,10.23,12292.37,2026-02-04,6
Exportador_13,Estados Unidos,Crisantemos,952.7,4.26,4058.5,2026-02-04,1
Exportador_14,Estados Unidos,Gypsophila,736.5,5.32,3918.18,2026-02-04,3
Exportador_14,España,Rosas,874.4,8.37,7318.73,2026-02-04,3
Exportador_01,Países Bajos,Rosas,1164.1,7.98,9289.52,2026-02-05,3
Exportador_01,Rusia,Rosas,1382.8,9.44,13053.63,2026-02-05,4
Exportador_01,Estados Unidos,Rosas,803.2,7.82,6281.02,2026-02-05,1
Exportador_01,Rusia,Rosas,939.5,9.69,9103.75,2026-02-05,6
Exportador_01,Estados Unidos,Rosas,4405.9,8.79,38727.86,2026-02-05,3
Exportador_02,Alemania,Rosas,668.0,8.92,5958.56,2026-02-05,4
Exportador_03,Rusia,Rosas,1621.1,10.11,16389.32,2026-02-05,6
Exportador_04,Estados Unidos,Rosas,2373.0,8.64,20502.72,2026-02-05,2
Exportador_04,Estados Unidos,Hortensias,566.0,7.68,4346.88,2026-02-05,1
Exportador_05,México,Rosas,813.7,7.84,6379.41,2026-02-05,2
Exportador_05,Estados Unidos,Rosas,257.2,7.5,1929.0,2026-02-05,1
Exportador_06,Kazajistán,Rosas,1304.2,9.69,12637.7,2026-02-05,7
Exportador_06,Canadá,Rosas,3655.3,9.09,33226.68,2026-02-05,3
Exportador_06,Canadá,Rosas,916.1,8.16,7475.38,2026-02-05,2
Exportador_07,Estados Unidos,Rosas,1899.6,7.58,14398.97,2026-02-05,3
Exportador_07,Estados Unidos,Flores de verano,297.7,5.01,1491.48,2026-02-05,2
Exportador_08,México,Crisantemos,312.5,4.17,1303.12,2026-02-05,2
Exportador_09,Estados Unidos,Rosas,1659.5,7.73,12827.94,2026-02-05,3
Exportador_10,Estados Unidos,Gypsophila,815.5,6.01,4901.15,2026-02-05,1
Exportador_11,Estados Unidos,Rosas,1197.4,8.2,9818.68,2026-02-05,2
Exportador_13,Rusia,Crisantemos,323.8,5.05,1635.19,2026-02-05,6
Exportador_13,Estados Unidos,Rosas,1222.9,8.36,10223.44,2026-02-05,2
Exportador_15,Canadá,Gypsophila,294.7,5.71,1682.74,2026-02-05,2
Exportador_01,España,Rosas,1077.5,8.08,8706.2,2026-02-06,3
Exportador_01,Kazajistán,Rosas,2402.4,8.83,21213.19,2026-02-06,6
Exportador_01,Estados Unidos,Hortensias,311.3,8.17,2543.32,2026-02-06,3
Exportador_01,Canadá,Rosas,371.6,7.83,2909.63,2026-02-06,4
Exportador_01,Canadá,Flores de verano,189.8,5.7,1081.86,2026-02-06,2
Exportador_01,México,Rosas,1064.9,8.3,8838.67,2026-02-06,3
Exportador_01,Estados Unidos,Claveles,430.6,4.83,2079.8,2026-02-06,1
Exportador_01,Rusia,Rosas,1225.0,9.11,11159.75,2026-02-06,6
Exportador_01,Estados Unidos,Rosas,910.2,8.31,7563.76,2026-02-06,1
Exportador_01,Estados Unidos,Gypsophila,665.0,5.71,3797.15,2026-02-06,1
Exportador_01,Ucrania,Flores de verano,587.2,5.46,3206.11,2026-02-06,7
Exportador_02,Estados Unidos,Rosas,666.0,8.13,5414.58,2026-02-06,2
Exportador_02,Estados Unidos,Gypsophila,1101.9,5.87,6468.15,2026-02-06,2
Exportador_02,España,Crisantemos,168.7,4.06,684.92,2026-02-06,4
Exportador_02,Rusia,Rosas,1020.6,8.8,8981.28,2026-02-06,4
Exportador_02,Ucrania,Rosas,672.9,8.83,5941.71,2026-02-06,8
Exportador_03,Rusia,Rosas,571.2,9.94,5677.73,2026-02-06,7
Exportador_04,Estados Unidos,Rosas,2354.8,7.86,18508.73,2026-02-06,3
Exportador_04,Estados Unidos,Hortensias,429.8,6.83,2935.53,2026-02-06,2
Exportador_04,España,Rosas,1251.9,8.86,11091.83,2026-02-06,6
Exportador_04,Chile,Rosas,1979.3,8.18,16190.67,2026-02-06,3
Exportador_06,Italia,Crisantemos,379.2,3.99,1513.01,2026-02-06,4
Exportador_06,Estados Unidos,Rosas,1853.7,8.45,15663.76,2026-02-06,1
Exportador_07,Estados Unidos,Crisantemos,269.9,3.71,1001.33,2026-02-06,1
Exportador_08,Países Bajos,Gypsophila,271.1,6.38,1729.62,2026-02-06,5
Exportador_09,Alemania,Rosas,2164.5,8.2,17748.9,2026-02-06,5
Exportador_09,Países Bajos,Rosas,287.4,8.7,2500.38,2026-02-06,4
Exportador_10,España,Rosas,1189.4,8.45,10050.43,2026-02-06,4
Exportador_13,Estados Unidos,Rosas,831.0,7.55,6274.05,2026-02-06,1
Exportador_13,España,Rosas,250.7,8.64,2166.05,2026-02-06,5
Exportador_15,Estados Unidos,Flores de verano,378.2,4.64,1754.85,2026-02-06,1
Exportador_01,Alemania,Claveles,1105.0,4.83,5337.15,2026-02-07,6
Exportador_01,Estados Unidos,Rosas,1855.9,8.02,14884.32,2026-02-07,3
Exportador_01,Estados Unidos,Flores de verano,790.0,5.54,4376.6,2026-02-07,1
Exportador_01,Japón,Rosas,966.7,9.85,9522.0,2026-02-07,5
Exportador_01,Japón,Rosas,509.2,10.5,5346.6,2026-02-07,8
Exportador_01,España,Rosas,276.1,7.92,2186.71,2026-02-07,4
Exportador_01,México,Rosas,1146.9,7.52,8624.69,2026-02-07,4
Exportador_02,Kazajistán,Rosas,2020.3,9.27,18728.18,2026-02-07,6
Exportador_03,Estados Unidos,Rosas,763.3,8.54,6518.58,2026-02-07,3
Exportador_03,Kazajistán,Rosas,1115.1,9.4,10481.94,2026-02-07,9
Exportador_03,Estados Unidos,Rosas,1409.9,8.76,12350.72,2026-02-07,3
Exportador_03,Países Bajos,Rosas,1274.8,7.92,10096.42,2026-02-07,3
Exportador_03,Estados Unidos,Claveles,415.3,4.6,1910.38,2026-02-07,1
Exportador_04,Estados Unidos,Rosas,627.0,8.41,5273.07,2026-02-07,1
Exportador_05,Canadá,Rosas,1286.0,9.15,11766.9,2026-02-07,2
Exportador_06,Estados Unidos,Claveles,326.4,4.8,1566.72,2026-02-07,2
Exportador_07,Rusia,Rosas,1830.9,10.03,18363.93,2026-02-07,4
Exportador_08,España,Rosas,1441.4,7.7,11098.78,2026-02-07,5
Exportador_09,Países Bajos,Hortensias,282.4,7.93,2239.43,2026-02-07,5
Exportador_09,Rusia,Flores de verano,365.4,5.64,2060.86,2026-02-07,7
Exportador_10,Japón,Rosas,792.5,10.07,7980.48,2026-02-07,5
Exportador_11,Países Bajos,Rosas,1623.3,8.67,14074.01,2026-02-07,3
Exportador_15,Rusia,Rosas,756.5,9.97,7542.31,2026-02-07,6
Exportador_15,Estados Unidos,Rosas,1030.3,8.14,8386.64,2026-02-07,3
Exportador_15,Rusia,Claveles,447.2,5.42,2423.82,2026-02-07,5
Exportador_02,Estados Unidos,Hortensias,523.3,7.61,3982.31,2026-02-08,2
Exportador_02,Países Bajos,Claveles,516.8,4.26,2201.57,2026-02-08,4
Exportador_02,Kazajistán,Rosas,1256.5,10.23,12854.0,2026-02-08,9
Exportador_02,Rusia,Rosas,2122.7,9.63,20441.6,2026-02-08,6
Exportador_02,Alemania,Rosas,1333.7,9.58,12776.85,2026-02-08,4
Exportador_03,Estados Unidos,Flores de verano,1012.5,5.49,5558.62,2026-02-08,2
Exportador_03,Rusia,Rosas,1265.8,9.5,12025.1,2026-02-08,6
Exportador_03,México,Gypsophila,221.8,5.24,1162.23,2026-02-08,3
Exportador_03,Ucrania,Rosas,1039.5,9.16,9521.82,2026-02-08,5
Exportador_04,Estados Unidos,Rosas,3150.0,8.5,26775.0,2026-02-08,1
Exportador_05,México,Rosas,1345.9,8.04,10821.04,2026-02-08,4
Exportador_06,Canadá,Claveles,1205.4,4.74,5713.6,2026-02-08,2
Exportador_07,Estados Unidos,Rosas,580.9,7.84,4554.26,2026-02-08,2
Exportador_07,Estados Unidos,Rosas,1139.0,8.68,9886.52,2026-02-08,3
Exportador_08,Rusia,Gypsophila,851.0,6.59,5608.09,2026-02-08,7
Exportador_10,Canadá,Rosas,880.6,7.94,6991.96,2026-02-08,3
Exportador_11,Canadá,Rosas,544.8,8.99,4897.75,2026-02-08,4
Exportador_13,México,Rosas,1002.9,7.29,7311.14,2026-02-08,4
Exportador_14,Italia,Gypsophila,1211.1,5.68,6879.05,2026-02-08,5
Exportador_15,Países Bajos,Rosas,1003.9,8.78,8814.24,2026-02-08,6
Exportador_01,Estados Unidos,Rosas,1165.6,8.64,10070.78,2026-02-09,3
Exportador_01,España,Rosas,965.4,8.87,8563.1,2026-02-09,3
Exportador_01,Estados Unidos,Rosas,447.9,8.25,3695.17,2026-02-09,2
Exportador_01,Rusia,Rosas,1475.0,10.14,14956.5,2026-02-09,4
Exportador_01,Estados Unidos,Claveles,707.4,4.41,3119.63,2026-02-09,3
Exportador_01,Estados Unidos,Rosas,547.9,8.48,4646.19,2026-02-09,3
Exportador_01,Canadá,Flores de verano,519.5,4.97,2581.91,2026-02-09,4
Exportador_01,Chile,Rosas,2226.8,7.82,17413.58,2026-02-09,3
Exportador_01,Ucrania,Rosas,1538.3,8.83,13583.19,2026-02-09,5
Exportador_01,Estados Unidos,Flores de verano,531.1,4.74,2517.41,2026-02-09,3
Exportador_01,Estados Unidos,Gypsophila,964.6,5.33,5141.32,2026-02-09,1
Exportador_01,Estados Unidos,Rosas,1060.1,8.08,8565.61,2026-02-09,1
Exportador_01,Japón,Hortensias,401.9,9.48,3810.01,2026-02-09,6
Exportador_02,Italia,Rosas,836.1,9.32,7792.45,2026-02-09,6
Exportador_02,Italia,Rosas,2019.2,8.62,17405.5,2026-02-09,5
Exportador_02,Estados Unidos,Rosas,1064.8,8.45,8997.56,2026-02-09,3
Exportador_02,Italia,Rosas,362.5,8.35,3026.88,2026-02-09,4
Exportador_03,Canadá,Rosas,914.0,9.21,8417.94,2026-02-09,2
Exportador_03,Rusia,Rosas,2918.7,9.38,27377.41,2026-02-09,6
Exportador_03,Estados Unidos,Hortensias,410.4,7.29,2991.82,2026-02-09,2
Exportador_03,Rusia,Claveles,166.1,4.66,774.03,2026-02-09,4
Exportador_03,Italia,Flores de verano,1085.5,5.24,5688.02,2026-02-09,3
Exportador_03,Chile,Rosas,1192.5,7.85,9361.12,2026-02-09,4
Exportador_06,Chile,Rosas,1470.4,6.96,10233.98,2026-02-09,4
Exportador_06,Estados Unidos,Rosas,2154.7,8.75,18853.62,2026-02-09,1
Exportador_07,Estados Unidos,Crisantemos,346.5,3.95,1368.67,2026-02-09,2
Exportador_10,Japón,Rosas,653.4,9.43,6161.56,2026-02-09,5
Exportador_13,Ucrania,Rosas,1040.9,9.53,9919.78,2026-02-09,7
Exportador_14,Estados Unidos,Gypsophila,539.9,6.11,3298.79,2026-02-09,2
Exportador_15,Estados Unidos,Rosas,1193.6,8.72,10408.19,2026-02-09,3
Exportador_01,Estados Unidos,Claveles,212.7,4.4,935.88,2026-02-10,3
Exportador_01,Canadá,Claveles,519.1,4.51,2341.14,2026-02-10,3
Exportador_01,Países Bajos,Rosas,1485.8,8.07,11990.41,2026-02-10,6
Exportador_01,Estados Unidos,Rosas,3838.0,7.42,28477.96,2026-02-10,3
Exportador_01,Estados Unidos,Rosas,2161.9,8.51,18397.77,2026-02-10,3
Exportador_01,Países Bajos,Rosas,3885.2,7.87,30576.52,2026-02-10,3
Exportador_01,Kazajistán,Rosas,992.0,9.96,9880.32,2026-02-10,9
Exportador_02,Alemania,Rosas,705.2,9.31,6565.41,2026-02-10,6
Exportador_02,Estados Unidos,Rosas,708.8,7.42,5259.3,2026-02-10,1
Exportador_02,Estados Unidos,Rosas,988.1,8.32,8220.99,2026-02-10,1
Exportador_02,Chile,Rosas,1969.4,7.2,14179.68,2026-02-10,3
Exportador_03,Estados Unidos,Rosas,2457.3,8.64,21231.07,2026-02-10,1
Exportador_03,España,Hortensias,648.2,7.81,5062.44,2026-02-10,5
Exportador_03,Rusia,Gypsophila,468.6,6.24,2924.06,2026-02-10,5
Exportador_04,Estados Unidos,Rosas,367.9,7.37,2711.42,2026-02-10,1
Exportador_05,Alemania,Rosas,367.6,7.99,2937.12,2026-02-10,6
Exportador_08,Rusia,Crisantemos,295.1,4.61,1360.41,2026-02-10,6
Exportador_08,Rusia,Rosas,966.4,8.44,8156.42,2026-02-10,6
Exportador_09,Países Bajos,Rosas,1598.7,9.38,14995.81,2026-02-10,5
Exportador_09,Chile,Crisantemos,449.7,3.75,1686.38,2026-02-10,3
Exportador_10,Estados Unidos,Hortensias,353.9,7.68,2717.95,2026-02-10,3
Exportador_12,Canadá,Hortensias,977.6,8.51,8319.38,2026-02-10,3
Exportador_12,Kazajistán,Claveles,405.6,5.1,2068.56,2026-02-10,5
Exportador_12,España,Rosas,641.8,7.81,5012.46,2026-02-10,5
Exportador_12,Rusia,Rosas,2211.5,9.43,20854.44,2026-02-10,5
Exportador_15,Japón,Rosas,1633.0,10.38,16950.54,2026-02-10,7
Exportador_01,Países Bajos,Rosas,1709.7,6.21,10617.24,2026-02-11,5
Exportador_01,Estados Unidos,Rosas,706.8,7.0,4947.6,2026-02-11,1
Exportador_02,Rusia,Rosas,605.4,6.74,4080.4,2026-02-11,4
Exportador_04,España,Rosas,1514.4,6.96,10540.22,2026-02-11,3
Exportador_04,Italia,Rosas,960.2,7.35,7057.47,2026-02-11,4
Exportador_08,Países Bajos,Rosas,670.3,6.63,4444.09,2026-02-11,4
Exportador_09,Alemania,Rosas,794.9,6.56,5214.54,2026-02-11,6
Exportador_10,Ucrania,Crisantemos,729.0,3.85,2806.65,2026-02-11,8
Exportador_11,Países Bajos,Claveles,247.1,3.96,978.52,2026-02-11,5
Exportador_01,España,Rosas,995.3,6.53,6499.31,2026-02-12,3
Exportador_02,Estados Unidos,Crisantemos,368.3,3.24,1193.29,2026-02-12,1
Exportador_02,Estados Unidos,Crisantemos,422.6,3.39,1432.61,2026-02-12,3
Exportador_05,Estados Unidos,Hortensias,423.5,5.61,2375.84,2026-02-12,3
Exportador_12,Alemania,Claveles,521.5,4.15,2164.23,2026-02-12,3
Exportador_02,Japón,Rosas,374.3,7.51,2810.99,2026-02-13,5
Exportador_03,Japón,Rosas,631.0,8.88,5603.28,2026-02-13,8
Exportador_04,Países Bajos,Gypsophila,527.9,4.99,2634.22,2026-02-13,5
Exportador_06,Estados Unidos,Rosas,710.4,6.2,4404.48,2026-02-13,1
Exportador_07,Estados Unidos,Hortensias,245.4,5.69,1396.33,2026-02-13,3
Exportador_14,Países Bajos,Rosas,817.1,6.2,5066.02,2026-02-13,4
Exportador_15,Estados Unidos,Gypsophila,300.2,4.81,1443.96,2026-02-13,2
Exportador_02,Estados Unidos,Rosas,1450.0,6.47,9381.5,2026-02-14,1
Exportador_03,Estados Unidos,Rosas,657.0,6.06,3981.42,2026-02-14,1
Exportador_03,Alemania,Gypsophila,1130.3,4.9,5538.47,2026-02-14,3
Exportador_01,Alemania,Rosas,700.9,7.57,5305.81,2026-02-15,5
Exportador_02,Estados Unidos,Hortensias,983.6,5.93,5832.75,2026-02-15,1
Exportador_03,Estados Unidos,Hortensias,242.2,5.53,1339.37,2026-02-15,2
Exportador_03,Estados Unidos,Gypsophila,444.1,4.78,2122.8,2026-02-15,1
Exportador_04,España,Rosas,932.0,7.23,6738.36,2026-02-15,6
Exportador_06,Alemania,Rosas,875.0,6.62,5792.5,2026-02-15,5
Exportador_06,Canadá,Rosas,427.7,6.31,2698.79,2026-02-15,3
Exportador_09,Estados Unidos,Rosas,909.6,5.97,5430.31,2026-02-15,3
Exportador_01,Ucrania,Rosas,811.7,7.34,5957.88,2026-02-16,4
Exportador_03,Chile,Gypsophila,572.8,4.11,2354.21,2026-02-16,3
Exportador_04,España,Rosas,1327.0,6.8,9023.6,2026-02-16,3
Exportador_04,Rusia,Hortensias,785.3,6.22,4884.57,2026-02-16,7
Exportador_07,Canadá,Rosas,669.0,6.85,4582.65,2026-02-16,4
Exportador_10,Chile,Hortensias,357.0,5.62,2006.34,2026-02-16,2
Exportador_01,Rusia,Gypsophila,654.4,5.67,3710.45,2026-02-17,4
Exportador_02,Estados Unidos,Gypsophila,411.5,4.92,2024.58,2026-02-17,3
Exportador_02,Estados Unidos,Rosas,876.6,6.48,5680.37,2026-02-17,3
Exportador_03,México,Flores de verano,583.3,4.01,2339.03,2026-02-17,4
Exportador_03,Japón,Gypsophila,186.0,5.35,995.1,2026-02-17,7
Exportador_04,Estados Unidos,Rosas,992.5,6.46,6411.55,2026-02-17,1
Exportador_04,Japón,Rosas,607.5,8.75,5315.62,2026-02-17,5
Exportador_11,Países Bajos,Rosas,460.8,6.43,2962.94,2026-02-17,4
Exportador_11,Estados Unidos,Rosas,798.2,6.03,4813.15,2026-02-17,3
Exportador_01,México,Rosas,1120.3,5.73,6419.32,2026-02-18,3
Exportador_01,Estados Unidos,Gypsophila,413.4,4.06,1678.4,2026-02-18,3
Exportador_02,Estados Unidos,Rosas,288.8,6.69,1932.07,2026-02-18,1
Exportador_05,Chile,Rosas,1172.9,6.37,7471.37,2026-02-18,3
Exportador_10,Japón,Flores de verano,350.9,4.76,1670.28,2026-02-18,7
Exportador_01,Chile,Rosas,1324.3,6.09,8064.99,2026-02-19,4
Exportador_07,Ucrania,Rosas,1056.5,7.5,7923.75,2026-02-19,6
Exportador_08,Ucrania,Gypsophila,326.0,5.1,1662.6,2026-02-19,5
Exportador_09,Estados Unidos,Rosas,874.7,6.45,5641.82,2026-02-19,3
Exportador_14,Japón,Gypsophila,320.7,5.4,1731.78,2026-02-19,8
Exportador_01,Alemania,Rosas,982.3,6.89,6768.05,2026-02-20,6
Exportador_02,Rusia,Rosas,490.3,6.99,3427.2,2026-02-20,5
Exportador_03,Estados Unidos,Rosas,521.0,6.13,3193.73,2026-02-20,3
Exportador_06,Estados Unidos,Rosas,2092.8,6.87,14377.54,2026-02-20,1
Exportador_09,Estados Unidos,Rosas,866.1,5.94,5144.63,2026-02-20,2
Exportador_13,Canadá,Flores de verano,320.4,4.18,1339.27,2026-02-20,3
Exportador_01,Estados Unidos,Rosas,470.3,7.08,3329.72,2026-02-21,1
Exportador_03,Estados Unidos,Rosas,4350.4,6.54,28451.62,2026-02-21,1
Exportador_04,Estados Unidos,Gypsophila,1088.1,4.69,5103.19,2026-02-21,1
Exportador_06,Países Bajos,Rosas,900.0,6.8,6120.0,2026-02-21,3
Exportador_08,Alemania,Flores de verano,476.2,4.84,2304.81,2026-02-21,4
Exportador_01,Estados Unidos,Rosas,1376.2,6.66,9165.49,2026-02-22,2
Exportador_01,Estados Unidos,Gypsophila,1117.6,4.38,4895.09,2026-02-22,3
Exportador_01,Rusia,Rosas,1510.4,9.95,15028.48,2026-02-22,7
Exportador_01,Rusia,Rosas,393.7,9.5,3740.15,2026-02-22,5
Exportador_02,Rusia,Rosas,1636.4,8.85,14482.14,2026-02-22,5
Exportador_03,Rusia,Rosas,519.6,9.15,4754.34,2026-02-22,7
Exportador_03,Países Bajos,Gypsophila,383.6,4.74,1818.26,2026-02-22,3
Exportador_04,Rusia,Rosas,1584.9,8.94,14169.01,2026-02-22,7
Exportador_08,Kazajistán,Rosas,2556.3,10.4,26585.52,2026-02-22,9
Exportador_08,Rusia,Rosas,606.0,8.67,5254.02,2026-02-22,5
Exportador_10,Rusia,Crisantemos,378.4,4.26,1611.98,2026-02-22,6
Exportador_10,Rusia,Rosas,2136.7,10.26,21922.54,2026-02-22,7
Exportador_13,Rusia,Rosas,482.9,9.62,4645.5,2026-02-22,7
Exportador_13,Alemania,Gypsophila,719.5,5.03,3619.09,2026-02-22,6
Exportador_14,Rusia,Flores de verano,916.5,6.18,5663.97,2026-02-22,4
Exportador_15,Rusia,Rosas,1305.5,8.82,11514.51,2026-02-22,4
Exportador_01,Rusia,Rosas,1074.2,10.18,10935.36,2026-02-23,5
Exportador_01,Ucrania,Rosas,1277.9,9.31,11897.25,2026-02-23,4
Exportador_02,Estados Unidos,Rosas,1063.6,6.15,6541.14,2026-02-23,1
Exportador_04,Alemania,Rosas,781.9,6.92,5410.75,2026-02-23,5
Exportador_04,Rusia,Rosas,475.6,8.97,4266.13,2026-02-23,4
Exportador_05,Países Bajos,Rosas,4335.5,6.49,28137.4,2026-02-23,5
Exportador_06,España,Hortensias,495.7,6.87,3405.46,2026-02-23,6
Exportador_06,Rusia,Gypsophila,263.8,6.35,1675.13,2026-02-23,4
Exportador_12,Japón,Rosas,1682.2,7.53,12666.97,2026-02-23,6
Exportador_12,Países Bajos,Rosas,961.8,6.59,6338.26,2026-02-23,6
Exportador_12,Rusia,Rosas,3422.6,8.95,30632.27,2026-02-23,4
Exportador_01,Chile,Gypsophila,1440.2,4.11,5919.22,2026-02-24,3
Exportador_04,Rusia,Rosas,924.7,10.23,9459.68,2026-02-24,6
Exportador_05,Países Bajos,Rosas,751.6,6.24,4689.98,2026-02-24,3
Exportador_07,Estados Unidos,Claveles,541.6,3.68,1993.09,2026-02-24,3
Exportador_08,Canadá,Rosas,458.1,6.36,2913.52,2026-02-24,3
Exportador_09,Estados Unidos,Rosas,2024.7,6.47,13099.81,2026-02-24,1
Exportador_09,Canadá,Rosas,626.0,7.21,4513.46,2026-02-24,3
Exportador_11,Rusia,Rosas,1352.6,9.95,13458.37,2026-02-24,6
Exportador_13,Países Bajos,Claveles,649.8,4.15,2696.67,2026-02-24,6
Exportador_14,Ucrania,Gypsophila,808.2,6.17,4986.59,2026-02-24,8
Exportador_14,Estados Unidos,Flores de verano,419.5,4.33,1816.43,2026-02-24,1
Exportador_01,Kazajistán,Gypsophila,1365.6,7.37,10064.47,2026-02-25,8
Exportador_01,Alemania,Crisantemos,511.3,3.55,1815.12,2026-02-25,4
Exportador_01,Canadá,Rosas,600.6,6.15,3693.69,2026-02-25,2
Exportador_02,Estados Unidos,Rosas,720.2,6.19,4458.04,2026-02-25,1
Exportador_03,México,Rosas,389.8,5.63,2194.57,2026-02-25,3
Exportador_04,Países Bajos,Rosas,1327.6,6.65,8828.54,2026-02-25,3
Exportador_05,Kazajistán,Rosas,999.8,10.59,10587.88,2026-02-25,5
Exportador_07,Estados Unidos,Rosas,872.6,5.98,5218.15,2026-02-25,2
Exportador_07,Rusia,Rosas,505.4,9.85,4978.19,2026-02-25,6
Exportador_08,Ucrania,Rosas,440.6,8.29,3652.57,2026-02-25,7
Exportador_09,Estados Unidos,Rosas,774.2,5.88,4552.3,2026-02-25,1
Exportador_11,Rusia,Gypsophila,396.7,6.04,2396.07,2026-02-25,4
Exportador_01,Estados Unidos,Rosas,693.7,6.01,4169.14,2026-02-26,2
Exportador_01,Alemania,Gypsophila,520.9,4.5,2344.05,2026-02-26,6
Exportador_01,Rusia,Rosas,2435.0,9.02,21963.7,2026-02-26,4
Exportador_01,Rusia,Claveles,1198.9,5.17,6198.31,2026-02-26,6
Exportador_01,Canadá,Rosas,1351.5,7.32,9892.98,2026-02-26,4
Exportador_02,Estados Unidos,Hortensias,167.1,5.8,969.18,2026-02-26,2
Exportador_02,Estados Unidos,Hortensias,343.7,5.96,2048.45,2026-02-26,1
Exportador_02,Países Bajos,Flores de verano,211.9,4.66,987.45,2026-02-26,5
Exportador_02,Rusia,Rosas,1099.0,8.87,9748.13,2026-02-26,7
Exportador_03,Canadá,Claveles,214.0,4.12,881.68,2026-02-26,4
Exportador_10,Kazajistán,Claveles,1571.9,5.86,9211.33,2026-02-26,9
Exportador_01,Estados Unidos,Rosas,904.2,6.38,5768.8,2026-02-27,3
Exportador_01,Estados Unidos,Rosas,545.7,6.0,3274.2,2026-02-27,3
Exportador_02,Rusia,Rosas,725.1,9.1,6598.41,2026-02-27,5
Exportador_02,Ucrania,Gypsophila,744.9,5.97,4447.05,2026-02-27,7
Exportador_06,España,Gypsophila,463.5,4.7,2178.45,2026-02-27,4
Exportador_09,Estados Unidos,Rosas,3753.8,6.32,23724.02,2026-02-27,1
Exportador_12,Rusia,Rosas,755.4,8.91,6730.61,2026-02-27,6
Exportador_01,Estados Unidos,Crisantemos,301.9,3.25,981.17,2026-02-28,3
Exportador_01,Rusia,Rosas,462.3,8.64,3994.27,2026-02-28,7
Exportador_01,México,Rosas,1636.8,6.35,10393.68,2026-02-28,4
Exportador_01,Rusia,Rosas,1024.4,10.13,10377.17,2026-02-28,5
Exportador_01,Estados Unidos,Rosas,493.6,6.0,2961.6,2026-02-28,3
Exportador_02,Rusia,Rosas,1475.6,9.48,13988.69,2026-02-28,6
Exportador_02,Rusia,Rosas,830.9,9.83,8167.75,2026-02-28,7
Exportador_04,Estados Unidos,Rosas,2224.2,7.11,15814.06,2026-02-28,1
Exportador_10,Ucrania,Gypsophila,403.2,5.71,2302.27,2026-02-28,6
Exportador_12,Estados Unidos,Claveles,273.0,3.53,963.69,2026-02-28,3
Exportador_13,Kazajistán,Rosas,1465.1,9.29,13610.78,2026-02-28,6
Exportador_01,México,Rosas,562.3,6.32,3553.74,2026-03-01,2
Exportador_01,México,Rosas,1827.6,5.78,10563.53,2026-03-01,4
Exportador_02,Rusia,Hortensias,370.9,9.22,3419.7,2026-03-01,4
Exportador_02,Países Bajos,Rosas,691.4,6.34,4383.48,2026-03-01,4
Exportador_02,Ucrania,Rosas,2086.6,8.26,17235.32,2026-03-01,8
Exportador_02,Ucrania,Rosas,224.7,8.58,1927.93,2026-03-01,7
Exportador_04,Estados Unidos,Rosas,760.4,6.38,4851.35,2026-03-01,1
Exportador_04,Estados Unidos,Crisantemos,290.7,3.21,933.15,2026-03-01,3
Exportador_07,Rusia,Rosas,1116.4,10.16,11342.62,2026-03-01,4
Exportador_10,Canadá,Rosas,534.6,6.97,3726.16,2026-03-01,4
Exportador_15,Estados Unidos,Rosas,881.9,6.27,5529.51,2026-03-01,3
Exportador_01,Alemania,Claveles,235.3,3.86,908.26,2026-03-02,3
Exportador_01,Rusia,Claveles,780.2,5.29,4127.26,2026-03-02,5
Exportador_03,Rusia,Flores de verano,411.9,5.82,2397.26,2026-03-02,5
Exportador_04,Estados Unidos,Rosas,2068.3,5.91,12223.65,2026-03-02,1
Exportador_06,Rusia,Rosas,597.1,9.31,5559.0,2026-03-02,4
Exportador_12,Ucrania,Rosas,1170.5,8.17,9562.99,2026-03-02,8
Exportador_15,Rusia,Rosas,1969.8,9.39,18496.42,2026-03-02,7
Exportador_01,Rusia,Rosas,1609.1,8.58,13806.08,2026-03-03,7
Exportador_01,Estados Unidos,Rosas,965.4,5.9,5695.86,2026-03-03,1
Exportador_01,Estados Unidos,Flores de verano,390.8,4.27,1668.72,2026-03-03,2
Exportador_01,Rusia,Rosas,1560.4,9.99,15588.4,2026-03-03,4
Exportador_03,Países Bajos,Gypsophila,520.4,4.66,2425.06,2026-03-03,3
Exportador_03,Rusia,Rosas,1701.3,8.77,14920.4,2026-03-03,7
Exportador_04,Ucrania,Rosas,1976.2,9.38,18536.76,2026-03-03,6
Exportador_06,Alemania,Rosas,1322.5,7.54,9971.65,2026-03-03,3
Exportador_08,Kazajistán,Rosas,472.7,9.7,4585.19,2026-03-03,6
Exportador_03,España,Rosas,1356.5,6.65,9020.73,2026-03-04,6
Exportador_09,Estados Unidos,Rosas,926.8,6.68,6191.02,2026-03-04,3
Exportador_11,Rusia,Rosas,1130.9,9.38,10607.84,2026-03-04,4
Exportador_12,España,Crisantemos,940.0,3.52,3308.8,2026-03-04,5
Exportador_13,Estados Unidos,Rosas,459.8,6.25,2873.75,2026-03-04,1
Exportador_01,Rusia,Rosas,1035.5,9.06,9381.63,2026-03-05,6
Exportador_01,Chile,Rosas,697.7,5.99,4179.22,2026-03-05,2
Exportador_01,Rusia,Gypsophila,1609.1,6.18,9944.24,2026-03-05,6
Exportador_03,Japón,Crisantemos,719.9,4.03,2901.2,2026-03-05,5
Exportador_05,Alemania,Rosas,1738.2,6.37,11072.33,2026-03-05,4
Exportador_06,Estados Unidos,Gypsophila,208.8,4.2,876.96,2026-03-05,1
Exportador_08,Estados Unidos,Rosas,3819.0,6.11,23334.09,2026-03-05,3
Exportador_09,México,Flores de verano,695.8,3.67,2553.59,2026-03-05,3
Exportador_13,Rusia,Gypsophila,803.8,6.96,5594.45,2026-03-05,6
Exportador_04,España,Gypsophila,335.7,4.78,1604.65,2026-03-06,6
Exportador_05,Estados Unidos,Rosas,695.1,6.24,4337.42,2026-03-06,1
Exportador_11,España,Hortensias,194.5,6.7,1303.15,2026-03-06,6
Exportador_15,Estados Unidos,Rosas,680.0,6.74,4583.2,2026-03-06,1
Exportador_01,Estados Unidos,Rosas,1197.3,6.39,7650.75,2026-03-07,2
Exportador_01,Estados Unidos,Rosas,1063.4,6.25,6646.25,2026-03-07,2
Exportador_03,Países Bajos,Rosas,1207.3,6.64,8016.47,2026-03-07,5
Exportador_04,Países Bajos,Rosas,1164.4,6.49,7556.96,2026-03-07,6
Exportador_06,Estados Unidos,Hortensias,281.9,5.84,1646.3,2026-03-07,2
Exportador_12,Rusia,Rosas,448.9,7.54,3384.71,2026-03-07,6
Exportador_01,Estados Unidos,Rosas,387.3,6.65,2575.55,2026-03-08,2
Exportador_04,Italia,Rosas,1053.6,6.85,7217.16,2026-03-08,5
Exportador_07,Canadá,Gypsophila,318.1,4.46,1418.73,2026-03-08,3
Exportador_14,Chile,Claveles,1529.5,3.74,5720.33,2026-03-08,2
Exportador_01,Estados Unidos,Rosas,687.9,6.72,4622.69,2026-03-09,1
Exportador_01,Rusia,Rosas,771.5,6.73,5192.2,2026-03-09,6
Exportador_02,Ucrania,Flores de verano,263.4,4.86,1280.12,2026-03-09,5
Exportador_03,Italia,Rosas,517.4,6.73,3482.1,2026-03-09,4
Exportador_07,Italia,Rosas,167.5,7.14,1195.95,2026-03-09,4
Exportador_15,México,Gypsophila,508.1,4.47,2271.21,2026-03-09,3
Exportador_01,Rusia,Rosas,1053.3,8.19,8626.53,2026-03-10,6
Exportador_01,Estados Unidos,Rosas,1420.6,6.26,8892.96,2026-03-10,1
Exportador_01,Rusia,Rosas,2865.4,7.97,22837.24,2026-03-10,7
Exportador_03,Estados Unidos,Rosas,672.8,6.47,4353.02,2026-03-10,3
Exportador_05,Ucrania,Rosas,1034.0,7.7,7961.8,2026-03-10,5
Exportador_06,Países Bajos,Rosas,884.6,7.12,6298.35,2026-03-10,6
Exportador_08,Países Bajos,Rosas,566.7,6.33,3587.21,2026-03-10,5
Exportador_01,Estados Unidos,Rosas,877.8,6.72,5898.82,2026-03-11,3
Exportador_01,España,Rosas,690.9,7.05,4870.84,2026-03-11,3
Exportador_04,Países Bajos,Rosas,423.1,7.13,3016.7,2026-03-11,6
Exportador_04,Japón,Rosas,1048.4,8.1,8492.04,2026-03-11,5
Exportador_05,Rusia,Rosas,594.2,7.14,4242.59,2026-03-11,5
Exportador_05,Ucrania,Rosas,957.7,7.74,7412.6,2026-03-11,4
Exportador_12,Estados Unidos,Gypsophila,730.9,4.16,3040.54,2026-03-11,1
Exportador_15,Canadá,Gypsophila,454.8,4.5,2046.6,2026-03-11,2
Exportador_01,Estados Unidos,Rosas,910.5,6.56,5972.88,2026-03-12,1
Exportador_01,México,Rosas,1122.5,6.41,7195.23,2026-03-12,2
Exportador_01,España,Rosas,1515.2,6.74,10212.45,2026-03-12,3
Exportador_02,Estados Unidos,Rosas,2613.1,6.54,17089.67,2026-03-12,1
Exportador_03,Rusia,Flores de verano,835.0,4.64,3874.4,2026-03-12,5
Exportador_04,Estados Unidos,Rosas,959.8,5.99,5749.2,2026-03-12,3
Exportador_06,Estados Unidos,Rosas,364.3,6.81,2480.88,2026-03-12,3
Exportador_12,Estados Unidos,Rosas,585.3,6.4,3745.92,2026-03-12,3
Exportador_01,Rusia,Rosas,805.4,6.96,5605.58,2026-03-13,5
Exportador_01,España,Rosas,382.4,6.32,2416.77,2026-03-13,6
Exportador_01,Kazajistán,Rosas,453.4,8.41,3813.09,2026-03-13,5
Exportador_02,Países Bajos,Claveles,496.2,3.79,1880.6,2026-03-13,3
Exportador_03,Estados Unidos,Rosas,456.4,6.36,2902.7,2026-03-13,1
Exportador_03,Estados Unidos,Rosas,705.7,6.54,4615.28,2026-03-13,2
Exportador_07,Ucrania,Rosas,795.8,7.67,6103.79,2026-03-13,4
Exportador_10,Estados Unidos,Rosas,3037.8,6.54,19867.21,2026-03-13,3
Exportador_15,Estados Unidos,Rosas,435.5,6.99,3044.14,2026-03-13,3
Exportador_02,Estados Unidos,Rosas,1669.1,6.08,10148.13,2026-03-14,3
Exportador_04,México,Rosas,368.7,5.95,2193.76,2026-03-14,4
Exportador_05,España,Rosas,1401.9,7.0,9813.3,2026-03-14,3
Exportador_08,Países Bajos,Claveles,481.2,3.77,1814.12,2026-03-14,6
Exportador_08,Países Bajos,Rosas,901.0,7.3,6577.3,2026-03-14,6
Exportador_09,Chile,Rosas,1995.8,5.7,11376.06,2026-03-14,4
Exportador_02,Estados Unidos,Rosas,989.6,6.76,6689.7,2026-03-15,3
Exportador_02,Rusia,Rosas,2385.7,7.89,18823.17,2026-03-15,5
Exportador_02,Países Bajos,Gypsophila,446.5,4.43,1977.99,2026-03-15,3
Exportador_03,Canadá,Gypsophila,590.2,4.54,2679.51,2026-03-15,3
Exportador_10,Estados Unidos,Rosas,513.7,7.05,3621.59,2026-03-15,2
Exportador_12,Estados Unidos,Hortensias,437.5,6.5,2843.75,2026-03-15,2
Exportador_14,Estados Unidos,Rosas,397.9,7.05,2805.19,2026-03-15,1
Exportador_02,España,Rosas,989.4,6.21,6144.17,2026-03-16,4
Exportador_02,Estados Unidos,Rosas,689.5,7.0,4826.5,2026-03-16,2
Exportador_10,Estados Unidos,Rosas,1253.2,7.04,8822.53,2026-03-16,2
Exportador_01,Italia,Rosas,586.5,6.5,3812.25,2026-03-17,4
Exportador_01,Chile,Rosas,611.7,6.54,4000.52,2026-03-17,2
Exportador_01,Estados Unidos,Rosas,649.6,5.95,3865.12,2026-03-17,1
Exportador_02,Países Bajos,Rosas,1652.8,6.86,11338.21,2026-03-17,4
Exportador_03,Rusia,Rosas,993.7,7.41,7363.32,2026-03-17,5
Exportador_09,Rusia,Rosas,1830.1,7.74,14164.97,2026-03-17,4
Exportador_09,Estados Unidos,Gypsophila,457.0,4.85,2216.45,2026-03-17,1
Exportador_11,Canadá,Rosas,507.5,7.36,3735.2,2026-03-17,3
Exportador_12,Canadá,Rosas,651.8,6.93,4516.97,2026-03-17,3
Exportador_01,Estados Unidos,Rosas,1060.3,7.11,7538.73,2026-03-18,1
Exportador_01,Estados Unidos,Rosas,1187.5,6.68,7932.5,2026-03-18,1
Exportador_02,Estados Unidos,Rosas,823.9,6.15,5066.99,2026-03-18,3
Exportador_04,Estados Unidos,Crisantemos,801.2,3.31,2651.97,2026-03-18,1
Exportador_05,España,Rosas,1750.1,7.09,12408.21,2026-03-18,4
Exportador_07,Chile,Rosas,1810.9,5.98,10829.18,2026-03-18,4
Exportador_07,Estados Unidos,Rosas,622.1,6.56,4080.98,2026-03-18,2
Exportador_09,Estados Unidos,Rosas,1272.5,6.01,7647.72,2026-03-18,1
Exportador_10,Rusia,Flores de verano,264.0,5.11,1349.04,2026-03-18,4
Exportador_13,Canadá,Gypsophila,753.9,4.47,3369.93,2026-03-18,4
Exportador_13,Estados Unidos,Rosas,913.5,6.67,6093.05,2026-03-18,2
Exportador_14,Kazajistán,Rosas,629.5,7.22,4544.99,2026-03-18,5
Exportador_02,Países Bajos,Rosas,2009.8,7.22,14510.76,2026-03-19,4
Exportador_04,Estados Unidos,Rosas,2235.0,7.12,15913.2,2026-03-19,2
Exportador_06,Ucrania,Rosas,860.8,7.77,6688.42,2026-03-19,7
Exportador_11,Estados Unidos,Rosas,2977.4,6.16,18340.78,2026-03-19,1
Exportador_13,Rusia,Rosas,3462.9,7.65,26491.19,2026-03-19,6
Exportador_14,Estados Unidos,Rosas,937.1,7.11,6662.78,2026-03-19,1
Exportador_01,Alemania,Rosas,659.4,7.52,4958.69,2026-03-20,3
Exportador_02,Estados Unidos,Rosas,680.5,5.98,4069.39,2026-03-20,3
Exportador_02,Kazajistán,Rosas,1047.1,8.33,8722.34,2026-03-20,7
Exportador_10,España,Hortensias,227.7,6.33,1441.34,2026-03-20,4
Exportador_11,Canadá,Flores de verano,472.2,4.61,2176.84,2026-03-20,4
Exportador_01,Estados Unidos,Gypsophila,989.1,4.46,4411.39,2026-03-21,3
Exportador_06,Rusia,Rosas,693.6,7.37,5111.83,2026-03-21,7
Exportador_08,Ucrania,Rosas,1975.8,6.9,13633.02,2026-03-21,4
Exportador_09,Rusia,Rosas,563.5,7.8,4395.3,2026-03-21,6
Exportador_10,Japón,Rosas,990.7,7.41,7341.09,2026-03-21,7
Exportador_01,Chile,Rosas,468.0,6.17,2887.56,2026-03-22,4
Exportador_05,Países Bajos,Gypsophila,367.6,4.91,1804.92,2026-03-22,6
Exportador_08,Rusia,Rosas,699.4,7.34,5133.6,2026-03-22,7
Exportador_09,Rusia,Rosas,1351.7,7.58,10245.89,2026-03-22,4
Exportador_10,Rusia,Rosas,993.5,6.73,6686.26,2026-03-22,7
Exportador_12,Canadá,Rosas,764.0,7.44,5684.16,2026-03-22,2
Exportador_03,Estados Unidos,Rosas,588.5,6.1,3589.85,2026-03-23,1
Exportador_12,Estados Unidos,Rosas,2258.4,7.1,16034.64,2026-03-23,2
Exportador_01,Canadá,Gypsophila,290.7,4.39,1276.17,2026-03-24,3
Exportador_01,Estados Unidos,Rosas,760.6,5.98,4548.39,2026-03-24,2
Exportador_02,Rusia,Gypsophila,268.7,5.33,1432.17,2026-03-24,4
Exportador_02,México,Rosas,908.6,6.2,5633.32,2026-03-24,2
Exportador_03,México,Rosas,394.6,5.62,2217.65,2026-03-24,2
Exportador_03,Rusia,Rosas,756.4,6.98,5279.67,2026-03-24,5
Exportador_05,Estados Unidos,Rosas,1041.9,5.92,6168.05,2026-03-24,2
Exportador_05,Estados Unidos,Flores de verano,339.7,4.27,1450.52,2026-03-24,1
Exportador_09,Canadá,Rosas,388.1,6.57,2549.82,2026-03-24,2
Exportador_13,Estados Unidos,Rosas,304.2,6.74,2050.31,2026-03-24,3
Exportador_15,Países Bajos,Hortensias,604.1,6.56,3962.9,2026-03-24,5
Exportador_01,Rusia,Rosas,1125.9,7.25,8162.78,2026-03-25,6
Exportador_01,Países Bajos,Crisantemos,198.4,3.69,732.1,2026-03-25,4
Exportador_01,Estados Unidos,Rosas,579.8,6.3,3652.74,2026-03-25,2
Exportador_02,Rusia,Rosas,401.6,7.15,2871.44,2026-03-25,5
Exportador_03,Rusia,Rosas,1229.6,7.45,9160.52,2026-03-25,6
Exportador_04,Países Bajos,Gypsophila,571.5,4.42,2526.03,2026-03-25,3
Exportador_06,Alemania,Gypsophila,258.2,4.6,1187.72,2026-03-25,3
Exportador_07,Estados Unidos,Crisantemos,169.2,3.29,556.67,2026-03-25,2
Exportador_10,España,Rosas,265.3,7.26,1926.08,2026-03-25,4
Exportador_01,Alemania,Rosas,1155.7,7.43,8586.85,2026-03-26,3
Exportador_01,España,Rosas,1228.2,6.3,7737.66,2026-03-26,3
Exportador_05,Estados Unidos,Flores de verano,701.9,4.28,3004.13,2026-03-26,3
Exportador_07,Estados Unidos,Flores de verano,421.0,4.18,1759.78,2026-03-26,2
Exportador_08,España,Claveles,337.1,4.11,1385.48,2026-03-26,4
Exportador_10,Chile,Gypsophila,317.7,3.94,1251.74,2026-03-26,3
Exportador_12,Países Bajos,Rosas,1030.6,6.27,6461.86,2026-03-26,4
Exportador_01,Kazajistán,Rosas,1215.5,8.04,9772.62,2026-03-27,8
Exportador_01,Países Bajos,Rosas,1341.1,6.26,8395.29,2026-03-27,4
Exportador_15,México,Crisantemos,1140.7,3.08,3513.36,2026-03-27,4
Exportador_07,Estados Unidos,Rosas,1062.4,6.64,7054.34,2026-03-28,2
Exportador_08,Estados Unidos,Rosas,456.2,7.13,3252.71,2026-03-28,3
Exportador_10,Alemania,Rosas,2465.4,7.11,17528.99,2026-03-28,5
Exportador_01,Países Bajos,Claveles,225.3,3.85,867.41,2026-03-29,6
Exportador_01,Rusia,Rosas,587.5,7.42,4359.25,2026-03-29,7
Exportador_01,Japón,Rosas,1590.9,8.88,14127.19,2026-03-29,5
Exportador_02,Rusia,Rosas,1323.6,7.53,9966.71,2026-03-29,6
Exportador_02,Estados Unidos,Claveles,593.1,3.87,2295.3,2026-03-29,3
Exportador_05,Japón,Claveles,755.3,4.77,3602.78,2026-03-29,7
Exportador_01,España,Rosas,854.0,6.64,5670.56,2026-03-30,3
Exportador_02,Estados Unidos,Crisantemos,414.8,3.0,1244.4,2026-03-30,3
Exportador_04,Estados Unidos,Rosas,379.4,6.25,2371.25,2026-03-30,2
Exportador_05,Rusia,Rosas,668.4,7.54,5039.74,2026-03-30,4
Exportador_06,Estados Unidos,Gypsophila,1416.5,4.7,6657.55,2026-03-30,1
Exportador_08,Rusia,Rosas,1709.3,7.31,12494.98,2026-03-30,6
Exportador_09,Rusia,Rosas,875.1,7.0,6125.7,2026-03-30,6
Exportador_13,Estados Unidos,Rosas,1656.7,5.96,9873.93,2026-03-30,2
Exportador_14,Estados Unidos,Rosas,250.5,6.9,1728.45,2026-03-30,2
Exportador_01,Italia,Hortensias,203.8,5.73,1167.77,2026-03-31,5
Exportador_01,Alemania,Rosas,749.3,6.4,4795.52,2026-03-31,3
Exportador_02,Alemania,Rosas,1048.1,7.23,7577.76,2026-03-31,6
Exportador_04,Canadá,Hortensias,133.2,6.19,824.51,2026-03-31,2
Exportador_05,Estados Unidos,Flores de verano,427.3,4.08,1743.38,2026-03-31,3
Exportador_08,Japón,Rosas,495.1,8.86,4386.59,2026-03-31,7
Exportador_10,Estados Unidos,Rosas,1132.8,6.76,7657.73,2026-03-31,2
Exportador_14,Estados Unidos,Claveles,810.4,3.4,2755.36,2026-03-31,3
Exportador_01,Estados Unidos,Rosas,1036.0,7.0,7252.0,2026-04-01,2
Exportador_01,Rusia,Rosas,740.5,8.2,6072.1,2026-04-01,6
Exportador_03,Estados Unidos,Rosas,821.2,6.49,5329.59,2026-04-01,2
Exportador_06,Países Bajos,Rosas,574.9,6.73,3869.08,2026-04-01,3
Exportador_07,Estados Unidos,Rosas,3053.6,6.73,20550.73,2026-04-01,1
Exportador_01,Estados Unidos,Rosas,1272.7,6.12,7788.92,2026-04-02,1
Exportador_04,Estados Unidos,Gypsophila,829.3,4.33,3590.87,2026-04-02,1
Exportador_05,Estados Unidos,Rosas,1000.0,6.34,6340.0,2026-04-02,2
Exportador_05,Rusia,Rosas,437.4,8.16,3569.18,2026-04-02,5
Exportador_08,Italia,Rosas,985.2,7.34,7231.37,2026-04-02,6
Exportador_09,Estados Unidos,Claveles,1302.5,3.52,4584.8,2026-04-02,3
Exportador_10,México,Flores de verano,884.0,3.85,3403.4,2026-04-02,4
Exportador_11,Estados Unidos,Rosas,1457.4,6.71,9779.15,2026-04-02,1
Exportador_01,Kazajistán,Rosas,1704.5,8.31,14164.4,2026-04-03,9
Exportador_01,Rusia,Rosas,1410.9,7.09,10003.28,2026-04-03,6
Exportador_02,Italia,Rosas,938.5,6.5,6100.25,2026-04-03,4
Exportador_02,Estados Unidos,Rosas,961.4,5.89,5662.65,2026-04-03,1
Exportador_02,Italia,Rosas,912.5,6.78,6186.75,2026-04-03,5
Exportador_03,Canadá,Rosas,235.0,6.5,1527.5,2026-04-03,3
Exportador_09,Estados Unidos,Rosas,1549.1,6.85,10611.33,2026-04-03,3
Exportador_10,Estados Unidos,Rosas,449.1,6.99,3139.21,2026-04-03,1
Exportador_12,Estados Unidos,Rosas,859.2,5.92,5086.46,2026-04-03,1
Exportador_12,Alemania,Rosas,1250.3,7.56,9452.27,2026-04-03,6
Exportador_13,Rusia,Gypsophila,341.3,4.96,1692.85,2026-04-03,7
Exportador_14,Kazajistán,Flores de verano,175.1,4.79,838.73,2026-04-03,8
Exportador_15,Estados Unidos,Rosas,1162.2,6.67,7751.87,2026-04-03,1
Exportador_01,Estados Unidos,Rosas,1017.8,6.52,6636.06,2026-04-04,2
Exportador_01,Estados Unidos,Rosas,1304.9,6.48,8455.75,2026-04-04,2
Exportador_01,Chile,Rosas,1851.2,6.78,12551.14,2026-04-04,2
Exportador_05,Kazajistán,Rosas,2281.3,7.06,16105.98,2026-04-04,7
Exportador_07,Países Bajos,Rosas,501.4,6.24,3128.74,2026-04-04,4
Exportador_12,Países Bajos,Rosas,972.9,6.29,6119.54,2026-04-04,5
Exportador_05,Estados Unidos,Rosas,1234.3,6.26,7726.72,2026-04-05,3
Exportador_06,Rusia,Rosas,984.9,8.11,7987.54,2026-04-05,6
Exportador_11,Japón,Gypsophila,600.3,6.13,3679.84,2026-04-05,5
Exportador_13,Rusia,Rosas,554.4,7.92,4390.85,2026-04-05,6
Exportador_01,Canadá,Rosas,367.4,6.76,2483.62,2026-04-06,3
Exportador_01,Chile,Claveles,335.2,3.25,1089.4,2026-04-06,3
Exportador_02,México,Rosas,1451.1,5.82,8445.4,2026-04-06,2
Exportador_02,Estados Unidos,Rosas,4363.4,6.84,29845.66,2026-04-06,1
Exportador_02,Estados Unidos,Rosas,280.0,5.94,1663.2,2026-04-06,2
Exportador_02,Japón,Rosas,862.1,7.82,6741.62,2026-04-06,8
Exportador_03,Canadá,Rosas,1369.8,6.16,8437.97,2026-04-06,3
Exportador_05,Rusia,Flores de verano,271.0,4.6,1246.6,2026-04-06,5
Exportador_05,España,Gypsophila,789.5,4.91,3876.45,2026-04-06,4
Exportador_01,Alemania,Flores de verano,335.4,4.18,1401.97,2026-04-07,4
Exportador_01,Estados Unidos,Gypsophila,1080.8,4.23,4571.78,2026-04-07,1
Exportador_03,Rusia,Rosas,1165.0,6.82,7945.3,2026-04-07,5
Exportador_08,Estados Unidos,Rosas,336.8,6.22,2094.9,2026-04-07,1
Exportador_11,Estados Unidos,Rosas,877.0,6.75,5919.75,2026-04-07,3
Exportador_01,Estados Unidos,Gypsophila,400.7,4.45,1783.12,2026-04-08,1
Exportador_04,Países Bajos,Rosas,1653.1,6.77,11191.49,2026-04-08,3
Exportador_09,Estados Unidos,Rosas,745.3,6.67,4971.15,2026-04-08,3
Exportador_12,Estados Unidos,Gypsophila,1080.2,4.16,4493.63,2026-04-08,2
Exportador_12,Kazajistán,Claveles,445.3,4.53,2017.21,2026-04-08,9
Exportador_01,Estados Unidos,Gypsophila,628.6,4.69,2948.13,2026-04-09,1
Exportador_01,Rusia,Rosas,1066.3,8.15,8690.34,2026-04-09,5
Exportador_02,Japón,Rosas,477.8,7.6,3631.28,2026-04-09,5
Exportador_04,Estados Unidos,Rosas,380.5,5.86,2229.73,2026-04-09,1
Exportador_07,Estados Unidos,Gypsophila,363.8,4.51,1640.74,2026-04-09,1
Exportador_07,México,Rosas,1914.9,5.78,11068.12,2026-04-09,2
Exportador_07,Estados Unidos,Rosas,3180.3,6.89,21912.27,2026-04-09,1
Exportador_08,Estados Unidos,Rosas,2076.2,7.09,14720.26,2026-04-09,1
Exportador_10,Estados Unidos,Rosas,1237.0,6.7,8287.9,2026-04-09,3
Exportador_13,Canadá,Claveles,529.2,3.93,2079.76,2026-04-09,3
Exportador_01,España,Rosas,1131.5,6.33,7162.4,2026-04-10,5
Exportador_06,Kazajistán,Gypsophila,875.8,4.97,4352.73,2026-04-10,7
Exportador_01,Estados Unidos,Rosas,714.5,6.18,4415.61,2026-04-11,1
Exportador_02,España,Rosas,1237.3,7.1,8784.83,2026-04-11,3
Exportador_02,Estados Unidos,Rosas,597.2,6.68,3989.3,2026-04-11,2
Exportador_02,Estados Unidos,Rosas,1196.8,5.88,7037.18,2026-04-11,3
Exportador_03,Estados Unidos,Rosas,1647.1,6.24,10277.9,2026-04-11,2
Exportador_05,Países Bajos,Rosas,1059.4,7.2,7627.68,2026-04-11,6
Exportador_06,Estados Unidos,Rosas,1013.1,7.05,7142.35,2026-04-11,3
Exportador_06,Alemania,Rosas,1216.9,7.07,8603.48,2026-04-11,5
Exportador_07,Países Bajos,Rosas,654.9,7.33,4800.42,2026-04-11,6
Exportador_01,Kazajistán,Rosas,1155.3,7.22,8341.27,2026-04-12,7
Exportador_01,Países Bajos,Rosas,631.6,7.25,4579.1,2026-04-12,5
Exportador_02,Países Bajos,Rosas,1005.0,7.14,7175.7,2026-04-12,6
Exportador_04,México,Rosas,478.9,6.13,2935.66,2026-04-12,4
Exportador_12,Rusia,Rosas,1575.1,7.08,11151.71,2026-04-12,7
Exportador_13,Estados Unidos,Claveles,228.9,3.47,794.28,2026-04-12,1
Exportador_14,Rusia,Flores de verano,182.2,5.0,911.0,2026-04-12,4
Exportador_14,Estados Unidos,Rosas,1104.5,6.71,7411.19,2026-04-12,3
Exportador_15,Japón,Gypsophila,602.5,5.94,3578.85,2026-04-12,6
Exportador_01,Estados Unidos,Claveles,779.3,3.74,2914.58,2026-04-13,1
Exportador_02,Estados Unidos,Rosas,313.1,6.61,2069.59,2026-04-13,2
Exportador_04,Estados Unidos,Rosas,1419.1,6.94,9848.55,2026-04-13,3
Exportador_11,Estados Unidos,Rosas,679.8,6.67,4534.27,2026-04-13,3
Exportador_15,Estados Unidos,Rosas,2127.6,6.78,14425.13,2026-04-13,2
Exportador_01,Estados Unidos,Rosas,927.4,6.8,6306.32,2026-04-14,3
Exportador_01,Rusia,Flores de verano,313.6,4.72,1480.19,2026-04-14,6
Exportador_02,México,Rosas,1180.8,6.49,7663.39,2026-04-14,4
Exportador_04,Rusia,Rosas,534.9,6.93,3706.86,2026-04-14,7
Exportador_04,Países Bajos,Flores de verano,804.4,4.61,3708.28,2026-04-14,5
Exportador_12,Estados Unidos,Rosas,696.1,6.42,4468.96,2026-04-14,1
Exportador_01,Chile,Rosas,660.3,5.72,3776.92,2026-04-15,2
Exportador_01,Estados Unidos,Rosas,453.3,5.91,2679.0,2026-04-15,3
Exportador_02,Estados Unidos,Crisantemos,301.7,3.2,965.44,2026-04-15,1
Exportador_04,Rusia,Gypsophila,702.1,5.34,3749.21,2026-04-15,4
Exportador_04,Canadá,Flores de verano,151.4,3.89,588.95,2026-04-15,4
Exportador_06,Rusia,Rosas,1082.9,7.44,8056.78,2026-04-15,6
Exportador_08,Kazajistán,Rosas,2693.0,7.72,20789.96,2026-04-15,8
Exportador_10,Kazajistán,Rosas,1042.5,7.4,7714.5,2026-04-15,9
Exportador_11,Canadá,Rosas,938.2,6.5,6098.3,2026-04-15,2
Exportador_15,Estados Unidos,Rosas,584.3,6.62,3868.07,2026-04-15,3
Exportador_02,Kazajistán,Claveles,660.9,4.58,3026.92,2026-04-16,8
Exportador_03,Rusia,Rosas,843.6,8.06,6799.42,2026-04-16,5
Exportador_04,Chile,Rosas,792.4,6.25,4952.5,2026-04-16,3
Exportador_09,España,Rosas,1508.0,7.16,10797.28,2026-04-16,3
Exportador_10,Rusia,Gypsophila,501.6,5.41,2713.66,2026-04-16,4
Exportador_14,Estados Unidos,Rosas,340.4,6.4,2178.56,2026-04-16,3
Exportador_01,Estados Unidos,Rosas,792.8,6.0,4756.8,2026-04-17,1
Exportador_01,Italia,Rosas,1643.6,7.43,12211.95,2026-04-17,6
Exportador_02,Estados Unidos,Rosas,537.0,6.72,3608.64,2026-04-17,3
Exportador_04,Países Bajos,Gypsophila,386.4,4.42,1707.89,2026-04-17,5
Exportador_08,Ucrania,Rosas,551.4,7.3,4025.22,2026-04-17,8
Exportador_12,Estados Unidos,Rosas,1835.3,6.68,12259.8,2026-04-17,2
Exportador_13,Ucrania,Rosas,1600.9,6.44,10309.8,2026-04-17,6
Exportador_13,Alemania,Rosas,919.3,7.48,6876.36,2026-04-17,3
Exportador_01,Estados Unidos,Rosas,522.9,7.01,3665.53,2026-04-18,3
Exportador_01,Estados Unidos,Rosas,1185.7,6.04,7161.63,2026-04-18,1
Exportador_01,Países Bajos,Rosas,745.5,6.32,4711.56,2026-04-18,4
Exportador_02,Ucrania,Rosas,628.3,7.65,4806.49,2026-04-18,8
Exportador_07,Estados Unidos,Rosas,954.5,6.8,6490.6,2026-04-18,1
Exportador_11,Estados Unidos,Rosas,761.1,5.92,4505.71,2026-04-18,1
Exportador_03,Alemania,Rosas,1064.0,7.62,8107.68,2026-04-19,6
Exportador_03,Estados Unidos,Rosas,675.5,7.06,4769.03,2026-04-19,3
Exportador_05,Estados Unidos,Rosas,1242.0,6.01,7464.42,2026-04-19,2
Exportador_01,Estados Unidos,Rosas,392.7,6.26,2458.3,2026-04-20,2
Exportador_03,Rusia,Rosas,968.1,6.77,6554.04,2026-04-20,4
Exportador_03,Canadá,Rosas,1187.8,7.01,8326.48,2026-04-20,2
Exportador_05,Estados Unidos,Rosas,784.3,6.04,4737.17,2026-04-20,3
Exportador_06,Estados Unidos,Rosas,958.1,6.42,6151.0,2026-04-20,1
Exportador_15,Estados Unidos,Rosas,878.1,6.57,5769.12,2026-04-20,3
Exportador_01,Japón,Crisantemos,120.8,4.0,483.2,2026-04-21,8
Exportador_01,Chile,Rosas,748.3,5.71,4272.79,2026-04-21,4
Exportador_02,Estados Unidos,Rosas,767.9,6.97,5352.26,2026-04-21,2
Exportador_02,España,Rosas,215.2,7.23,1555.9,2026-04-21,4
Exportador_03,Canadá,Rosas,1249.9,6.25,7811.88,2026-04-21,3
Exportador_08,Rusia,Rosas,1773.9,6.83,12115.74,2026-04-21,7
Exportador_10,España,Rosas,1227.2,6.61,8111.79,2026-04-21,3
Exportador_01,Estados Unidos,Gypsophila,368.6,6.06,2233.72,2026-04-22,1
Exportador_01,Estados Unidos,Gypsophila,372.7,5.6,2087.12,2026-04-22,1
Exportador_01,Italia,Rosas,705.0,9.24,6514.2,2026-04-22,5
Exportador_01,Estados Unidos,Flores de verano,370.3,5.39,1995.92,2026-04-22,2
Exportador_02,Países Bajos,Rosas,968.6,7.39,7157.95,2026-04-22,3
Exportador_03,Estados Unidos,Rosas,672.4,7.62,5123.69,2026-04-22,3
Exportador_04,Países Bajos,Gypsophila,337.4,4.57,1541.92,2026-04-22,5
Exportador_04,Italia,Rosas,920.3,7.82,7196.75,2026-04-22,4
Exportador_07,Estados Unidos,Rosas,448.6,7.42,3328.61,2026-04-22,3
Exportador_07,Chile,Rosas,1498.5,7.42,11118.87,2026-04-22,2
Exportador_07,Estados Unidos,Gypsophila,508.0,5.35,2717.8,2026-04-22,1
Exportador_08,Estados Unidos,Hortensias,1105.2,7.6,8399.52,2026-04-22,1
Exportador_08,Estados Unidos,Crisantemos,534.5,4.07,2175.41,2026-04-22,1
Exportador_08,Japón,Rosas,1800.3,10.11,18201.03,2026-04-22,7
Exportador_09,Ucrania,Rosas,1755.7,7.68,13483.78,2026-04-22,8
Exportador_10,España,Flores de verano,745.9,5.16,3848.84,2026-04-22,3
Exportador_10,Estados Unidos,Rosas,832.0,7.38,6140.16,2026-04-22,2
Exportador_12,Estados Unidos,Gypsophila,506.8,5.78,2929.3,2026-04-22,2
Exportador_13,Alemania,Rosas,1597.4,8.06,12875.04,2026-04-22,4
Exportador_01,Estados Unidos,Crisantemos,287.9,4.32,1243.73,2026-04-23,3
Exportador_01,Países Bajos,Flores de verano,129.9,4.04,524.8,2026-04-23,6
Exportador_01,Estados Unidos,Rosas,4932.9,7.96,39265.88,2026-04-23,1
Exportador_01,Estados Unidos,Rosas,966.5,7.51,7258.41,2026-04-23,3
Exportador_01,Estados Unidos,Rosas,1010.2,8.7,8788.74,2026-04-23,3
Exportador_01,Estados Unidos,Rosas,1086.4,7.65,8310.96,2026-04-23,2
Exportador_02,Chile,Rosas,786.0,7.66,6020.76,2026-04-23,4
Exportador_02,Estados Unidos,Gypsophila,1484.3,5.07,7525.4,2026-04-23,3
Exportador_02,Japón,Gypsophila,940.9,6.37,5993.53,2026-04-23,7
Exportador_02,Alemania,Crisantemos,870.9,4.69,4084.52,2026-04-23,4
Exportador_04,Italia,Gypsophila,522.2,5.95,3107.09,2026-04-23,4
Exportador_06,Estados Unidos,Rosas,802.4,7.43,5961.83,2026-04-23,1
Exportador_07,España,Rosas,5662.8,8.82,49945.9,2026-04-23,3
Exportador_08,Chile,Rosas,508.0,7.62,3870.96,2026-04-23,3
Exportador_09,Estados Unidos,Claveles,352.5,4.17,1469.92,2026-04-23,2
Exportador_09,Estados Unidos,Rosas,1010.7,7.75,7832.93,2026-04-23,3
Exportador_10,Estados Unidos,Rosas,611.7,7.61,4655.04,2026-04-23,2
Exportador_12,Estados Unidos,Crisantemos,386.8,3.78,1462.1,2026-04-23,1
Exportador_12,Rusia,Claveles,596.7,3.82,2279.39,2026-04-23,7
Exportador_14,Estados Unidos,Rosas,830.9,7.61,6323.15,2026-04-23,3
Exportador_15,Estados Unidos,Gypsophila,471.5,5.13,2418.8,2026-04-23,1
Exportador_15,España,Claveles,241.8,4.74,1146.13,2026-04-23,6
Exportador_15,Italia,Rosas,1150.2,9.22,10604.84,2026-04-23,3
Exportador_01,Chile,Crisantemos,296.1,4.03,1193.28,2026-04-24,2
Exportador_01,Estados Unidos,Rosas,975.4,8.05,7851.97,2026-04-24,2
Exportador_01,Kazajistán,Rosas,912.0,7.52,6858.24,2026-04-24,7
Exportador_02,Estados Unidos,Rosas,1293.6,7.32,9469.15,2026-04-24,3
Exportador_02,Japón,Rosas,713.4,9.5,6777.3,2026-04-24,8
Exportador_02,Estados Unidos,Rosas,1091.8,7.6,8297.68,2026-04-24,2
Exportador_04,Estados Unidos,Crisantemos,895.7,3.72,3332.0,2026-04-24,2
Exportador_05,Chile,Rosas,1234.4,7.7,9504.88,2026-04-24,4
Exportador_05,Estados Unidos,Rosas,903.4,7.48,6757.43,2026-04-24,2
Exportador_07,Alemania,Flores de verano,584.3,5.46,3190.28,2026-04-24,4
Exportador_08,Japón,Claveles,769.3,6.06,4661.96,2026-04-24,7
Exportador_10,Alemania,Rosas,1552.7,8.17,12685.56,2026-04-24,5
Exportador_12,Estados Unidos,Flores de verano,1391.1,5.16,7178.08,2026-04-24,3
Exportador_12,Estados Unidos,Gypsophila,1186.3,5.24,6216.21,2026-04-24,3
Exportador_15,Rusia,Rosas,899.1,7.76,6977.02,2026-04-24,5
Exportador_15,Estados Unidos,Rosas,2241.3,8.18,18333.83,2026-04-24,2
Exportador_15,Italia,Rosas,1089.8,8.06,8783.79,2026-04-24,3
Exportador_01,Alemania,Claveles,820.4,4.95,4060.98,2026-04-25,4
Exportador_01,Estados Unidos,Hortensias,256.8,7.94,2038.99,2026-04-25,1
Exportador_01,España,Rosas,990.6,7.98,7904.99,2026-04-25,5
Exportador_01,Kazajistán,Claveles,418.4,4.74,1983.22,2026-04-25,5
Exportador_02,Alemania,Gypsophila,1527.0,6.42,9803.34,2026-04-25,3
Exportador_02,Estados Unidos,Rosas,1168.2,7.83,9147.01,2026-04-25,3
Exportador_03,Italia,Rosas,1888.5,8.55,16146.68,2026-04-25,5
Exportador_05,España,Claveles,1788.4,5.19,9281.8,2026-04-25,5
Exportador_06,Italia,Flores de verano,1895.9,5.04,9555.34,2026-04-25,5
Exportador_07,México,Rosas,1184.2,7.23,8561.77,2026-04-25,3
Exportador_10,Estados Unidos,Rosas,1736.2,8.39,14566.72,2026-04-25,2
Exportador_10,Estados Unidos,Rosas,877.8,8.49,7452.52,2026-04-25,3
Exportador_11,Estados Unidos,Flores de verano,655.8,5.43,3560.99,2026-04-25,3
Exportador_12,Estados Unidos,Rosas,881.0,8.46,7453.26,2026-04-25,3
Exportador_14,Estados Unidos,Rosas,662.8,8.04,5328.91,2026-04-25,1
Exportador_15,México,Rosas,451.6,7.25,3274.1,2026-04-25,3
Exportador_15,Estados Unidos,Rosas,666.0,8.39,5587.74,2026-04-25,1
Exportador_01,Estados Unidos,Gypsophila,730.5,5.75,4200.38,2026-04-26,2
Exportador_01,Estados Unidos,Claveles,693.9,4.59,3185.0,2026-04-26,1
Exportador_01,Alemania,Rosas,741.1,8.47,6277.12,2026-04-26,6
Exportador_01,Estados Unidos,Rosas,1778.2,8.81,15665.94,2026-04-26,3
Exportador_01,Estados Unidos,Rosas,2501.7,8.47,21189.4,2026-04-26,2
Exportador_02,España,Rosas,1855.8,8.03,14902.07,2026-04-26,5
Exportador_03,Estados Unidos,Rosas,879.3,8.6,7561.98,2026-04-26,3
Exportador_05,España,Flores de verano,312.6,5.16,1613.02,2026-04-26,3
Exportador_07,Chile,Rosas,1172.0,8.47,9926.84,2026-04-26,4
Exportador_09,Estados Unidos,Rosas,834.8,7.89,6586.57,2026-04-26,2
Exportador_10,Italia,Rosas,532.9,8.42,4487.02,2026-04-26,4
Exportador_12,Estados Unidos,Rosas,327.8,8.27,2710.91,2026-04-26,1
Exportador_13,Estados Unidos,Crisantemos,988.7,3.66,3618.64,2026-04-26,2
Exportador_14,Estados Unidos,Crisantemos,575.5,3.87,2227.18,2026-04-26,2
Exportador_01,Chile,Rosas,3282.9,7.6,24950.04,2026-04-27,2
Exportador_01,Canadá,Rosas,755.9,8.4,6349.56,2026-04-27,4
Exportador_01,Estados Unidos,Rosas,2357.6,8.15,19214.44,2026-04-27,3
Exportador_02,Estados Unidos,Rosas,4240.6,8.26,35027.36,2026-04-27,3
Exportador_02,Estados Unidos,Rosas,813.4,8.79,7149.79,2026-04-27,3
Exportador_03,Chile,Rosas,1307.3,8.16,10667.57,2026-04-27,3
Exportador_05,Estados Unidos,Rosas,507.9,8.14,4134.31,2026-04-27,1
Exportador_06,Estados Unidos,Crisantemos,658.9,4.15,2734.43,2026-04-27,2
Exportador_08,Japón,Rosas,1859.9,11.08,20607.69,2026-04-27,6
Exportador_10,Italia,Crisantemos,1383.6,3.79,5243.84,2026-04-27,6
Exportador_11,Kazajistán,Rosas,866.6,7.09,6144.19,2026-04-27,8
Exportador_14,Rusia,Rosas,672.8,7.57,5093.1,2026-04-27,4
Exportador_15,Estados Unidos,Rosas,1398.5,7.98,11160.03,2026-04-27,3
Exportador_01,Estados Unidos,Rosas,1765.5,8.26,14583.03,2026-04-28,2
Exportador_01,Estados Unidos,Rosas,2482.2,8.71,21619.96,2026-04-28,3
Exportador_01,Kazajistán,Rosas,743.2,7.45,5536.84,2026-04-28,7
Exportador_03,Canadá,Gypsophila,880.9,6.22,5479.2,2026-04-28,3
Exportador_05,España,Hortensias,553.6,8.02,4439.87,2026-04-28,5
Exportador_05,Estados Unidos,Rosas,605.3,8.26,4999.78,2026-04-28,3
Exportador_06,Estados Unidos,Rosas,280.7,7.32,2054.72,2026-04-28,3
Exportador_09,Japón,Rosas,703.5,10.38,7302.33,2026-04-28,8
Exportador_12,Estados Unidos,Gypsophila,570.4,5.36,3057.34,2026-04-28,1
Exportador_01,Chile,Hortensias,288.6,7.23,2086.58,2026-04-29,4
Exportador_01,Estados Unidos,Claveles,2697.4,4.65,12542.91,2026-04-29,3
Exportador_01,Estados Unidos,Rosas,1410.5,8.02,11312.21,2026-04-29,3
Exportador_01,Italia,Rosas,2235.0,8.05,17991.75,2026-04-29,6
Exportador_01,Estados Unidos,Rosas,478.6,7.54,3608.64,2026-04-29,2
Exportador_02,Estados Unidos,Rosas,626.4,8.54,5349.46,2026-04-29,1
Exportador_02,Japón,Rosas,1331.3,10.68,14218.28,2026-04-29,6
Exportador_02,Chile,Rosas,2114.3,7.07,14948.1,2026-04-29,3
Exportador_02,Estados Unidos,Rosas,3231.7,7.75,25045.67,2026-04-29,3
Exportador_03,Estados Unidos,Flores de verano,1165.9,4.68,5456.41,2026-04-29,2
Exportador_04,Ucrania,Rosas,539.5,6.9,3722.55,2026-04-29,5
Exportador_05,Estados Unidos,Rosas,1442.8,7.53,10864.28,2026-04-29,2
Exportador_06,Estados Unidos,Rosas,464.8,7.67,3565.02,2026-04-29,3
Exportador_08,Estados Unidos,Rosas,2600.9,7.6,19766.84,2026-04-29,3
Exportador_09,España,Rosas,1008.1,9.27,9345.09,2026-04-29,3
Exportador_09,Canadá,Rosas,771.5,9.32,7190.38,2026-04-29,3
Exportador_01,Estados Unidos,Rosas,2603.2,8.47,22049.1,2026-04-30,3
Exportador_01,Kazajistán,Flores de verano,552.8,4.74,2620.27,2026-04-30,8
Exportador_01,Estados Unidos,Rosas,1099.3,8.28,9102.2,2026-04-30,1
Exportador_01,Alemania,Rosas,5373.0,8.0,42984.0,2026-04-30,4
Exportador_03,Kazajistán,Rosas,2245.8,8.47,19021.93,2026-04-30,5
Exportador_04,Estados Unidos,Gypsophila,537.8,5.82,3130.0,2026-04-30,3
Exportador_05,Italia,Gypsophila,1007.9,5.63,5674.48,2026-04-30,6
Exportador_10,Chile,Rosas,522.9,8.41,4397.59,2026-04-30,3
Exportador_14,Rusia,Flores de verano,145.3,4.86,706.16,2026-04-30,7
Exportador_01,España,Rosas,812.0,9.02,7324.24,2026-05-01,6
Exportador_02,Estados Unidos,Rosas,1246.7,7.37,9188.18,2026-05-01,2
Exportador_05,Estados Unidos,Rosas,1381.7,7.79,10763.44,2026-05-01,2
Exportador_06,Estados Unidos,Gypsophila,335.6,5.3,1778.68,2026-05-01,3
Exportador_08,España,Rosas,1688.8,8.88,14996.54,2026-05-01,4
Exportador_10,Rusia,Rosas,1104.9,6.81,7524.37,2026-05-01,6
Exportador_10,España,Gypsophila,1316.1,5.81,7646.54,2026-05-01,6
Exportador_12,Estados Unidos,Flores de verano,455.9,4.78,2179.2,2026-05-01,3
Exportador_14,Estados Unidos,Gypsophila,692.1,5.26,3640.45,2026-05-01,3
Exportador_01,México,Gypsophila,332.6,5.1,1696.26,2026-05-02,4
Exportador_01,Estados Unidos,Rosas,635.8,8.4,5340.72,2026-05-02,1
Exportador_01,Estados Unidos,Rosas,2933.7,8.4,24643.08,2026-05-02,2
Exportador_02,Estados Unidos,Rosas,455.6,8.35,3804.26,2026-05-02,3
Exportador_02,Estados Unidos,Claveles,200.7,4.24,850.97,2026-05-02,2
Exportador_02,Italia,Crisantemos,698.2,3.93,2743.93,2026-05-02,4
Exportador_03,Chile,Claveles,437.0,4.45,1944.65,2026-05-02,2
Exportador_04,Alemania,Rosas,6193.8,9.19,56921.02,2026-05-02,3
Exportador_05,Estados Unidos,Rosas,1138.0,7.55,8591.9,2026-05-02,3
Exportador_05,México,Hortensias,696.4,7.19,5007.12,2026-05-02,3
Exportador_08,España,Rosas,845.9,7.76,6564.18,2026-05-02,4
Exportador_08,Estados Unidos,Rosas,1635.5,7.43,12151.76,2026-05-02,1
Exportador_01,Canadá,Rosas,2016.9,8.22,16578.92,2026-05-03,2
Exportador_01,Rusia,Rosas,1104.7,7.83,8649.8,2026-05-03,5
Exportador_02,Canadá,Rosas,1062.7,7.71,8193.42,2026-05-03,2
Exportador_03,Alemania,Rosas,1954.3,8.52,16650.64,2026-05-03,3
Exportador_03,Ucrania,Rosas,610.6,7.08,4323.05,2026-05-03,7
Exportador_03,Estados Unidos,Rosas,872.0,8.88,7743.36,2026-05-03,1
Exportador_05,España,Flores de verano,233.9,5.05,1181.19,2026-05-03,6
Exportador_05,Japón,Rosas,1979.5,9.53,18864.63,2026-05-03,5
Exportador_05,Kazajistán,Gypsophila,333.5,5.73,1910.96,2026-05-03,8
Exportador_06,Estados Unidos,Rosas,984.5,8.87,8732.51,2026-05-03,1
Exportador_06,Rusia,Rosas,884.2,7.99,7064.76,2026-05-03,6
Exportador_06,Japón,Claveles,1256.0,5.1,6405.6,2026-05-03,6
Exportador_07,Estados Unidos,Rosas,2144.2,7.53,16145.83,2026-05-03,3
Exportador_07,Estados Unidos,Gypsophila,840.7,6.04,5077.83,2026-05-03,3
Exportador_08,Estados Unidos,Rosas,1773.3,8.01,14204.13,2026-05-03,2
Exportador_08,Estados Unidos,Rosas,1467.1,7.58,11120.62,2026-05-03,2
Exportador_09,Estados Unidos,Claveles,1480.2,4.78,7075.36,2026-05-03,2
Exportador_10,Canadá,Claveles,160.5,5.2,834.6,2026-05-03,3
Exportador_14,Estados Unidos,Hortensias,480.8,8.23,3956.98,2026-05-03,2
Exportador_15,Estados Unidos,Rosas,814.0,8.87,7220.18,2026-05-03,3
Exportador_15,Italia,Rosas,1726.8,8.91,15385.79,2026-05-03,5
Exportador_01,Estados Unidos,Rosas,573.2,8.18,4688.78,2026-05-04,2
Exportador_01,Estados Unidos,Rosas,235.3,7.36,1731.81,2026-05-04,1
Exportador_01,Alemania,Rosas,1081.5,8.19,8857.48,2026-05-04,3
Exportador_01,Países Bajos,Rosas,1135.6,6.72,7631.23,2026-05-04,4
Exportador_01,Estados Unidos,Rosas,1241.2,7.96,9879.95,2026-05-04,2
Exportador_02,Kazajistán,Rosas,1437.5,8.32,11960.0,2026-05-04,7
Exportador_02,Estados Unidos,Rosas,600.7,8.28,4973.8,2026-05-04,1
Exportador_02,Estados Unidos,Rosas,344.5,8.82,3038.49,2026-05-04,2
Exportador_03,Estados Unidos,Rosas,1068.6,8.12,8677.03,2026-05-04,2
Exportador_03,Países Bajos,Rosas,1347.1,6.67,8985.16,2026-05-04,3
Exportador_04,España,Rosas,1235.9,9.3,11493.87,2026-05-04,3
Exportador_06,México,Rosas,783.8,7.64,5988.23,2026-05-04,2
Exportador_10,Estados Unidos,Rosas,248.3,7.33,1820.04,2026-05-04,2
Exportador_13,Estados Unidos,Gypsophila,368.0,5.98,2200.64,2026-05-04,3
Exportador_15,Italia,Rosas,793.3,7.8,6187.74,2026-05-04,6
Exportador_02,Italia,Rosas,699.0,7.99,5585.01,2026-05-05,3
Exportador_02,Chile,Rosas,700.9,7.11,4983.4,2026-05-05,4
Exportador_02,Canadá,Rosas,715.8,8.06,5769.35,2026-05-05,3
Exportador_03,Kazajistán,Rosas,602.1,7.53,4533.81,2026-05-05,9
Exportador_03,Italia,Rosas,950.2,8.32,7905.66,2026-05-05,4
Exportador_04,Alemania,Gypsophila,1566.0,6.22,9740.52,2026-05-05,6
Exportador_06,Estados Unidos,Rosas,796.0,8.11,6455.56,2026-05-05,3
Exportador_07,Canadá,Rosas,3905.5,8.02,31322.11,2026-05-05,3
Exportador_07,México,Rosas,389.2,6.96,2708.83,2026-05-05,2
Exportador_07,Estados Unidos,Rosas,858.2,7.58,6505.16,2026-05-05,2
Exportador_09,Rusia,Rosas,439.2,6.92,3039.26,2026-05-05,7
Exportador_11,Estados Unidos,Rosas,1359.5,8.39,11406.2,2026-05-05,3
Exportador_14,Estados Unidos,Gypsophila,741.1,6.03,4468.83,2026-05-05,2
Exportador_01,Estados Unidos,Gypsophila,1438.6,6.14,8833.0,2026-05-06,3
Exportador_01,Canadá,Gypsophila,363.2,5.47,1986.7,2026-05-06,2
Exportador_01,Japón,Rosas,3663.5,11.12,40738.12,2026-05-06,8
Exportador_01,España,Rosas,1858.9,8.35,15521.82,2026-05-06,5
Exportador_02,Estados Unidos,Rosas,3058.9,8.51,26031.24,2026-05-06,3
Exportador_02,Estados Unidos,Rosas,671.1,7.62,5113.78,2026-05-06,3
Exportador_02,Kazajistán,Rosas,863.1,8.22,7094.68,2026-05-06,7
Exportador_02,Países Bajos,Rosas,602.3,7.17,4318.49,2026-05-06,3
Exportador_03,Estados Unidos,Rosas,1038.1,7.64,7931.08,2026-05-06,1
Exportador_04,Estados Unidos,Rosas,1878.7,7.33,13770.87,2026-05-06,1
Exportador_06,Alemania,Rosas,965.7,9.01,8700.96,2026-05-06,4
Exportador_09,Estados Unidos,Rosas,1496.3,7.89,11805.81,2026-05-06,3
Exportador_11,Ucrania,Rosas,554.3,7.65,4240.39,2026-05-06,8
Exportador_12,Estados Unidos,Rosas,1875.8,7.69,14424.9,2026-05-06,1
Exportador_12,Estados Unidos,Rosas,1567.0,8.77,13742.59,2026-05-06,2
Exportador_12,Estados Unidos,Rosas,1115.8,8.09,9026.82,2026-05-06,3
Exportador_13,Estados Unidos,Rosas,567.8,8.72,4951.22,2026-05-06,3
Exportador_15,Estados Unidos,Rosas,1483.7,8.14,12077.32,2026-05-06,3
Exportador_01,Países Bajos,Rosas,740.1,6.77,5010.48,2026-05-07,3
Exportador_02,España,Gypsophila,350.2,6.36,2227.27,2026-05-07,3
Exportador_02,Rusia,Crisantemos,952.7,3.36,3201.07,2026-05-07,4
Exportador_02,Chile,Rosas,544.6,7.92,4313.23,2026-05-07,4
Exportador_02,Rusia,Rosas,1759.5,7.97,14023.22,2026-05-07,6
Exportador_02,Italia,Rosas,876.6,9.29,8143.61,2026-05-07,4
Exportador_04,Estados Unidos,Hortensias,642.1,6.97,4475.44,2026-05-07,3
Exportador_04,Alemania,Crisantemos,496.3,4.16,2064.61,2026-05-07,5
Exportador_04,Japón,Rosas,1232.4,10.38,12792.31,2026-05-07,7
Exportador_04,Estados Unidos,Rosas,2079.3,8.21,17071.05,2026-05-07,3
Exportador_05,Estados Unidos,Rosas,2306.3,8.39,19349.86,2026-05-07,3
Exportador_07,Rusia,Rosas,899.8,7.58,6820.48,2026-05-07,6
Exportador_07,Estados Unidos,Rosas,1572.5,8.39,13193.28,2026-05-07,1
Exportador_08,Estados Unidos,Gypsophila,322.3,5.2,1675.96,2026-05-07,2
Exportador_08,Estados Unidos,Rosas,663.3,7.44,4934.95,2026-05-07,2
Exportador_11,Rusia,Rosas,987.9,7.66,7567.31,2026-05-07,7
Exportador_13,Japón,Rosas,1409.8,10.63,14986.17,2026-05-07,5
Exportador_14,Japón,Rosas,962.0,9.19,8840.78,2026-05-07,8
Exportador_01,Estados Unidos,Rosas,899.2,8.79,7903.97,2026-05-08,3
Exportador_01,Rusia,Rosas,1618.4,7.74,12526.42,2026-05-08,5
Exportador_01,Estados Unidos,Crisantemos,337.2,3.74,1261.13,2026-05-08,2
Exportador_01,Estados Unidos,Flores de verano,784.7,4.98,3907.81,2026-05-08,2
Exportador_01,Estados Unidos,Rosas,548.3,8.0,4386.4,2026-05-08,1
Exportador_01,México,Rosas,1285.9,7.22,9284.2,2026-05-08,3
Exportador_03,Estados Unidos,Rosas,886.7,7.67,6800.99,2026-05-08,3
Exportador_04,España,Claveles,866.3,4.41,3820.38,2026-05-08,3
Exportador_05,Estados Unidos,Rosas,649.0,7.92,5140.08,2026-05-08,1
Exportador_05,Canadá,Gypsophila,944.5,5.81,5487.55,2026-05-08,2
Exportador_06,Estados Unidos,Flores de verano,447.2,5.56,2486.43,2026-05-08,3
Exportador_06,Estados Unidos,Rosas,694.1,7.37,5115.52,2026-05-08,2
Exportador_06,Italia,Rosas,362.2,7.81,2828.78,2026-05-08,4
Exportador_08,Estados Unidos,Rosas,1511.1,8.12,12270.13,2026-05-08,1
Exportador_11,Estados Unidos,Rosas,275.8,7.89,2176.06,2026-05-08,3
Exportador_15,Estados Unidos,Flores de verano,461.0,5.24,2415.64,2026-05-08,2
Exportador_03,México,Rosas,773.2,5.87,4538.68,2026-05-09,2
Exportador_03,Japón,Claveles,1236.7,4.39,5429.11,2026-05-09,5
Exportador_07,España,Rosas,751.5,6.91,5192.86,2026-05-09,3
Exportador_11,Rusia,Rosas,651.2,7.59,4942.61,2026-05-09,4
Exportador_01,Estados Unidos,Rosas,1914.5,6.5,12444.25,2026-05-10,3
Exportador_02,México,Rosas,587.3,6.15,3611.89,2026-05-10,3
Exportador_05,Japón,Rosas,674.3,8.94,6028.24,2026-05-10,5
Exportador_05,Estados Unidos,Rosas,1244.3,6.9,8585.67,2026-05-10,2
Exportador_06,España,Rosas,288.9,6.75,1950.07,2026-05-10,5
Exportador_09,Países Bajos,Rosas,2135.7,7.48,15975.04,2026-05-10,3
Exportador_09,Rusia,Claveles,838.0,4.31,3611.78,2026-05-10,6
Exportador_01,Estados Unidos,Rosas,926.1,6.47,5991.87,2026-05-11,2
Exportador_01,Estados Unidos,Rosas,871.1,7.09,6176.1,2026-05-11,3
Exportador_02,Chile,Rosas,1414.5,6.6,9335.7,2026-05-11,3
Exportador_06,Ucrania,Rosas,758.5,6.55,4968.18,2026-05-11,8
Exportador_07,Rusia,Rosas,1523.6,7.1,10817.56,2026-05-11,7
Exportador_07,Rusia,Rosas,776.2,6.77,5254.87,2026-05-11,5
Exportador_13,Estados Unidos,Hortensias,806.2,5.75,4635.65,2026-05-11,1
Exportador_15,España,Rosas,245.3,7.14,1751.44,2026-05-11,5
Exportador_01,Alemania,Gypsophila,1085.7,4.4,4777.08,2026-05-12,3
Exportador_01,Rusia,Rosas,2804.3,8.18,22939.17,2026-05-12,5
Exportador_02,Estados Unidos,Rosas,1291.3,7.09,9155.32,2026-05-12,3
Exportador_02,Estados Unidos,Claveles,220.2,3.86,849.97,2026-05-12,3
Exportador_02,España,Rosas,2701.8,6.36,17183.45,2026-05-12,6
Exportador_02,México,Flores de verano,491.7,3.68,1809.46,2026-05-12,3
Exportador_02,Rusia,Rosas,955.2,7.39,7058.93,2026-05-12,5
Exportador_03,Estados Unidos,Rosas,449.5,6.44,2894.78,2026-05-12,3
Exportador_04,Estados Unidos,Gypsophila,805.3,4.53,3648.01,2026-05-12,1
Exportador_05,Estados Unidos,Rosas,1263.6,6.23,7872.23,2026-05-12,1
Exportador_06,Rusia,Gypsophila,482.3,4.83,2329.51,2026-05-12,5
Exportador_07,Kazajistán,Rosas,2110.4,7.07,14920.53,2026-05-12,8
Exportador_07,Estados Unidos,Rosas,637.7,6.9,4400.13,2026-05-12,1
Exportador_08,Rusia,Rosas,2477.1,7.16,17736.04,2026-05-12,4
Exportador_08,Ucrania,Rosas,658.1,6.74,4435.59,2026-05-12,5
Exportador_09,Rusia,Rosas,1275.3,7.36,9386.21,2026-05-12,4
Exportador_12,Chile,Rosas,861.6,6.19,5333.3,2026-05-12,3
Exportador_02,Chile,Rosas,838.2,6.42,5381.24,2026-05-13,2
Exportador_11,Países Bajos,Rosas,676.7,6.29,4256.44,2026-05-13,6
Exportador_15,Estados Unidos,Rosas,512.5,6.48,3321.0,2026-05-13,2
Exportador_15,Alemania,Rosas,783.8,6.92,5423.9,2026-05-13,3
Exportador_01,Países Bajos,Rosas,1715.8,6.47,11101.23,2026-05-14,5
Exportador_01,Estados Unidos,Rosas,1658.1,6.55,10860.55,2026-05-14,3
Exportador_03,Estados Unidos,Rosas,1427.9,5.92,8453.17,2026-05-14,3
Exportador_04,Rusia,Rosas,701.8,7.19,5045.94,2026-05-14,4
Exportador_05,Alemania,Rosas,1400.7,7.2,10085.04,2026-05-14,4
Exportador_10,Estados Unidos,Rosas,850.3,7.08,6020.12,2026-05-14,1
Exportador_14,Italia,Gypsophila,235.2,4.78,1124.26,2026-05-14,5
Exportador_01,Rusia,Rosas,681.8,6.74,4595.33,2026-05-15,7
Exportador_02,Japón,Rosas,1131.2,7.36,8325.63,2026-05-15,6
Exportador_02,Estados Unidos,Rosas,789.4,6.65,5249.51,2026-05-15,3
Exportador_03,Estados Unidos,Crisantemos,480.2,3.39,1627.88,2026-05-15,2
Exportador_08,Ucrania,Gypsophila,319.6,4.99,1594.8,2026-05-15,7
Exportador_09,México,Rosas,527.7,5.62,2965.67,2026-05-15,2
Exportador_05,Italia,Gypsophila,583.4,4.7,2741.98,2026-05-16,4
Exportador_01,Países Bajos,Rosas,2076.2,6.28,13038.54,2026-05-17,3
Exportador_01,Estados Unidos,Rosas,549.6,6.29,3456.98,2026-05-17,2
Exportador_01,Estados Unidos,Hortensias,626.4,6.21,3889.94,2026-05-17,2
Exportador_01,Chile,Rosas,878.3,5.89,5173.19,2026-05-17,4
Exportador_03,Estados Unidos,Rosas,134.3,6.04,811.17,2026-05-17,1
Exportador_03,Canadá,Rosas,787.7,7.23,5695.07,2026-05-17,2
Exportador_03,Kazajistán,Hortensias,265.8,6.57,1746.31,2026-05-17,5
Exportador_05,Países Bajos,Rosas,504.8,6.26,3160.05,2026-05-17,4
Exportador_05,Estados Unidos,Rosas,381.6,6.14,2343.02,2026-05-17,1
Exportador_06,Italia,Rosas,1111.5,6.53,7258.1,2026-05-17,6
Exportador_12,Países Bajos,Rosas,716.5,6.28,4499.62,2026-05-17,6
Exportador_02,Italia,Rosas,679.7,7.3,4961.81,2026-05-18,4
Exportador_03,Estados Unidos,Gypsophila,564.5,4.94,2788.63,2026-05-18,3
Exportador_03,Estados Unidos,Claveles,512.1,3.89,1992.07,2026-05-18,3
Exportador_04,Rusia,Crisantemos,767.4,3.66,2808.68,2026-05-18,5
Exportador_08,Chile,Rosas,989.9,5.68,5622.63,2026-05-18,3
Exportador_09,Rusia,Rosas,302.2,7.39,2233.26,2026-05-18,7
Exportador_11,Estados Unidos,Rosas,1340.2,6.64,8898.93,2026-05-18,1
Exportador_01,Italia,Gypsophila,730.8,4.43,3237.44,2026-05-19,5
Exportador_01,Canadá,Crisantemos,586.5,3.53,2070.34,2026-05-19,3
Exportador_01,Estados Unidos,Rosas,426.9,6.48,2766.31,2026-05-19,1
Exportador_07,Chile,Rosas,755.1,6.04,4560.8,2026-05-19,4
Exportador_07,Estados Unidos,Rosas,1647.2,6.6,10871.52,2026-05-19,3
Exportador_09,Estados Unidos,Rosas,801.2,5.95,4767.14,2026-05-19,1
Exportador_12,España,Hortensias,273.2,6.74,1841.37,2026-05-19,6
Exportador_01,Estados Unidos,Rosas,807.9,6.02,4863.56,2026-05-20,3
Exportador_02,Estados Unidos,Rosas,1589.3,6.78,10775.45,2026-05-20,2
Exportador_03,Estados Unidos,Rosas,704.7,6.19,4362.09,2026-05-20,2
Exportador_06,Estados Unidos,Claveles,441.8,3.88,1714.18,2026-05-20,1
Exportador_09,Estados Unidos,Hortensias,331.8,5.42,1798.36,2026-05-20,3
Exportador_01,Estados Unidos,Rosas,1132.3,6.09,6895.71,2026-05-21,3
Exportador_01,Estados Unidos,Rosas,617.6,5.96,3680.9,2026-05-21,3
Exportador_01,España,Rosas,824.3,6.71,5531.05,2026-05-21,4
Exportador_01,Kazajistán,Rosas,1117.1,7.54,8422.93,2026-05-21,7
Exportador_03,Estados Unidos,Rosas,1899.2,7.05,13389.36,2026-05-21,3
Exportador_05,Estados Unidos,Rosas,713.6,6.19,4417.18,2026-05-21,3
Exportador_09,México,Claveles,489.8,3.68,1802.46,2026-05-21,2
Exportador_10,Rusia,Rosas,697.6,7.02,4897.15,2026-05-21,5
Exportador_01,Kazajistán,Rosas,1053.2,7.48,7877.94,2026-05-22,9
Exportador_01,Estados Unidos,Rosas,547.7,6.22,3406.69,2026-05-22,2
Exportador_03,Italia,Rosas,1122.6,6.25,7016.25,2026-05-22,4
Exportador_03,Países Bajos,Rosas,704.4,7.18,5057.59,2026-05-22,4
Exportador_04,Estados Unidos,Rosas,1313.3,6.71,8812.24,2026-05-22,2
Exportador_04,Estados Unidos,Rosas,1388.3,6.47,8982.3,2026-05-22,2
Exportador_07,Rusia,Claveles,634.1,3.93,2492.01,2026-05-22,4
Exportador_10,Chile,Rosas,893.4,6.62,5914.31,2026-05-22,4
Exportador_01,Países Bajos,Rosas,844.5,7.11,6004.4,2026-05-23,5
Exportador_01,Países Bajos,Flores de verano,125.7,4.11,516.63,2026-05-23,6
Exportador_01,Japón,Rosas,1588.6,8.44,13407.78,2026-05-23,6
Exportador_01,Rusia,Rosas,266.5,7.55,2012.08,2026-05-23,7
Exportador_03,Estados Unidos,Gypsophila,935.0,4.66,4357.1,2026-05-23,2
Exportador_05,Rusia,Rosas,867.5,7.88,6835.9,2026-05-23,4
Exportador_08,Países Bajos,Rosas,1549.3,7.38,11433.83,2026-05-23,5
Exportador_13,Países Bajos,Rosas,324.4,6.46,2095.62,2026-05-23,6
Exportador_14,Estados Unidos,Rosas,509.9,6.34,3232.77,2026-05-23,1
Exportador_01,Canadá,Rosas,1317.3,7.08,9326.48,2026-05-24,4
Exportador_02,Rusia,Rosas,1470.8,7.58,11148.66,2026-05-24,4
Exportador_04,Rusia,Rosas,547.3,6.99,3825.63,2026-05-24,6
Exportador_08,Países Bajos,Rosas,435.2,7.12,3098.62,2026-05-24,4
Exportador_01,Rusia,Rosas,2614.8,6.81,17806.79,2026-05-25,5
Exportador_01,Estados Unidos,Flores de verano,413.7,4.42,1828.55,2026-05-25,3
Exportador_02,Ucrania,Gypsophila,370.0,4.83,1787.1,2026-05-25,4
Exportador_03,Estados Unidos,Rosas,441.7,6.09,2689.95,2026-05-25,1
Exportador_03,México,Rosas,965.6,5.94,5735.66,2026-05-25,4
Exportador_03,Estados Unidos,Rosas,696.6,6.18,4304.99,2026-05-25,3
Exportador_06,Alemania,Rosas,1682.4,7.32,12315.17,2026-05-25,6
Exportador_07,Estados Unidos,Hortensias,444.1,5.67,2518.05,2026-05-25,2
Exportador_01,Kazajistán,Rosas,300.0,8.58,2574.0,2026-05-26,9
Exportador_01,Estados Unidos,Rosas,637.8,6.24,3979.87,2026-05-26,3
Exportador_02,Kazajistán,Rosas,2431.2,7.05,17139.96,2026-05-26,7
Exportador_05,Estados Unidos,Rosas,1519.9,6.63,10076.94,2026-05-26,2
Exportador_07,Chile,Gypsophila,1232.1,4.53,5581.41,2026-05-26,2
Exportador_11,Alemania,Flores de verano,400.8,4.8,1923.84,2026-05-26,4
Exportador_11,Estados Unidos,Rosas,981.3,7.08,6947.6,2026-05-26,3
Exportador_13,México,Hortensias,204.8,5.52,1130.5,2026-05-26,3
Exportador_01,México,Rosas,1042.3,6.68,6962.56,2026-05-27,2
Exportador_02,Países Bajos,Rosas,257.9,7.36,1898.14,2026-05-27,4
Exportador_02,Estados Unidos,Rosas,393.1,6.18,2429.36,2026-05-27,3
Exportador_02,Kazajistán,Flores de verano,731.5,5.24,3833.06,2026-05-27,7
Exportador_03,Estados Unidos,Crisantemos,209.4,3.43,718.24,2026-05-27,3
Exportador_04,Estados Unidos,Rosas,894.5,6.77,6055.76,2026-05-27,2
Exportador_09,Chile,Rosas,1241.8,6.05,7512.89,2026-05-27,4
Exportador_14,Canadá,Rosas,462.9,6.48,2999.59,2026-05-27,3
Exportador_01,Kazajistán,Rosas,3124.5,7.6,23746.2,2026-05-28,7
Exportador_01,Estados Unidos,Rosas,1063.0,6.61,7026.43,2026-05-28,3
Exportador_01,Chile,Rosas,424.8,6.33,2688.98,2026-05-28,4
Exportador_01,Ucrania,Rosas,1288.8,7.02,9047.38,2026-05-28,8
Exportador_01,Estados Unidos,Hortensias,528.8,5.42,2866.1,2026-05-28,2
Exportador_04,Rusia,Rosas,559.9,7.31,4092.87,2026-05-28,4
Exportador_09,Rusia,Rosas,1519.4,8.13,12352.72,2026-05-28,7
Exportador_12,Canadá,Gypsophila,689.8,4.34,2993.73,2026-05-28,4
Exportador_01,Rusia,Flores de verano,253.6,4.56,1156.42,2026-05-29,7
Exportador_03,Estados Unidos,Gypsophila,841.1,4.39,3692.43,2026-05-29,1
Exportador_03,Estados Unidos,Gypsophila,335.5,4.41,1479.56,2026-05-29,3
Exportador_03,Estados Unidos,Hortensias,302.1,6.37,1924.38,2026-05-29,2
Exportador_08,Estados Unidos,Gypsophila,584.2,4.61,2693.16,2026-05-29,1
Exportador_08,Chile,Rosas,725.7,5.83,4230.83,2026-05-29,3
Exportador_01,Rusia,Rosas,826.4,8.1,6693.84,2026-05-30,6
Exportador_01,Italia,Flores de verano,235.8,4.05,954.99,2026-05-30,6
Exportador_02,Estados Unidos,Rosas,496.8,6.94,3447.79,2026-05-30,1
Exportador_03,Rusia,Flores de verano,506.4,4.96,2511.74,2026-05-30,6
Exportador_04,Estados Unidos,Rosas,764.8,6.51,4978.85,2026-05-30,2
Exportador_10,Estados Unidos,Rosas,987.1,6.01,5932.47,2026-05-30,1
Exportador_01,Estados Unidos,Rosas,968.6,6.08,5889.09,2026-05-31,1
Exportador_02,Estados Unidos,Rosas,607.2,6.9,4189.68,2026-05-31,3
Exportador_03,Chile,Rosas,283.6,6.09,1727.12,2026-05-31,4
Exportador_04,Estados Unidos,Flores de verano,419.0,4.32,1810.08,2026-05-31,2
Exportador_04,Rusia,Rosas,1412.8,7.15,10101.52,2026-05-31,4
Exportador_05,Estados Unidos,Hortensias,154.3,5.94,916.54,2026-05-31,2
Exportador_07,Estados Unidos,Rosas,457.2,6.19,2830.07,2026-05-31,3
Exportador_07,Estados Unidos,Rosas,567.0,6.03,3419.01,2026-05-31,1
Exportador_08,Alemania,Rosas,1969.9,6.48,12764.95,2026-05-31,5
Exportador_01,Países Bajos,Rosas,935.1,6.58,6152.96,2026-06-01,5
Exportador_02,Estados Unidos,Gypsophila,211.8,4.39,929.8,2026-06-01,3
Exportador_02,Italia,Claveles,586.3,3.56,2087.23,2026-06-01,5
Exportador_03,Japón,Rosas,601.4,8.63,5190.08,2026-06-01,7
Exportador_05,Estados Unidos,Claveles,731.9,3.92,2869.05,2026-06-01,1
Exportador_08,Canadá,Claveles,307.7,3.74,1150.8,2026-06-01,4
Exportador_12,Estados Unidos,Rosas,847.4,6.76,5728.42,2026-06-01,2
Exportador_01,Estados Unidos,Rosas,2180.9,6.74,14699.27,2026-06-02,1
Exportador_01,Estados Unidos,Rosas,793.7,6.88,5460.66,2026-06-02,2
Exportador_01,Italia,Rosas,789.9,6.37,5031.66,2026-06-02,3
Exportador_03,Estados Unidos,Rosas,1137.4,5.88,6687.91,2026-06-02,2
Exportador_03,Estados Unidos,Rosas,745.3,7.02,5232.01,2026-06-02,2
Exportador_05,Rusia,Claveles,538.3,4.19,2255.48,2026-06-02,6
Exportador_14,Japón,Rosas,827.5,7.86,6504.15,2026-06-02,7
Exportador_02,Estados Unidos,Rosas,996.2,5.93,5907.47,2026-06-03,1
Exportador_05,Rusia,Rosas,870.0,7.21,6272.7,2026-06-03,4
Exportador_05,Estados Unidos,Claveles,559.9,3.47,1942.85,2026-06-03,3
Exportador_08,México,Claveles,324.6,3.3,1071.18,2026-06-03,3
Exportador_10,Estados Unidos,Rosas,732.8,6.89,5048.99,2026-06-03,1
Exportador_12,Estados Unidos,Rosas,2173.6,7.07,15367.35,2026-06-03,3
Exportador_01,Estados Unidos,Rosas,503.8,6.93,3491.33,2026-06-04,2
Exportador_02,México,Rosas,694.0,5.68,3941.92,2026-06-04,3
Exportador_03,Estados Unidos,Rosas,546.4,6.32,3453.25,2026-06-04,2
Exportador_03,Kazajistán,Rosas,1201.0,7.36,8839.36,2026-06-04,9
Exportador_01,Italia,Claveles,646.2,3.74,2416.79,2026-06-05,4
Exportador_04,México,Rosas,618.3,5.67,3505.76,2026-06-05,3
Exportador_07,Rusia,Gypsophila,321.8,4.68,1506.02,2026-06-05,6
Exportador_08,Canadá,Flores de verano,153.5,4.25,652.38,2026-06-05,2
Exportador_01,Rusia,Rosas,1085.4,7.48,8118.79,2026-06-06,5
Exportador_01,Estados Unidos,Rosas,746.7,7.07,5279.17,2026-06-06,3
Exportador_03,Estados Unidos,Rosas,576.3,6.27,3613.4,2026-06-06,1
Exportador_14,Estados Unidos,Rosas,435.8,6.29,2741.18,2026-06-06,2
Exportador_01,Estados Unidos,Rosas,2320.1,7.09,16449.51,2026-06-07,1
Exportador_02,Japón,Rosas,678.3,8.07,5473.88,2026-06-07,7
Exportador_03,Estados Unidos,Crisantemos,283.5,3.41,966.74,2026-06-07,1
Exportador_05,Chile,Rosas,1012.5,6.61,6692.62,2026-06-07,3
Exportador_06,Alemania,Rosas,672.9,7.17,4824.69,2026-06-07,3
Exportador_07,Rusia,Rosas,875.8,7.81,6840.0,2026-06-07,6
Exportador_01,Rusia,Rosas,734.2,7.97,5851.57,2026-06-08,7
Exportador_02,Rusia,Rosas,1160.9,7.05,8184.35,2026-06-08,5
Exportador_03,Chile,Gypsophila,340.9,4.67,1592.0,2026-06-08,3
Exportador_03,Chile,Rosas,1127.2,5.81,6549.03,2026-06-08,2
Exportador_07,Italia,Rosas,736.9,6.46,4760.37,2026-06-08,3
Exportador_08,España,Rosas,1737.4,6.81,11831.69,2026-06-08,3
Exportador_01,Kazajistán,Gypsophila,524.9,4.89,2566.76,2026-06-09,5
Exportador_03,Países Bajos,Gypsophila,1301.7,5.18,6742.81,2026-06-09,6
Exportador_04,Estados Unidos,Claveles,528.3,3.85,2033.95,2026-06-09,2
Exportador_04,Países Bajos,Rosas,1725.9,7.42,12806.18,2026-06-09,5
Exportador_09,Rusia,Rosas,634.4,7.62,4834.13,2026-06-09,4
Exportador_14,Estados Unidos,Rosas,267.6,6.68,1787.57,2026-06-09,1
Exportador_02,Chile,Crisantemos,398.3,3.33,1326.34,2026-06-10,3
Exportador_03,Kazajistán,Rosas,947.8,7.61,7212.76,2026-06-10,8
Exportador_04,España,Rosas,411.3,7.23,2973.7,2026-06-10,3
Exportador_08,Estados Unidos,Rosas,635.0,6.1,3873.5,2026-06-10,1
Exportador_01,Japón,Gypsophila,494.9,5.5,2721.95,2026-06-11,6
Exportador_01,Chile,Rosas,1111.1,6.07,6744.38,2026-06-11,3
Exportador_01,Canadá,Rosas,890.6,6.66,5931.4,2026-06-11,2
Exportador_01,Rusia,Gypsophila,876.5,4.98,4364.97,2026-06-11,7
Exportador_01,Estados Unidos,Rosas,835.0,6.09,5085.15,2026-06-11,3
Exportador_03,Kazajistán,Flores de verano,288.6,4.67,1347.76,2026-06-11,5
Exportador_04,Canadá,Claveles,1032.1,3.96,4087.12,2026-06-11,3
Exportador_08,Chile,Crisantemos,220.6,3.29,725.77,2026-06-11,2
Exportador_01,Estados Unidos,Rosas,1723.8,6.26,10790.99,2026-06-12,1
Exportador_02,Italia,Rosas,2390.7,7.41,17715.09,2026-06-12,6
Exportador_03,Estados Unidos,Rosas,379.2,6.15,2332.08,2026-06-12,1
Exportador_02,Estados Unidos,Rosas,485.1,6.07,2944.56,2026-06-13,2
Exportador_04,Rusia,Rosas,882.3,8.17,7208.39,2026-06-13,4
Exportador_04,Estados Unidos,Rosas,975.3,6.76,6593.03,2026-06-13,2
Exportador_04,Japón,Gypsophila,959.8,5.65,5422.87,2026-06-13,5
Exportador_05,Italia,Hortensias,163.3,6.79,1108.81,2026-06-13,6
Exportador_06,Canadá,Crisantemos,613.5,3.68,2257.68,2026-06-13,2
Exportador_13,Estados Unidos,Rosas,1794.0,6.34,11373.96,2026-06-13,1
Exportador_01,Estados Unidos,Rosas,859.1,6.01,5163.19,2026-06-14,3
Exportador_01,Estados Unidos,Hortensias,117.1,6.21,727.19,2026-06-14,1
Exportador_03,Canadá,Rosas,1020.5,7.2,7347.6,2026-06-14,3
Exportador_03,Estados Unidos,Flores de verano,207.7,4.42,918.03,2026-06-14,2
Exportador_05,Chile,Claveles,473.9,3.47,1644.43,2026-06-14,4
Exportador_07,Estados Unidos,Rosas,1716.7,6.75,11587.73,2026-06-14,1
Exportador_08,Estados Unidos,Hortensias,153.2,6.09,932.99,2026-06-14,3
Exportador_10,Kazajistán,Rosas,446.1,8.02,3577.72,2026-06-14,9
Exportador_13,Rusia,Rosas,843.2,7.79,6568.53,2026-06-14,5
Exportador_01,Estados Unidos,Rosas,472.9,6.23,2946.17,2026-06-15,1
Exportador_04,México,Rosas,703.4,6.0,4220.4,2026-06-15,2
Exportador_07,Canadá,Rosas,1014.3,6.32,6410.38,2026-06-15,2
Exportador_02,Estados Unidos,Rosas,783.5,7.1,5562.85,2026-06-16,1
Exportador_06,Estados Unidos,Rosas,996.1,6.99,6962.74,2026-06-16,3
Exportador_07,Rusia,Flores de verano,759.1,4.31,3271.72,2026-06-16,7
Exportador_09,México,Rosas,623.2,6.19,3857.61,2026-06-16,3
Exportador_13,Estados Unidos,Rosas,836.3,7.05,5895.91,2026-06-16,2
Exportador_01,Estados Unidos,Rosas,1530.2,7.05,10787.91,2026-06-17,2
Exportador_01,Estados Unidos,Rosas,453.3,6.62,3000.85,2026-06-17,3
Exportador_03,Rusia,Rosas,514.8,7.5,3861.0,2026-06-17,7
Exportador_04,Japón,Rosas,2126.1,8.84,18794.72,2026-06-17,7
Exportador_06,Chile,Flores de verano,258.2,4.21,1087.02,2026-06-17,4
Exportador_02,Rusia,Rosas,1553.9,7.94,12337.97,2026-06-18,4
Exportador_02,Estados Unidos,Rosas,557.9,6.83,3810.46,2026-06-18,1
Exportador_04,Estados Unidos,Crisantemos,563.7,3.05,1719.29,2026-06-18,1
Exportador_10,Estados Unidos,Rosas,188.6,6.52,1229.67,2026-06-18,2
Exportador_11,Italia,Gypsophila,310.6,4.83,1500.2,2026-06-18,3
Exportador_11,Estados Unidos,Rosas,920.4,6.68,6148.27,2026-06-18,2
Exportador_14,Países Bajos,Claveles,447.5,3.44,1539.4,2026-06-18,3
Exportador_01,Alemania,Crisantemos,256.0,3.74,957.44,2026-06-19,5
Exportador_02,Estados Unidos,Flores de verano,151.3,4.4,665.72,2026-06-19,2
Exportador_03,Rusia,Rosas,404.6,7.53,3046.64,2026-06-19,4
Exportador_05,Rusia,Rosas,606.8,7.99,4848.33,2026-06-19,4
Exportador_07,Estados Unidos,Rosas,418.3,6.4,2677.12,2026-06-19,3
Exportador_07,Estados Unidos,Flores de verano,414.7,4.19,1737.59,2026-06-19,2
Exportador_07,Canadá,Claveles,290.9,3.6,1047.24,2026-06-19,4
Exportador_01,España,Rosas,1057.5,6.38,6746.85,2026-06-20,3
Exportador_01,Rusia,Rosas,431.9,6.96,3006.02,2026-06-20,4
Exportador_01,Rusia,Rosas,607.9,8.04,4887.52,2026-06-20,5
Exportador_01,Chile,Gypsophila,1157.6,4.47,5174.47,2026-06-20,4
Exportador_02,Kazajistán,Claveles,430.9,4.37,1883.03,2026-06-20,7
Exportador_05,Chile,Gypsophila,459.0,4.45,2042.55,2026-06-20,4
Exportador_06,España,Rosas,376.8,7.25,2731.8,2026-06-20,4
Exportador_11,Ucrania,Rosas,1055.3,6.47,6827.79,2026-06-20,4
Exportador_11,Estados Unidos,Gypsophila,275.3,4.2,1156.26,2026-06-20,3
Exportador_01,México,Rosas,598.8,6.11,3658.67,2026-06-21,2
Exportador_01,Países Bajos,Gypsophila,825.9,4.34,3584.41,2026-06-21,3
Exportador_02,España,Rosas,700.8,6.93,4856.54,2026-06-21,4
Exportador_09,Rusia,Crisantemos,834.6,3.97,3313.36,2026-06-21,6
Exportador_01,Países Bajos,Rosas,2059.3,6.82,14044.43,2026-06-22,6
Exportador_01,Países Bajos,Rosas,531.2,6.17,3277.5,2026-06-22,4
Exportador_01,Rusia,Gypsophila,606.1,5.13,3109.29,2026-06-22,5
Exportador_03,Estados Unidos,Rosas,1579.4,6.95,10976.83,2026-06-22,1
Exportador_07,Estados Unidos,Rosas,502.0,6.98,3503.96,2026-06-22,1
Exportador_01,Rusia,Rosas,429.7,7.03,3020.79,2026-06-23,7
Exportador_01,Canadá,Rosas,490.4,6.6,3236.64,2026-06-23,4
Exportador_01,Kazajistán,Flores de verano,861.6,5.39,4644.02,2026-06-23,5
Exportador_04,Italia,Rosas,935.4,6.24,5836.9,2026-06-23,3
Exportador_07,Rusia,Rosas,799.3,6.74,5387.28,2026-06-23,6
Exportador_10,Países Bajos,Rosas,1085.7,7.26,7882.18,2026-06-23,6
Exportador_15,Kazajistán,Rosas,844.4,8.27,6983.19,2026-06-23,6
Exportador_01,Rusia,Rosas,1182.6,7.82,9247.93,2026-06-24,7
Exportador_01,Estados Unidos,Rosas,823.4,6.95,5722.63,2026-06-24,3
Exportador_02,Estados Unidos,Rosas,1545.3,6.58,10168.07,2026-06-24,2
Exportador_07,Chile,Hortensias,179.9,5.63,1012.84,2026-06-24,2
Exportador_12,Estados Unidos,Crisantemos,286.9,3.35,961.11,2026-06-24,1
Exportador_02,México,Rosas,2023.6,5.63,11392.87,2026-06-25,3
Exportador_05,España,Gypsophila,316.9,4.84,1533.8,2026-06-25,3
Exportador_05,Rusia,Rosas,528.1,7.43,3923.78,2026-06-25,5
Exportador_05,México,Flores de verano,275.2,3.82,1051.26,2026-06-25,2
Exportador_08,Estados Unidos,Rosas,1773.7,6.98,12380.43,2026-06-25,2
Exportador_09,Estados Unidos,Gypsophila,554.9,4.52,2508.15,2026-06-25,2
Exportador_10,Estados Unidos,Rosas,474.9,6.65,3158.09,2026-06-25,2
Exportador_01,Estados Unidos,Claveles,634.4,3.88,2461.47,2026-06-26,1
Exportador_04,Estados Unidos,Rosas,275.6,6.21,1711.48,2026-06-26,1
Exportador_13,Estados Unidos,Rosas,963.6,7.04,6783.74,2026-06-26,3
Exportador_13,Kazajistán,Hortensias,196.3,6.96,1366.25,2026-06-26,8
Exportador_14,Estados Unidos,Flores de verano,190.4,3.79,721.62,2026-06-26,1
Exportador_02,Estados Unidos,Rosas,383.9,6.66,2556.77,2026-06-27,2
Exportador_03,Estados Unidos,Gypsophila,495.9,4.91,2434.87,2026-06-27,1
Exportador_09,Estados Unidos,Rosas,531.2,6.41,3404.99,2026-06-27,3
Exportador_09,Países Bajos,Rosas,1113.8,6.56,7306.53,2026-06-27,6
Exportador_10,Italia,Rosas,1224.4,6.37,7799.43,2026-06-27,5
Exportador_09,Italia,Gypsophila,345.1,4.56,1573.66,2026-06-28,4
Exportador_11,Estados Unidos,Rosas,832.3,6.2,5160.26,2026-06-28,2
Exportador_15,Estados Unidos,Rosas,379.4,6.04,2291.58,2026-06-28,1
Exportador_01,Estados Unidos,Gypsophila,434.8,4.24,1843.55,2026-06-29,3
Exportador_02,Estados Unidos,Rosas,575.7,6.17,3552.07,2026-06-29,3
Exportador_02,Estados Unidos,Rosas,1635.0,6.23,10186.05,2026-06-29,1
Exportador_05,Alemania,Rosas,857.1,6.64,5691.14,2026-06-29,4
Exportador_09,Kazajistán,Rosas,813.4,8.44,6865.1,2026-06-29,8
Exportador_13,Países Bajos,Gypsophila,715.9,5.03,3600.98,2026-06-29,5
Exportador_04,México,Rosas,772.6,5.65,4365.19,2026-06-30,4
Exportador_09,Estados Unidos,Rosas,985.4,6.75,6651.45,2026-06-30,2
Exportador_10,Kazajistán,Rosas,2039.7,8.05,16419.59,2026-06-30,8
Exportador_12,Rusia,Rosas,885.3,7.68,6799.1,2026-06-30,6
Exportador_01,Kazajistán,Rosas,1073.4,8.09,8683.81,2026-07-01,6
Exportador_02,Canadá,Rosas,479.4,7.45,3571.53,2026-07-01,2
Exportador_03,Países Bajos,Rosas,498.0,7.34,3655.32,2026-07-01,3
Exportador_03,Estados Unidos,Rosas,1858.4,5.95,11057.48,2026-07-01,3
Exportador_05,Países Bajos,Crisantemos,853.1,3.13,2670.2,2026-07-01,5
Exportador_09,Ucrania,Claveles,148.9,3.88,577.73,2026-07-02,4
Exportador_09,Estados Unidos,Flores de verano,315.3,4.23,1333.72,2026-07-02,1
Exportador_10,Chile,Gypsophila,589.1,4.22,2486.0,2026-07-02,2
Exportador_13,Japón,Hortensias,231.8,6.87,1592.47,2026-07-02,7
Exportador_15,Estados Unidos,Rosas,939.1,6.11,5737.9,2026-07-02,2
Exportador_01,Países Bajos,Rosas,422.7,6.89,2912.4,2026-07-03,6
Exportador_01,Chile,Rosas,1451.5,5.65,8200.98,2026-07-03,3
Exportador_01,Kazajistán,Rosas,1094.5,8.02,8777.89,2026-07-03,8
Exportador_04,Estados Unidos,Claveles,410.2,3.51,1439.8,2026-07-03,1
Exportador_05,Alemania,Rosas,441.0,6.76,2981.16,2026-07-03,5
Exportador_03,Kazajistán,Rosas,1089.0,7.56,8232.84,2026-07-04,6
Exportador_03,Estados Unidos,Claveles,231.9,3.83,888.18,2026-07-04,3
Exportador_09,Países Bajos,Rosas,2518.4,6.4,16117.76,2026-07-04,4
Exportador_13,Estados Unidos,Rosas,1235.2,6.68,8251.14,2026-07-04,2
Exportador_02,Estados Unidos,Rosas,1813.6,6.58,11933.49,2026-07-05,2
Exportador_03,Países Bajos,Claveles,340.5,3.76,1280.28,2026-07-05,5
Exportador_04,Canadá,Rosas,1027.6,6.15,6319.74,2026-07-05,4
Exportador_11,Estados Unidos,Rosas,791.7,6.82,5399.39,2026-07-05,1
Exportador_03,Rusia,Rosas,1338.9,6.74,9024.19,2026-07-06,7
Exportador_04,Estados Unidos,Claveles,234.8,3.89,913.37,2026-07-06,3
Exportador_07,Estados Unidos,Rosas,490.8,7.08,3474.86,2026-07-06,3
Exportador_03,Chile,Rosas,2634.8,6.47,17047.16,2026-07-07,3
Exportador_05,Chile,Rosas,468.5,6.3,2951.55,2026-07-07,3
Exportador_05,Estados Unidos,Rosas,901.4,6.94,6255.72,2026-07-07,2
Exportador_10,Estados Unidos,Rosas,502.6,6.16,3096.02,2026-07-07,3
Exportador_01,Estados Unidos,Rosas,1371.9,6.13,8409.75,2026-07-08,2
Exportador_01,Rusia,Rosas,437.0,8.07,3526.59,2026-07-08,6
Exportador_03,Estados Unidos,Gypsophila,414.2,4.09,1694.08,2026-07-08,2
Exportador_07,Estados Unidos,Gypsophila,390.2,4.89,1908.08,2026-07-08,2
Exportador_09,Estados Unidos,Rosas,1779.3,6.88,12241.58,2026-07-08,2
Exportador_02,Estados Unidos,Gypsophila,569.0,4.41,2509.29,2026-07-09,3
Exportador_02,Italia,Rosas,898.6,7.27,6532.82,2026-07-09,5
Exportador_02,Ucrania,Rosas,852.2,7.27,6195.49,2026-07-09,5
Exportador_09,Países Bajos,Flores de verano,646.5,4.06,2624.79,2026-07-09,6
Exportador_03,Estados Unidos,Rosas,617.6,6.85,4230.56,2026-07-10,1
Exportador_11,Canadá,Rosas,904.3,6.66,6022.64,2026-07-10,3
Exportador_01,Rusia,Rosas,602.3,7.27,4378.72,2026-07-11,4
Exportador_08,España,Rosas,651.8,7.3,4758.14,2026-07-11,5
Exportador_02,Países Bajos,Rosas,410.4,7.21,2958.98,2026-07-12,4
Exportador_02,Estados Unidos,Rosas,3257.6,5.93,19317.57,2026-07-12,2
Exportador_02,Países Bajos,Rosas,499.3,6.42,3205.51,2026-07-12,6
Exportador_07,Estados Unidos,Crisantemos,796.4,3.19,2540.52,2026-07-12,2
Exportador_08,Alemania,Rosas,960.4,7.51,7212.6,2026-07-12,3
Exportador_11,Italia,Rosas,1236.7,7.48,9250.52,2026-07-12,5
Exportador_13,Estados Unidos,Rosas,482.6,7.1,3426.46,2026-07-12,2
Exportador_01,Japón,Rosas,924.4,8.25,7626.3,2026-07-13,6
Exportador_01,Estados Unidos,Rosas,579.0,6.16,3566.64,2026-07-13,2
Exportador_03,Chile,Claveles,440.1,3.2,1408.32,2026-07-13,3
Exportador_03,Países Bajos,Rosas,750.5,7.29,5471.15,2026-07-13,5
Exportador_05,España,Flores de verano,191.9,4.41,846.28,2026-07-13,6
Exportador_12,Rusia,Crisantemos,622.2,3.4,2115.48,2026-07-13,4
Exportador_14,Estados Unidos,Rosas,959.0,6.77,6492.43,2026-07-13,1
Exportador_01,Chile,Rosas,674.5,6.17,4161.66,2026-07-14,3
Exportador_02,Rusia,Rosas,782.3,7.51,5875.07,2026-07-14,5
Exportador_02,Rusia,Rosas,694.5,6.89,4785.1,2026-07-14,7
Exportador_03,Kazajistán,Gypsophila,994.0,5.2,5168.8,2026-07-14,9
Exportador_03,Rusia,Gypsophila,1028.1,5.66,5819.05,2026-07-14,6
Exportador_04,Canadá,Rosas,1046.3,6.82,7135.77,2026-07-14,4
Exportador_08,Estados Unidos,Gypsophila,1278.3,4.73,6046.36,2026-07-14,2
Exportador_09,México,Rosas,2321.9,6.57,15254.88,2026-07-14,4
Exportador_13,Italia,Rosas,506.0,7.09,3587.54,2026-07-14,5
Exportador_02,Japón,Rosas,622.6,8.7,5416.62,2026-07-15,5
Exportador_07,Japón,Rosas,1830.9,8.13,14885.22,2026-07-15,7
Exportador_08,Estados Unidos,Rosas,1220.1,7.07,8626.11,2026-07-15,2
Exportador_11,Italia,Rosas,3694.4,7.39,27301.62,2026-07-15,3
Exportador_11,Japón,Rosas,1118.8,8.47,9476.24,2026-07-15,6
Exportador_08,Estados Unidos,Gypsophila,357.6,4.89,1748.66,2026-07-16,1
Exportador_01,Alemania,Rosas,532.0,7.63,4059.16,2026-07-17,6
Exportador_03,Ucrania,Claveles,355.2,3.91,1388.83,2026-07-17,5
Exportador_08,Kazajistán,Rosas,794.8,7.7,6119.96,2026-07-17,5
Exportador_11,Ucrania,Rosas,1349.1,7.23,9753.99,2026-07-17,6
Exportador_15,Ucrania,Gypsophila,519.5,4.92,2555.94,2026-07-17,6
Exportador_01,Estados Unidos,Rosas,1121.5,5.85,6560.77,2026-07-18,1
Exportador_01,Estados Unidos,Rosas,638.2,6.58,4199.36,2026-07-18,2
Exportador_03,Estados Unidos,Gypsophila,900.8,4.15,3738.32,2026-07-18,2
Exportador_05,Estados Unidos,Rosas,1031.1,6.93,7145.52,2026-07-18,3
Exportador_01,Estados Unidos,Hortensias,200.8,6.28,1261.02,2026-07-19,2
Exportador_09,Estados Unidos,Rosas,743.6,6.7,4982.12,2026-07-19,1
Exportador_09,Canadá,Claveles,225.5,3.87,872.69,2026-07-19,4
Exportador_02,Italia,Rosas,496.1,7.46,3700.91,2026-07-20,5
Exportador_05,Estados Unidos,Rosas,1404.4,6.75,9479.7,2026-07-20,3
Exportador_05,España,Rosas,763.1,6.69,5105.14,2026-07-20,5
Exportador_08,España,Crisantemos,315.0,3.63,1143.45,2026-07-20,4
Exportador_11,Países Bajos,Rosas,509.1,6.96,3543.34,2026-07-20,4
Exportador_11,Japón,Rosas,399.0,8.22,3279.78,2026-07-20,7
Exportador_01,Japón,Rosas,1033.3,8.43,8710.72,2026-07-21,5
Exportador_02,Rusia,Rosas,767.9,6.77,5198.68,2026-07-21,7
Exportador_02,Estados Unidos,Flores de verano,474.7,4.18,1984.25,2026-07-21,1
Exportador_05,Rusia,Claveles,326.2,4.01,1308.06,2026-07-21,6
Exportador_11,Estados Unidos,Rosas,1286.9,6.17,7940.17,2026-07-21,2
Exportador_11,Alemania,Rosas,416.0,7.53,3132.48,2026-07-21,4
Exportador_12,Kazajistán,Rosas,342.1,7.48,2558.91,2026-07-21,6
Exportador_13,México,Rosas,497.4,6.35,3158.49,2026-07-21,2
Exportador_15,Canadá,Rosas,619.2,6.75,4179.6,2026-07-21,3
Exportador_01,Italia,Rosas,713.8,7.44,5310.67,2026-07-22,6
Exportador_01,Rusia,Rosas,1108.7,7.45,8259.82,2026-07-22,6
Exportador_02,Rusia,Gypsophila,482.0,5.15,2482.3,2026-07-22,4
Exportador_02,Estados Unidos,Rosas,796.1,6.69,5325.91,2026-07-22,2
Exportador_04,Canadá,Rosas,1216.3,6.59,8015.42,2026-07-22,4
Exportador_07,Estados Unidos,Gypsophila,511.0,4.11,2100.21,2026-07-22,1
Exportador_08,Estados Unidos,Rosas,1463.2,6.66,9744.91,2026-07-22,2
Exportador_09,Rusia,Gypsophila,1175.5,4.91,5771.7,2026-07-22,7
Exportador_01,Italia,Flores de verano,521.2,4.4,2293.28,2026-07-23,4
Exportador_03,Estados Unidos,Rosas,2409.4,6.9,16624.86,2026-07-23,3
Exportador_07,Estados Unidos,Gypsophila,740.0,4.43,3278.2,2026-07-23,3
Exportador_07,Estados Unidos,Hortensias,296.8,6.39,1896.55,2026-07-23,2
Exportador_05,Alemania,Claveles,349.6,4.01,1401.9,2026-07-24,4
Exportador_09,Estados Unidos,Rosas,511.5,5.98,3058.77,2026-07-24,1
Exportador_01,Estados Unidos,Rosas,585.0,6.4,3744.0,2026-07-25,3
Exportador_01,Estados Unidos,Gypsophila,226.6,4.67,1058.22,2026-07-25,2
Exportador_02,Alemania,Rosas,529.4,7.03,3721.68,2026-07-25,5
Exportador_03,Estados Unidos,Rosas,1000.7,6.64,6644.65,2026-07-25,2
Exportador_02,Estados Unidos,Rosas,1731.8,5.93,10269.57,2026-07-26,1
Exportador_01,Kazajistán,Rosas,1847.2,7.55,13946.36,2026-07-27,8
Exportador_02,Japón,Rosas,436.4,8.13,3547.93,2026-07-27,5
Exportador_02,Rusia,Rosas,758.6,7.92,6008.11,2026-07-27,4
Exportador_12,Rusia,Rosas,527.4,6.97,3675.98,2026-07-27,6
Exportador_01,Estados Unidos,Rosas,1367.4,7.08,9681.19,2026-07-28,1
Exportador_01,Kazajistán,Rosas,652.5,7.97,5200.43,2026-07-28,7
Exportador_01,Estados Unidos,Rosas,2062.2,6.55,13507.41,2026-07-28,3
Exportador_02,Estados Unidos,Rosas,696.5,6.43,4478.49,2026-07-28,2
Exportador_04,Kazajistán,Crisantemos,527.9,3.75,1979.62,2026-07-28,8
Exportador_04,Ucrania,Rosas,158.3,7.06,1117.6,2026-07-28,5
Exportador_02,Kazajistán,Rosas,966.6,7.14,6901.52,2026-07-29,7
Exportador_03,Estados Unidos,Rosas,1241.2,6.78,8415.34,2026-07-29,2
Exportador_05,Rusia,Rosas,322.5,7.11,2292.97,2026-07-29,4
Exportador_06,Rusia,Gypsophila,603.6,5.53,3337.91,2026-07-29,7
Exportador_08,México,Rosas,1567.4,6.15,9639.51,2026-07-29,2
Exportador_01,Rusia,Rosas,1025.4,6.92,7095.77,2026-07-30,5
Exportador_04,España,Rosas,918.3,7.5,6887.25,2026-07-30,4
Exportador_10,Estados Unidos,Rosas,607.3,6.54,3971.74,2026-07-30,3
Exportador_11,Estados Unidos,Rosas,1092.6,6.98,7626.35,2026-07-30,3
Exportador_01,Estados Unidos,Rosas,1682.4,5.94,9993.46,2026-07-31,1
Exportador_02,Alemania,Rosas,597.9,6.88,4113.55,2026-07-31,6
Exportador_03,Alemania,Rosas,772.6,6.71,5184.15,2026-07-31,4
Exportador_03,Estados Unidos,Rosas,478.1,6.0,2868.6,2026-07-31,1
Exportador_11,Rusia,Rosas,753.3,7.47,5627.15,2026-07-31,6
Exportador_13,Países Bajos,Rosas,1076.0,6.19,6660.44,2026-07-31,4
Exportador_02,Kazajistán,Rosas,1254.5,7.58,9509.11,2026-08-01,7
Exportador_03,Estados Unidos,Rosas,280.0,6.88,1926.4,2026-08-01,2
Exportador_03,Estados Unidos,Rosas,1126.7,6.87,7740.43,2026-08-01,1
Exportador_05,Canadá,Flores de verano,516.7,4.14,2139.14,2026-08-01,4
Exportador_05,Estados Unidos,Hortensias,463.7,5.46,2531.8,2026-08-01,2
Exportador_08,Canadá,Claveles,338.8,3.95,1338.26,2026-08-01,2
Exportador_09,Estados Unidos,Rosas,1406.8,6.55,9214.54,2026-08-01,3
Exportador_04,España,Claveles,563.0,3.5,1970.5,2026-08-02,6
Exportador_04,Estados Unidos,Rosas,688.1,6.65,4575.87,2026-08-02,2
Exportador_05,Rusia,Claveles,673.3,3.86,2598.94,2026-08-02,7
Exportador_01,Rusia,Rosas,1012.7,7.47,7564.87,2026-08-03,5
Exportador_01,Estados Unidos,Rosas,432.3,7.0,3026.1,2026-08-03,3
Exportador_02,Estados Unidos,Rosas,1955.6,7.07,13826.09,2026-08-03,3
Exportador_02,Estados Unidos,Rosas,941.6,6.93,6525.29,2026-08-03,1
Exportador_02,España,Rosas,614.6,6.3,3871.98,2026-08-03,6
Exportador_08,Estados Unidos,Rosas,522.7,6.62,3460.27,2026-08-03,2
Exportador_03,Rusia,Rosas,488.5,8.01,3912.88,2026-08-04,4
Exportador_06,Estados Unidos,Rosas,1372.0,6.62,9082.64,2026-08-04,1
Exportador_11,Estados Unidos,Gypsophila,459.5,4.92,2260.74,2026-08-04,1
Exportador_01,Estados Unidos,Rosas,455.8,6.04,2753.03,2026-08-05,2
Exportador_01,Japón,Flores de verano,790.0,5.57,4400.3,2026-08-05,8
Exportador_03,Rusia,Flores de verano,274.0,4.49,1230.26,2026-08-05,7
Exportador_03,Países Bajos,Hortensias,271.5,6.19,1680.59,2026-08-05,6
Exportador_08,Rusia,Rosas,1586.2,8.14,12911.67,2026-08-05,4
Exportador_13,Estados Unidos,Rosas,869.6,6.29,5469.78,2026-08-05,2
Exportador_01,Estados Unidos,Rosas,648.3,6.98,4525.13,2026-08-06,3
Exportador_02,España,Claveles,389.0,3.7,1439.3,2026-08-06,4
Exportador_03,Países Bajos,Rosas,931.3,6.34,5904.44,2026-08-06,5
Exportador_03,Canadá,Rosas,1044.0,6.68,6973.92,2026-08-06,3
Exportador_04,Estados Unidos,Hortensias,330.1,6.18,2040.02,2026-08-06,1
Exportador_04,México,Gypsophila,336.5,4.51,1517.62,2026-08-06,4
Exportador_12,Rusia,Rosas,530.4,7.41,3930.26,2026-08-06,5
Exportador_01,Estados Unidos,Rosas,526.4,6.64,3495.3,2026-08-07,2
Exportador_01,Japón,Gypsophila,2236.1,6.07,13573.13,2026-08-07,7
Exportador_02,Estados Unidos,Flores de verano,175.9,4.27,751.09,2026-08-07,3
Exportador_06,Canadá,Rosas,2390.0,6.16,14722.4,2026-08-07,2
Exportador_10,Alemania,Rosas,708.0,6.72,4757.76,2026-08-07,4
Exportador_11,Japón,Rosas,3156.0,7.53,23764.68,2026-08-07,6
Exportador_12,Estados Unidos,Rosas,962.8,7.04,6778.11,2026-08-07,2
Exportador_14,Chile,Gypsophila,268.7,4.09,1098.98,2026-08-07,4
Exportador_01,Kazajistán,Hortensias,459.7,7.14,3282.26,2026-08-08,5
Exportador_03,Chile,Rosas,1013.4,6.72,6810.05,2026-08-08,4
Exportador_05,Estados Unidos,Gypsophila,545.4,4.28,2334.31,2026-08-08,2
Exportador_07,Italia,Rosas,1339.9,6.86,9191.71,2026-08-08,3
Exportador_13,Canadá,Rosas,1717.5,7.24,12434.7,2026-08-08,2
Exportador_01,Rusia,Hortensias,285.5,7.15,2041.33,2026-08-09,4
Exportador_04,Canadá,Rosas,678.1,7.02,4760.26,2026-08-09,4
Exportador_08,Alemania,Rosas,1549.0,6.72,10409.28,2026-08-09,3
Exportador_09,Estados Unidos,Rosas,806.2,6.98,5627.28,2026-08-09,1
Exportador_13,Kazajistán,Rosas,1144.0,8.56,9792.64,2026-08-09,8
Exportador_01,Ucrania,Crisantemos,475.6,3.45,1640.82,2026-08-10,8
Exportador_01,Estados Unidos,Rosas,1834.6,6.42,11778.13,2026-08-10,3
Exportador_03,Estados Unidos,Rosas,1153.3,6.08,7012.06,2026-08-10,1
Exportador_08,Estados Unidos,Rosas,1606.8,5.96,9576.53,2026-08-10,1
Exportador_11,Estados Unidos,Gypsophila,532.0,4.26,2266.32,2026-08-10,1
Exportador_03,Rusia,Rosas,646.8,6.9,4462.92,2026-08-11,6
Exportador_03,Japón,Gypsophila,1246.1,5.69,7090.31,2026-08-11,6
Exportador_03,Rusia,Flores de verano,652.7,4.43,2891.46,2026-08-11,6
Exportador_04,Rusia,Crisantemos,186.0,3.56,662.16,2026-08-11,7
Exportador_05,Estados Unidos,Rosas,690.5,6.47,4467.53,2026-08-11,1
Exportador_13,Rusia,Rosas,306.3,6.83,2092.03,2026-08-11,4
Exportador_08,Ucrania,Rosas,357.2,7.52,2686.14,2026-08-12,5
Exportador_08,Estados Unidos,Rosas,809.2,6.08,4919.94,2026-08-12,3
Exportador_08,Rusia,Rosas,891.2,7.85,6995.92,2026-08-12,7
Exportador_11,Chile,Rosas,551.6,6.63,3657.11,2026-08-12,4
Exportador_01,Chile,Rosas,399.7,6.68,2670.0,2026-08-13,4
Exportador_01,Japón,Rosas,665.0,8.25,5486.25,2026-08-13,6
Exportador_14,Rusia,Rosas,1098.8,7.45,8186.06,2026-08-13,5
Exportador_02,Canadá,Rosas,693.9,6.66,4621.37,2026-08-14,2
Exportador_02,Estados Unidos,Rosas,246.2,6.93,1706.17,2026-08-14,3
Exportador_04,Alemania,Rosas,532.9,7.05,3756.94,2026-08-14,3
Exportador_12,Países Bajos,Rosas,1186.2,6.58,7805.2,2026-08-14,6
Exportador_01,Estados Unidos,Rosas,1674.7,5.96,9981.21,2026-08-15,2
Exportador_01,Estados Unidos,Rosas,481.6,6.52,3140.03,2026-08-15,1
Exportador_02,Italia,Rosas,666.1,7.2,4795.92,2026-08-15,6
Exportador_04,España,Rosas,417.6,7.46,3115.3,2026-08-15,5
Exportador_13,Estados Unidos,Rosas,1762.5,6.15,10839.38,2026-08-15,3
Exportador_15,Estados Unidos,Gypsophila,497.6,4.85,2413.36,2026-08-15,2
Exportador_03,Ucrania,Rosas,770.4,6.58,5069.23,2026-08-16,4
Exportador_09,España,Gypsophila,922.1,4.84,4462.96,2026-08-16,4
Exportador_11,Estados Unidos,Crisantemos,348.1,3.43,1193.98,2026-08-16,1
Exportador_11,Estados Unidos,Rosas,2574.3,6.16,15857.69,2026-08-16,1
Exportador_13,Ucrania,Rosas,1019.0,6.51,6633.69,2026-08-16,8
Exportador_14,Kazajistán,Flores de verano,1354.1,4.91,6648.63,2026-08-16,7
Exportador_03,Estados Unidos,Rosas,1288.4,7.06,9096.1,2026-08-17,3
Exportador_05,Italia,Gypsophila,1596.8,4.3,6866.24,2026-08-17,4
Exportador_07,Estados Unidos,Gypsophila,1012.5,4.58,4637.25,2026-08-17,1
Exportador_11,Estados Unidos,Rosas,1235.0,6.94,8570.9,2026-08-17,1
Exportador_11,Kazajistán,Rosas,2820.8,8.07,22763.86,2026-08-17,7
Exportador_01,Canadá,Rosas,1647.5,7.16,11796.1,2026-08-18,4
Exportador_01,Estados Unidos,Claveles,178.0,3.35,596.3,2026-08-18,1
Exportador_07,Kazajistán,Rosas,1961.3,7.15,14023.3,2026-08-18,8
Exportador_01,Rusia,Gypsophila,249.4,5.48,1366.71,2026-08-19,6
Exportador_01,México,Rosas,1935.9,6.75,13067.33,2026-08-19,2
Exportador_02,Estados Unidos,Rosas,722.9,6.34,4583.19,2026-08-19,2
Exportador_02,Ucrania,Rosas,656.5,7.05,4628.32,2026-08-19,6
Exportador_02,Chile,Rosas,780.9,6.02,4701.02,2026-08-19,4
Exportador_09,Rusia,Claveles,376.7,4.11,1548.24,2026-08-19,5
Exportador_01,Países Bajos,Rosas,1117.2,6.48,7239.46,2026-08-20,6
Exportador_01,Países Bajos,Rosas,741.8,6.49,4814.28,2026-08-20,6
Exportador_01,Rusia,Gypsophila,385.4,6.88,2651.55,2026-08-20,7
Exportador_02,Rusia,Rosas,496.2,8.47,4202.81,2026-08-20,6
Exportador_02,Estados Unidos,Gypsophila,995.0,4.35,4328.25,2026-08-20,3
Exportador_02,México,Claveles,729.3,3.64,2654.65,2026-08-20,2
Exportador_03,Rusia,Rosas,528.0,9.51,5021.28,2026-08-20,7
Exportador_05,Estados Unidos,Rosas,1361.8,6.17,8402.31,2026-08-20,2
Exportador_07,Italia,Rosas,534.0,7.04,3759.36,2026-08-20,4
Exportador_07,Ucrania,Rosas,1386.9,8.31,11525.14,2026-08-20,5
Exportador_09,Estados Unidos,Rosas,1259.9,6.07,7647.59,2026-08-20,3
Exportador_01,Rusia,Claveles,523.9,4.71,2467.57,2026-08-21,4
Exportador_01,Rusia,Rosas,575.2,10.01,5757.75,2026-08-21,4
Exportador_01,Rusia,Rosas,1304.6,9.45,12328.47,2026-08-21,6
Exportador_01,Estados Unidos,Gypsophila,1096.8,4.42,4847.86,2026-08-21,2
Exportador_01,Kazajistán,Rosas,1381.5,10.19,14077.48,2026-08-21,5
Exportador_01,Chile,Rosas,1383.4,5.89,8148.23,2026-08-21,4
Exportador_02,España,Rosas,1724.0,7.15,12326.6,2026-08-21,6
Exportador_02,Rusia,Rosas,543.9,9.05,4922.3,2026-08-21,7
Exportador_03,Países Bajos,Rosas,820.5,6.19,5078.9,2026-08-21,6
Exportador_05,Estados Unidos,Rosas,861.1,6.71,5777.98,2026-08-21,2
Exportador_07,Canadá,Gypsophila,1114.3,4.52,5036.64,2026-08-21,3
Exportador_08,Estados Unidos,Rosas,598.4,6.13,3668.19,2026-08-21,1
Exportador_10,Italia,Crisantemos,204.7,3.64,745.11,2026-08-21,5
Exportador_10,Rusia,Crisantemos,1427.9,5.04,7196.62,2026-08-21,7
Exportador_14,Rusia,Rosas,959.8,9.72,9329.26,2026-08-21,5
Exportador_14,Chile,Rosas,1066.1,5.61,5980.82,2026-08-21,4
Exportador_03,España,Gypsophila,748.6,5.05,3780.43,2026-08-22,6
Exportador_03,Rusia,Hortensias,325.5,8.21,2672.36,2026-08-22,7
Exportador_05,México,Rosas,503.6,6.27,3157.57,2026-08-22,4
Exportador_06,Países Bajos,Gypsophila,666.6,5.11,3406.33,2026-08-22,4
Exportador_06,Chile,Rosas,1091.4,5.8,6330.12,2026-08-22,2
Exportador_06,Estados Unidos,Gypsophila,346.7,4.05,1404.13,2026-08-22,2
Exportador_06,Estados Unidos,Rosas,3031.6,6.48,19644.77,2026-08-22,1
Exportador_06,Estados Unidos,Rosas,753.1,6.19,4661.69,2026-08-22,1
Exportador_08,Rusia,Gypsophila,871.5,6.22,5420.73,2026-08-22,4
Exportador_01,España,Rosas,601.2,6.95,4178.34,2026-08-23,4
Exportador_01,Países Bajos,Rosas,722.1,7.34,5300.21,2026-08-23,3
Exportador_01,Estados Unidos,Rosas,630.8,6.46,4074.97,2026-08-23,2
Exportador_01,Kazajistán,Rosas,533.3,10.16,5418.33,2026-08-23,9
Exportador_02,Estados Unidos,Rosas,734.1,6.5,4771.65,2026-08-23,3
Exportador_02,Estados Unidos,Crisantemos,399.3,3.02,1205.89,2026-08-23,2
Exportador_04,Rusia,Rosas,2058.7,10.22,21039.91,2026-08-23,5
Exportador_04,Alemania,Rosas,724.7,7.65,5543.96,2026-08-23,5
Exportador_05,Estados Unidos,Rosas,2367.5,6.48,15341.4,2026-08-23,3
Exportador_05,Japón,Rosas,436.1,8.31,3623.99,2026-08-23,6
Exportador_06,Ucrania,Rosas,880.3,8.12,7148.04,2026-08-23,6
Exportador_06,Ucrania,Rosas,656.4,9.15,6006.06,2026-08-23,8
Exportador_10,Países Bajos,Rosas,2117.7,7.17,15183.91,2026-08-23,6
Exportador_01,Estados Unidos,Rosas,667.4,6.45,4304.73,2026-08-24,1
Exportador_01,Rusia,Rosas,2677.0,9.33,24976.41,2026-08-24,5
Exportador_03,Rusia,Rosas,280.5,9.13,2560.97,2026-08-24,4
Exportador_03,México,Rosas,1342.9,6.15,8258.84,2026-08-24,2
Exportador_04,España,Rosas,1001.3,7.41,7419.63,2026-08-24,3
Exportador_05,Japón,Rosas,635.1,7.7,4890.27,2026-08-24,8
Exportador_05,Estados Unidos,Rosas,770.1,6.17,4751.52,2026-08-24,3
Exportador_05,Italia,Rosas,473.8,6.85,3245.53,2026-08-24,5
Exportador_05,Estados Unidos,Rosas,1712.7,6.3,10790.01,2026-08-24,2
Exportador_06,Estados Unidos,Gypsophila,1037.1,4.95,5133.64,2026-08-24,2
Exportador_07,Rusia,Gypsophila,1119.4,6.29,7041.03,2026-08-24,4
Exportador_11,Estados Unidos,Rosas,1752.7,6.03,10568.78,2026-08-24,2
Exportador_01,Canadá,Rosas,1372.3,7.29,10004.07,2026-08-25,3
Exportador_02,Chile,Rosas,827.0,6.38,5276.26,2026-08-25,4
Exportador_03,Canadá,Gypsophila,511.7,4.46,2282.18,2026-08-25,3
Exportador_03,Estados Unidos,Hortensias,478.6,6.21,2972.11,2026-08-25,2
Exportador_03,Estados Unidos,Rosas,1594.2,6.23,9931.87,2026-08-25,3
Exportador_04,Italia,Rosas,960.6,7.18,6897.11,2026-08-25,6
Exportador_05,Rusia,Rosas,966.6,9.38,9066.71,2026-08-25,7
Exportador_08,Japón,Hortensias,309.6,7.59,2349.86,2026-08-25,8
Exportador_10,Ucrania,Flores de verano,840.0,5.86,4922.4,2026-08-25,5
Exportador_01,Rusia,Rosas,707.8,8.61,6094.16,2026-08-26,7
Exportador_01,Estados Unidos,Gypsophila,223.0,4.12,918.76,2026-08-26,3
Exportador_03,Países Bajos,Claveles,501.2,3.74,1874.49,2026-08-26,4
Exportador_03,Rusia,Rosas,531.2,9.47,5030.46,2026-08-26,6
Exportador_11,España,Rosas,895.0,6.15,5504.25,2026-08-26,5
Exportador_14,Ucrania,Gypsophila,570.7,6.33,3612.53,2026-08-26,7
Exportador_15,Rusia,Gypsophila,1676.6,5.96,9992.54,2026-08-26,4
Exportador_01,Japón,Gypsophila,535.5,5.32,2848.86,2026-08-27,8
Exportador_01,Rusia,Rosas,1281.8,9.97,12779.55,2026-08-27,7
Exportador_06,Estados Unidos,Rosas,753.5,7.06,5319.71,2026-08-27,1
Exportador_13,Canadá,Rosas,757.7,7.24,5485.75,2026-08-27,2
Exportador_01,Rusia,Gypsophila,701.1,6.92,4851.61,2026-08-28,6
Exportador_01,Estados Unidos,Rosas,626.2,6.02,3769.72,2026-08-28,3
Exportador_01,Rusia,Rosas,2195.7,9.21,20222.4,2026-08-28,6
Exportador_02,Rusia,Rosas,1374.1,8.89,12215.75,2026-08-28,5
Exportador_03,Japón,Rosas,1180.7,8.37,9882.46,2026-08-28,5
Exportador_08,Estados Unidos,Rosas,1202.8,6.16,7409.25,2026-08-28,3
Exportador_08,Rusia,Rosas,520.4,9.54,4964.62,2026-08-28,5
Exportador_13,Estados Unidos,Rosas,1074.7,6.95,7469.17,2026-08-28,1
Exportador_01,Kazajistán,Rosas,799.5,9.79,7827.1,2026-08-29,9
Exportador_01,Estados Unidos,Rosas,647.3,6.09,3942.06,2026-08-29,1
Exportador_01,Rusia,Rosas,726.3,9.71,7052.37,2026-08-29,7
Exportador_03,Países Bajos,Rosas,1303.7,7.16,9334.49,2026-08-29,5
Exportador_03,México,Rosas,2365.8,6.09,14407.72,2026-08-29,4
Exportador_04,Kazajistán,Rosas,923.0,10.16,9377.68,2026-08-29,7
Exportador_10,Estados Unidos,Rosas,647.1,6.0,3882.6,2026-08-29,3
Exportador_10,Estados Unidos,Rosas,558.4,6.39,3568.18,2026-08-29,2
Exportador_02,Estados Unidos,Rosas,381.8,6.68,2550.42,2026-08-30,3
Exportador_02,Rusia,Gypsophila,1346.0,6.64,8937.44,2026-08-30,7
Exportador_03,Rusia,Rosas,981.4,9.49,9313.49,2026-08-30,7
Exportador_07,España,Rosas,1926.4,6.63,12772.03,2026-08-30,3
Exportador_01,Estados Unidos,Rosas,1058.6,6.64,7029.1,2026-08-31,1
Exportador_01,Kazajistán,Claveles,335.7,4.91,1648.29,2026-08-31,7
Exportador_02,Estados Unidos,Flores de verano,276.5,4.33,1197.25,2026-08-31,1
Exportador_02,Alemania,Rosas,603.0,7.68,4631.04,2026-08-31,5
Exportador_01,Rusia,Rosas,1146.6,8.06,9241.6,2026-09-01,4
Exportador_01,Ucrania,Rosas,476.0,7.86,3741.36,2026-09-01,7
Exportador_01,Estados Unidos,Rosas,226.5,6.89,1560.59,2026-09-01,2
Exportador_02,Estados Unidos,Rosas,827.2,6.91,5715.95,2026-09-01,3
Exportador_03,Estados Unidos,Rosas,695.1,7.07,4914.36,2026-09-01,2
Exportador_06,Estados Unidos,Rosas,1300.8,6.22,8090.98,2026-09-01,1
Exportador_07,Italia,Rosas,776.4,6.29,4883.56,2026-09-01,6
Exportador_01,Estados Unidos,Rosas,530.2,6.52,3456.9,2026-09-02,1
Exportador_03,Canadá,Claveles,479.6,3.54,1697.78,2026-09-02,4
Exportador_06,Rusia,Hortensias,340.6,6.9,2350.14,2026-09-02,4
Exportador_11,Estados Unidos,Rosas,676.2,6.84,4625.21,2026-09-02,2
Exportador_01,Estados Unidos,Rosas,1051.8,6.24,6563.23,2026-09-03,1
Exportador_01,Canadá,Rosas,494.8,7.3,3612.04,2026-09-03,3
Exportador_02,Chile,Rosas,584.6,6.02,3519.29,2026-09-03,3
Exportador_03,Estados Unidos,Rosas,835.7,7.09,5925.11,2026-09-03,1
Exportador_04,Estados Unidos,Rosas,554.7,6.24,3461.33,2026-09-03,3
Exportador_06,Estados Unidos,Rosas,1080.3,6.99,7551.3,2026-09-03,2
Exportador_07,Chile,Rosas,1478.4,6.52,9639.17,2026-09-03,3
Exportador_08,Países Bajos,Rosas,280.3,7.3,2046.19,2026-09-03,5
Exportador_08,Estados Unidos,Rosas,1103.2,7.04,7766.53,2026-09-03,2
Exportador_09,Estados Unidos,Rosas,1278.2,6.36,8129.35,2026-09-03,3
Exportador_01,Estados Unidos,Rosas,1233.9,6.49,8008.01,2026-09-04,1
Exportador_02,Kazajistán,Rosas,959.2,7.48,7174.82,2026-09-04,9
Exportador_04,México,Rosas,1502.1,5.93,8907.45,2026-09-04,4
Exportador_05,Estados Unidos,Rosas,315.5,7.13,2249.51,2026-09-04,2
Exportador_06,Estados Unidos,Flores de verano,323.8,4.17,1350.25,2026-09-04,3
Exportador_08,Canadá,Rosas,1040.0,6.56,6822.4,2026-09-04,4
Exportador_10,Rusia,Gypsophila,265.7,5.06,1344.44,2026-09-04,7
Exportador_10,Estados Unidos,Claveles,343.6,3.84,1319.42,2026-09-04,3
Exportador_01,Canadá,Gypsophila,640.9,5.2,3332.68,2026-09-05,4
Exportador_01,Rusia,Hortensias,492.5,6.29,3097.82,2026-09-05,5
Exportador_02,Estados Unidos,Gypsophila,334.9,4.11,1376.44,2026-09-05,1
Exportador_02,Rusia,Rosas,427.8,7.14,3054.49,2026-09-05,4
Exportador_04,Estados Unidos,Rosas,758.3,6.11,4633.21,2026-09-05,1
Exportador_05,Países Bajos,Rosas,1258.9,7.19,9051.49,2026-09-05,3
Exportador_07,Japón,Rosas,1111.5,7.52,8358.48,2026-09-05,5
Exportador_11,Estados Unidos,Flores de verano,187.5,4.21,789.38,2026-09-05,3
Exportador_01,Estados Unidos,Crisantemos,321.3,3.16,1015.31,2026-09-06,2
Exportador_01,España,Rosas,2155.0,6.79,14632.45,2026-09-06,3
Exportador_01,Rusia,Rosas,1427.5,6.96,9935.4,2026-09-06,5
Exportador_04,Chile,Rosas,648.2,6.39,4142.0,2026-09-06,3
Exportador_14,México,Rosas,691.1,6.01,4153.51,2026-09-06,2
Exportador_01,Ucrania,Rosas,622.3,7.46,4642.36,2026-09-07,5
Exportador_01,Estados Unidos,Claveles,443.6,3.37,1494.93,2026-09-07,2
Exportador_06,Japón,Flores de verano,442.1,5.35,2365.24,2026-09-07,8
Exportador_07,Rusia,Rosas,632.7,7.23,4574.42,2026-09-07,5
Exportador_08,España,Gypsophila,1444.4,5.05,7294.22,2026-09-07,5
Exportador_01,Estados Unidos,Rosas,707.2,6.79,4801.89,2026-09-08,3
Exportador_01,Países Bajos,Rosas,1076.6,6.84,7363.94,2026-09-08,4
Exportador_01,Estados Unidos,Rosas,1180.8,6.51,7687.01,2026-09-08,2
Exportador_02,Estados Unidos,Rosas,704.3,5.92,4169.46,2026-09-08,2
Exportador_05,Estados Unidos,Flores de verano,355.6,4.31,1532.64,2026-09-08,1
Exportador_06,Canadá,Rosas,999.6,7.28,7277.09,2026-09-08,3
Exportador_06,Estados Unidos,Flores de verano,510.8,4.0,2043.2,2026-09-08,2
Exportador_06,Estados Unidos,Rosas,1509.2,6.22,9387.22,2026-09-08,2
Exportador_07,Rusia,Rosas,589.3,7.66,4514.04,2026-09-08,7
Exportador_09,Estados Unidos,Rosas,1696.3,6.07,10296.54,2026-09-08,3
Exportador_09,Kazajistán,Rosas,792.7,7.3,5786.71,2026-09-08,9
Exportador_01,Estados Unidos,Rosas,1046.5,6.97,7294.1,2026-09-09,3
Exportador_01,Chile,Claveles,227.1,3.47,788.04,2026-09-09,3
Exportador_02,Estados Unidos,Gypsophila,580.1,4.32,2506.03,2026-09-09,2
Exportador_04,Estados Unidos,Rosas,331.5,6.56,2174.64,2026-09-09,3
Exportador_04,Países Bajos,Rosas,1043.6,6.56,6846.02,2026-09-09,6
Exportador_05,Estados Unidos,Hortensias,1032.4,6.18,6380.23,2026-09-09,1
Exportador_08,Ucrania,Rosas,944.0,7.66,7231.04,2026-09-09,8
Exportador_09,Estados Unidos,Rosas,767.6,7.09,5442.28,2026-09-09,2
Exportador_01,Japón,Rosas,704.0,7.93,5582.72,2026-09-10,8
Exportador_01,Kazajistán,Gypsophila,902.7,5.42,4892.63,2026-09-10,6
Exportador_01,Ucrania,Rosas,695.8,7.7,5357.66,2026-09-10,5
Exportador_02,Japón,Claveles,450.1,4.84,2178.48,2026-09-10,6
Exportador_03,Estados Unidos,Rosas,1523.6,6.81,10375.72,2026-09-10,3
Exportador_03,Rusia,Rosas,1797.9,7.0,12585.3,2026-09-10,4
Exportador_04,Alemania,Rosas,1067.4,7.66,8176.28,2026-09-10,6
Exportador_09,Japón,Gypsophila,1368.0,5.9,8071.2,2026-09-10,8
Exportador_01,Países Bajos,Claveles,742.7,3.55,2636.59,2026-09-11,3
Exportador_01,Rusia,Rosas,313.6,8.02,2515.07,2026-09-11,5
Exportador_01,Estados Unidos,Rosas,2743.4,6.6,18106.44,2026-09-11,1
Exportador_01,Chile,Flores de verano,251.7,3.57,898.57,2026-09-11,3
Exportador_05,Estados Unidos,Gypsophila,1352.6,4.31,5829.71,2026-09-11,1
Exportador_05,Estados Unidos,Rosas,789.3,6.45,5090.98,2026-09-11,1
Exportador_05,Estados Unidos,Rosas,2212.9,6.0,13277.4,2026-09-11,3
Exportador_05,Países Bajos,Rosas,879.2,6.33,5565.34,2026-09-11,4
Exportador_06,Estados Unidos,Rosas,1638.1,6.02,9861.36,2026-09-11,2
Exportador_01,Japón,Flores de verano,258.1,5.55,1432.46,2026-09-12,8
Exportador_01,Ucrania,Rosas,1267.5,7.63,9671.02,2026-09-12,6
Exportador_02,Canadá,Rosas,262.3,7.44,1951.51,2026-09-12,2
Exportador_05,Estados Unidos,Hortensias,556.7,6.04,3362.47,2026-09-12,2
Exportador_10,México,Gypsophila,216.1,4.27,922.75,2026-09-12,3
Exportador_02,Estados Unidos,Rosas,940.3,6.64,6243.59,2026-09-13,3
Exportador_02,Chile,Rosas,1017.0,6.64,6752.88,2026-09-13,2
Exportador_02,Japón,Rosas,419.5,7.8,3272.1,2026-09-13,5
Exportador_04,Estados Unidos,Rosas,1163.6,6.71,7807.76,2026-09-13,3
Exportador_05,Estados Unidos,Rosas,327.5,5.88,1925.7,2026-09-13,1
Exportador_08,Rusia,Rosas,319.3,7.16,2286.19,2026-09-13,4
Exportador_08,Estados Unidos,Rosas,766.3,6.52,4996.28,2026-09-13,1
Exportador_15,Chile,Hortensias,199.9,5.33,1065.47,2026-09-13,3
Exportador_01,Italia,Rosas,302.3,7.45,2252.14,2026-09-14,5
Exportador_01,Estados Unidos,Rosas,1175.2,6.77,7956.1,2026-09-14,1
Exportador_09,Kazajistán,Rosas,887.7,8.16,7243.63,2026-09-14,9
Exportador_13,Estados Unidos,Rosas,2245.3,5.92,13292.18,2026-09-14,2
Exportador_01,Italia,Rosas,547.2,6.42,3513.02,2026-09-15,4
Exportador_02,Alemania,Rosas,647.4,6.67,4318.16,2026-09-15,3
Exportador_03,Rusia,Rosas,866.5,7.24,6273.46,2026-09-15,7
Exportador_07,Rusia,Rosas,837.7,7.67,6425.16,2026-09-15,5
Exportador_08,Estados Unidos,Gypsophila,641.8,4.07,2612.13,2026-09-15,3
Exportador_09,Japón,Rosas,846.5,7.61,6441.87,2026-09-15,6
Exportador_09,Estados Unidos,Rosas,694.4,6.12,4249.73,2026-09-15,2
Exportador_09,Estados Unidos,Gypsophila,213.4,4.82,1028.59,2026-09-15,2
Exportador_01,Rusia,Rosas,564.4,8.17,4611.15,2026-09-16,6
Exportador_05,Estados Unidos,Rosas,495.4,6.27,3106.16,2026-09-16,3
Exportador_01,Estados Unidos,Rosas,779.6,7.0,5457.2,2026-09-17,1
Exportador_01,Canadá,Crisantemos,302.1,3.09,933.49,2026-09-17,2
Exportador_02,Estados Unidos,Gypsophila,592.8,4.89,2898.79,2026-09-17,2
Exportador_02,Canadá,Rosas,601.5,6.46,3885.69,2026-09-17,4
Exportador_01,Rusia,Flores de verano,440.1,5.0,2200.5,2026-09-18,4
Exportador_07,Estados Unidos,Rosas,310.7,6.74,2094.12,2026-09-18,3
Exportador_09,Estados Unidos,Rosas,2879.1,6.77,19491.51,2026-09-18,1
Exportador_01,Países Bajos,Gypsophila,841.8,4.8,4040.64,2026-09-19,6
Exportador_01,Kazajistán,Rosas,1135.8,7.74,8791.09,2026-09-19,9
Exportador_04,Alemania,Flores de verano,409.0,4.39,1795.51,2026-09-19,3
Exportador_09,Países Bajos,Rosas,1211.0,7.46,9034.06,2026-09-19,5
Exportador_13,Rusia,Rosas,2411.0,7.43,17913.73,2026-09-19,7
Exportador_15,México,Rosas,566.4,6.01,3404.06,2026-09-19,2
Exportador_01,Países Bajos,Rosas,989.1,6.83,6755.55,2026-09-20,3
Exportador_03,Estados Unidos,Rosas,1555.1,7.03,10932.35,2026-09-20,2
Exportador_01,México,Crisantemos,132.3,3.11,411.45,2026-09-21,3
Exportador_01,Rusia,Hortensias,431.0,6.67,2874.77,2026-09-21,4
Exportador_03,Estados Unidos,Rosas,642.9,6.54,4204.57,2026-09-21,3
Exportador_07,Países Bajos,Rosas,693.5,6.51,4514.68,2026-09-21,5
Exportador_08,España,Gypsophila,865.9,5.02,4346.82,2026-09-21,4
Exportador_10,Canadá,Rosas,1033.8,7.27,7515.73,2026-09-21,4
Exportador_11,Estados Unidos,Crisantemos,329.0,3.26,1072.54,2026-09-21,3
Exportador_15,Países Bajos,Rosas,859.8,6.63,5700.47,2026-09-21,5
Exportador_02,Chile,Rosas,1068.1,5.69,6077.49,2026-09-22,4
Exportador_08,Chile,Claveles,315.9,3.42,1080.38,2026-09-22,3
Exportador_09,Estados Unidos,Crisantemos,686.0,2.98,2044.28,2026-09-22,1
Exportador_13,Rusia,Gypsophila,426.3,5.54,2361.7,2026-09-22,4
Exportador_13,Rusia,Rosas,742.8,7.38,5481.86,2026-09-22,6
Exportador_13,Estados Unidos,Rosas,2021.3,7.01,14169.31,2026-09-22,3
Exportador_01,Canadá,Rosas,1085.3,7.37,7998.66,2026-09-23,3
Exportador_01,Estados Unidos,Rosas,274.6,6.97,1913.96,2026-09-23,2
Exportador_03,Estados Unidos,Rosas,633.5,6.9,4371.15,2026-09-23,2
Exportador_04,Alemania,Rosas,1360.4,7.28,9903.71,2026-09-23,5
Exportador_07,Japón,Rosas,2481.6,8.9,22086.24,2026-09-23,8
Exportador_09,Alemania,Rosas,735.2,6.76,4969.95,2026-09-23,3
Exportador_12,Japón,Rosas,657.7,7.58,4985.37,2026-09-23,6
Exportador_14,Rusia,Rosas,460.3,8.04,3700.81,2026-09-23,7
Exportador_15,Alemania,Gypsophila,215.7,4.62,996.53,2026-09-23,3
Exportador_01,Estados Unidos,Claveles,384.9,3.56,1370.24,2026-09-24,2
Exportador_02,Estados Unidos,Gypsophila,358.9,4.62,1658.12,2026-09-24,3
Exportador_03,Canadá,Hortensias,240.5,5.77,1387.68,2026-09-24,3
Exportador_03,Japón,Rosas,3141.2,7.35,23087.82,2026-09-24,5
Exportador_03,Canadá,Claveles,1061.7,3.65,3875.2,2026-09-24,2
Exportador_10,Estados Unidos,Hortensias,132.9,5.76,765.5,2026-09-24,3
Exportador_12,México,Rosas,1406.2,6.52,9168.42,2026-09-24,4
Exportador_13,Estados Unidos,Rosas,1308.8,6.16,8062.21,2026-09-24,2
Exportador_01,Países Bajos,Rosas,726.2,6.55,4756.61,2026-09-25,6
Exportador_05,Canadá,Rosas,897.8,7.47,6706.57,2026-09-25,4
Exportador_05,Italia,Gypsophila,700.0,4.37,3059.0,2026-09-25,5
Exportador_02,Estados Unidos,Crisantemos,161.0,3.28,528.08,2026-09-26,2
Exportador_02,Italia,Gypsophila,267.8,5.08,1360.42,2026-09-26,5
Exportador_07,Japón,Rosas,773.2,7.7,5953.64,2026-09-26,5
Exportador_08,Estados Unidos,Rosas,1404.4,6.5,9128.6,2026-09-26,2
Exportador_14,Estados Unidos,Rosas,648.0,6.92,4484.16,2026-09-26,1
Exportador_01,Países Bajos,Rosas,673.4,6.35,4276.09,2026-09-27,4
Exportador_01,Rusia,Rosas,644.3,7.64,4922.45,2026-09-27,7
Exportador_01,Ucrania,Rosas,650.9,7.46,4855.71,2026-09-27,4
Exportador_02,Estados Unidos,Flores de verano,271.3,4.27,1158.45,2026-09-27,2
Exportador_02,México,Claveles,656.2,3.51,2303.26,2026-09-27,3
Exportador_15,Rusia,Rosas,883.4,7.12,6289.81,2026-09-27,5
Exportador_02,Rusia,Flores de verano,85.9,4.47,383.97,2026-09-28,7
Exportador_02,Kazajistán,Rosas,739.8,7.49,5541.1,2026-09-28,7
Exportador_02,Rusia,Rosas,1241.5,7.62,9460.23,2026-09-28,7
Exportador_02,Estados Unidos,Rosas,744.5,6.81,5070.05,2026-09-28,1
Exportador_03,Chile,Gypsophila,335.3,4.25,1425.03,2026-09-28,3
Exportador_04,Rusia,Rosas,589.5,6.99,4120.61,2026-09-28,5
Exportador_07,Kazajistán,Rosas,693.2,7.14,4949.45,2026-09-28,5
Exportador_15,Chile,Rosas,1753.2,6.61,11588.65,2026-09-28,3
Exportador_01,Chile,Rosas,970.3,5.9,5724.77,2026-09-29,3
Exportador_02,México,Rosas,1439.1,6.67,9598.8,2026-09-29,4
Exportador_03,Estados Unidos,Rosas,638.8,6.89,4401.33,2026-09-29,2
Exportador_06,Países Bajos,Rosas,707.5,7.48,5292.1,2026-09-29,4
Exportador_06,Ucrania,Rosas,322.9,7.62,2460.5,2026-09-29,4
Exportador_07,Italia,Rosas,668.0,7.38,4929.84,2026-09-29,6
Exportador_09,Estados Unidos,Gypsophila,449.7,4.4,1978.68,2026-09-29,3
Exportador_09,España,Rosas,960.5,7.06,6781.13,2026-09-29,4
Exportador_10,Chile,Rosas,874.7,6.33,5536.85,2026-09-29,3
Exportador_13,Rusia,Hortensias,436.0,7.23,3152.28,2026-09-29,5
Exportador_13,Estados Unidos,Gypsophila,201.3,4.87,980.33,2026-09-29,2
Exportador_15,Estados Unidos,Rosas,390.3,6.79,2650.14,2026-09-29,2
Exportador_01,Estados Unidos,Gypsophila,631.0,4.09,2580.79,2026-09-30,1
Exportador_01,Estados Unidos,Gypsophila,837.6,4.51,3777.58,2026-09-30,2
Exportador_02,Chile,Rosas,460.8,6.72,3096.58,2026-09-30,4
Exportador_03,Estados Unidos,Rosas,970.2,6.05,5869.71,2026-09-30,1
Exportador_04,Estados Unidos,Rosas,1270.1,6.88,8738.29,2026-09-30,3
Exportador_04,México,Rosas,1081.9,6.59,7129.72,2026-09-30,3
Exportador_04,Estados Unidos,Rosas,851.6,6.94,5910.1,2026-09-30,3
Exportador_08,Estados Unidos,Crisantemos,655.0,3.35,2194.25,2026-09-30,1
Exportador_08,Estados Unidos,Rosas,2130.3,6.45,13740.44,2026-09-30,2
Exportador_11,Rusia,Rosas,416.5,7.11,2961.32,2026-09-30,4
Exportador_12,Estados Unidos,Hortensias,213.2,6.38,1360.22,2026-09-30,3
Exportador_15,Países Bajos,Gypsophila,271.6,4.41,1197.76,2026-09-30,4
